index,websites
0,inter-faithcare.org
1,jeffersoncityrehabcenter.com
2,heritagehousenursing.com
3,montowesehrc.com
4,lindalespecialtycare.com
5,mercednursinghcc.com
6,midwest-center.com
7,heritagegardensrehab.com
8,mobilemedicalcare.org
9,lakelandsnursingandrehab.org
10,iriny.org
11,kenwoodvillagehc.com
12,mobilexray.com
13,meadowbrookappleton.com
14,lacountynephrology.com
15,missioncarmichael.com
16,lifequestfla.org
17,hiramhealthandrehab.com
18,lynwoodrehab.com
19,lhsperrysburggov.com
20,mapbt.com
21,kidscareclinic.com
22,libertyvillageofrochelle.com
23,meridiancarealice.com
24,lakelandcare.com
25,menorahlife.org
26,hickory-creek.net
27,memphisconvalescent.com
28,knoxvillebehavioralmedicine.com
29,immanuelcares.com
30,heartwoodavehc.com
31,hometownfamilymedical.com
32,infinityrehab.com
33,meadowbrookofgranby.com
34,medilodgeofludington.com
35,lindamanor.org
36,masonicvillagelafayettehill.org
37,lakesidenursing.com
38,mhcoliving.org
39,meadowoodnc.com
40,milxray.com
41,medilodgeofsterlingheights.com
42,jolietcare.com
43,homesteadmiddle.com
44,letchermanor.com
45,morrisonkids.org
46,kohud.kendal.org
47,madisonhealthandrehab.com
48,holyfamilymedical.com
49,matlockplace.com
50,lynncare.org
51,losbanospostacute.com
52,hnrcenter.com
53,marianhome.com
54,keysvillehealth.com
55,lamaestra.org
56,immacare.org
57,highlandmanornh.com
58,mentalhealthms.com
59,meadowbrookbrf.com
60,lrh.ernesthealth.com
61,lascrucesvillage.com
62,manzanitahc.com
63,manhattanviewrehab.com
64,kandtdiagnostic.com
65,hudsonwidehealthcare.com
66,lhsouthbury.com
67,mainwestpostacute.com
68,hiawathacarecenter.com
69,medilodgeofwestwood.com
70,mobilexrayultrasound.com
71,legendoakswaxahachie.com
72,montcalmcare.net
73,littlesistersofthepoorpalatine.org
74,lakeviewrhc.com
75,katherinehc.com
76,losaltossubacute.com
77,marthalloyd.org
78,lanierrehab.com
79,huntingtonparkcompletecare.com
80,iccare.org
81,magnoliaok.com
82,lakemontgomeryhrc.com
83,meridenrehab.com
84,lincolnmeadowscarecenter.com
85,masonicvillageelizabethtown.org
86,hospitalmetrosangerman.com
87,meadowbrookbhc.com
88,meadvilleconvalescent.com
89,labellehrc.com
90,info.ncdhhs.gov
91,medilodgeofsaultstemarie.com
92,marincityclinic.org
93,mobileimagingllc.com
94,maryannanursinghome.com
95,manchestercenterrehab.com
96,metrocommunityhealthcenter.org
97,kidneygroup.com
98,heritagelongview.com
99,lowryhillscare.org
100,kingstonofmiamisburg.com
101,luvernehealthandrehab.com
102,m.covenanthealthcare.com
103,morganorchards.com
104,mheds.org
105,montefioreeinsteinadvancedcare.org
106,leakesvillerehab.com
107,irondalepostacute.com
108,md-plus.webflow.io
109,lprenaissance.com
110,maplewindsrehab.com
111,menifeelakespostacute.com
112,mdmasonichomes.com
113,mountaineerhealth.org
114,lhs.lamarcountyschools.org
115,kidtherapy.org
116,laurelparkrehab.com
117,members.bardstownchamber.com
118,medilodgeofeastlansing.com
119,kingstonresidenceofperrysburg.com
120,laurelwoodclc.cesltc.com
121,livingbranches.org
122,ihshawaii.org
123,mcgregoramasa.org
124,hhsil.com
125,kingstonresidenceofsylvania.com
126,louisvillegardenshc.com
127,labahianursing.com
128,hillview.wlcfirm.com
129,medilodgeofgaylord.com
130,kidsruspediatrics.com
131,lewisandclark.sd25.us
132,lakeplacidhrc.com
133,manchesterhc.com
134,legacyrehabandliving.com
135,henryrehab.com
136,heritageturnerpark.com
137,hemethillspa.com
138,kymha.com
139,jefferson.sd25.us
140,masonichomeny.org
141,hillsidemanorrehab.com
142,hpsnf.com
143,mcdowell.k12.nc.us
144,hopehealthvegas.org
145,legacyfortsmith.com
146,highspringspediatricsandprimarycare.com
147,lincolnresidentialms.com
148,meadowbrookhc.com
149,legacypleasantgrove.com
150,magnoliamanorgreenwood.com
151,mesavistahealthcenter.com
152,medilodgeofplymouth.com
153,lakesidepa.com
154,liveatthevirginian.com
155,kennybrookvillage.com
156,healthychildren.org
157,hilltopblueriver.com
158,maconvalley.com
159,montevistahills.com
160,landmarkplano.com
161,members.nmhca.org
162,monarchmn.com
163,kearsleyrehab.com
164,llchc.org
165,kcatexoma.com
166,homeandhealthcaremanagement.com
167,monroeregionalhospital.com
168,hospitalpaviacaguas.com
169,lsh.ernesthealth.com
170,mainplacepostacute.com
171,islandnursing.org
172,hopedialysiscare.com
173,lakewoodhr.com
174,mahnomenhealth.org
175,meadowparkrehabhc.com
176,lennwood.com
177,lasestancias.yourpurehealth.com
178,lindsaygardenshc.com
179,magnoliagardenshc.com
180,highplainshealth.org
181,home.army.mil
182,lyon-martin.org
183,medilodgeofgreenview.com
184,meadowbrookmcf.com
185,legacytcr.com
186,lumcfs.org
187,medicinebowhealthcenter.weebly.com
188,midtownemeadowshealth.com
189,mountainviewcarecenter.net
190,mghwv.net
191,hydeparkrehab.com
192,healthsolutionsforme.org
193,idahokidney.com
194,meadowparkrehabilitation.com
195,mountainyouthacademy.net
196,juliatemple.com
197,heathermanornursingandrehab.com
198,heritageplacedecatur.com
199,hearthstonenn.com
200,hfcckc.org
201,heritageparkrehab.com
202,leahi.hhsc.org
203,kirk.tricare.mil
204,linevillehealthandrehab.com
205,meadowviewrehab.com
206,littlesistersofthepoordelaware.org
207,midlandchs.org
208,johnknox.com
209,homewoodfrederick.com
210,mckinleyhc.com
211,homeplaceatmidway.christiancarecommunities.org
212,lapalomahealthcare.com
213,kempcarecenter.com
214,lifecarefhdc.org
215,heritagedialysis.com
216,indianadonornetwork.org
217,highlandoakshc.com
218,matulaitisnh.org
219,kensingtoncareandrehab.com
220,hunterspondrehabilitation.com
221,miamishoresrehab.com
222,hibbardnursinghome.com
223,monroefamilymedicine.com
224,lifecirclewhc.com
225,lascolinaspa.com
226,meadowsridge.com
227,iamsupports.org
228,hospitalpaviayauco.com
229,johnclarkeseniorliving.org
230,morganhillhc.com
231,lorainhealth-dentistry.org
232,lucascountyhealth.com
233,lakes-area-health-center.com
234,healthservicesntx.org
235,henryjaustin.org
236,kidz1stclinic.com
237,ivyparkpa.com
238,majesticgardensrehab.com
239,mansionsunbury.com
240,horizonhealthfresno.com
241,lancasterhcg.com
242,ludemanpflc.org
243,hospitalpaviapr.com
244,medilodgeofmidland.com
245,lck8.org
246,hilltopprimarycare.com
247,longwoodmanorhc.com
248,kidshealthalliance.com
249,montgomeryrehabcenter.com
250,lomalindapa.com
251,lingenfeltercenter.com
252,midwestnephrologyassociates.com
253,marlboroughhillsrehab.com
254,louisville.edu
255,mountaloysius.org
256,mccallrehab.com
257,morningstarcares.com
258,mapleviewrehab.com
259,maplewoodrehab.com
260,meadowbrookchetek.com
261,jamumd.com
262,mcintoshseniorliving.com
263,kitcarsonnr.com
264,matagordanr.com
265,iowahealthcare.org
266,kingcounty.gov
267,missourimobileradiology.com
268,imboden-seniors.wlcfirm.com
269,hillsiderehabhc.com
270,medilodgeofrogerscity.com
271,lakepleasanthealthcare.com
272,meadowbrookhealth.com
273,magnoliapostacute.com
274,locations.lhcgroup.com
275,integrityrehab.net
276,lyonsphysicaltherapy.com
277,mohun.org
278,hessmernh.com
279,hwnova.org
280,missourislope.com
281,memphispt.com
282,midwestcovenanthome.org
283,henryettacommunityskilled.com
284,libertyvillageofmaryville.com
285,margaterehab.com
286,katytrailcommunityhealth.org
287,maryhillmanor.org
288,landmark-lc.com
289,maplelawn.org
290,intercommunitycare.com
291,jhsmh.org
292,highlandoakselgin.org
293,joplinhealthandrehab.com
294,lifelineofohio.org
295,jamesrivernursingandrehabilitation.com
296,mednorth.org
297,middleparkhealth.org
298,mineralwellsnursing.com
299,moscowmedical.com
300,islandlakecenter.com
301,mohs.covingtoncountyschools.org
302,larchwoodcare.com
303,hospitaldelaconcepcion.com
304,missionpalmspa.com
305,lhcliving.com
306,littlesistersofthepoorlouisville.org
307,morningsidecenter.com
308,marycampbellcenter.org
309,lemongrovecare.com
310,kirkwoodbytheriver.com
311,hospitaldrsusoni.com
312,marycrestculvercity.com
313,kingstonresidenceoffortwayne.com
314,meadowparkcare.com
315,manilahealthcarecenter.com
316,kensingtonhospital.org
317,mgmhealthcare.com
318,lafayettesurgical.com
319,mcpl.info
320,mayflowerhomes.com
321,moracares.org
322,hickoryheightshr.com
323,mountainmeadowshealthandrehabilitation.com
324,hialeahshoresrehab.com
325,kerenscare.com
326,lasierracarecenter.com
327,kerrlakecare.com
328,maplegrovewr.com
329,hillsiderehabhospital.org
330,metairiehc.com
331,lakeworthrehabilitation.com
332,holloman.tricare.mil
333,hometownhealthcenters.org
334,hilltopmeridian.com
335,lindenwoodsvillage.com
336,maplewoodhealthpa.com
337,huntingdonhealth.com
338,local.aarp.org
339,horizonphysicaltherapy.com
340,mfc-health.org
341,linleyparkpa.com
342,masoncreektransitional.com
343,lakelandhealthcarecenter.com
344,hendrixhealthandrehab.com
345,lutheranrehab.com
346,libertyvillageofpittsfield.com
347,lakesidehealthandrehab.com
348,lapalmanc.com
349,highlightaurora.com
350,lungandwellnesscenters.com
351,mimbresvalleymedicalgroup.com
352,maconrhc.com
353,midcarolinafm.com
354,locations.muschealth.org
355,montefiorenewrochelle.org
356,heberthealthcenter.com
357,hunterdoncarecenter.com
358,kingwoodok.com
359,lij.northwell.edu
360,marylandheightsbehavioralhealth.com
361,littlesistersofthepoorpittsburgh.org
362,jeffersontownrehab.com
363,luxeatjupiter.com
364,medfordleas.org
365,helens-house.com
366,kadokanursinghome.com
367,kalispellrehab.com
368,hofh.org
369,hidesertclinics.charityfinders.com
370,indigomanor.com
371,mercyhousingct.org
372,metrocompmc.com
373,millermanor.com
374,mapleghc.com
375,jamestownhealth.org
376,healthyconnectionscmhc.org
377,homesteadbehavioralhealth.com
378,keystone-pointe.net
379,homesteaddenison.com
380,legacydialysis.com
381,mesaspringsvillage.com
382,markleyrehab.com
383,lfis.hcai.ca.gov
384,kingdavidnursing.org
385,jerseyshorepostacute.com
386,lhcp.squarespace.com
387,lexingtonhealthrehab.com
388,huntnursinghome.org
389,lincolncrawford.com
390,hpcks.org
391,mercermanor.com
392,lakeridgept.com
393,linncomm.org
394,heatherhill-care.net
395,mountainhome.tricare.mil
396,lutherhome.org
397,jawonio.org
398,medilodgeoflivingston.com
399,mansfieldmedicallodge.com
400,healthy.arkansas.gov
401,mountaincresthc.com
402,manoratgreendale.com
403,hospitaldamas.com
404,lampstandnursing.com
405,labellaofedwardsville.com
406,heritagesnt.com
407,highlandhillsmc.com
408,motherofmercymn.org
409,hillcrestpryor.com
410,littlesistersofthepoorstpaul.org
411,lfhs.sfhs.org
412,intermountainpt.com
413,lawrencerehabhc.com
414,mhawny.org
415,holgatecenter.org
416,kennedycarecenter.com
417,livingcenter.com
418,mhs.sfhs.org
419,losarcoscarecenter.com
420,jonesbororehabcenter.com
421,kwcarehome.com
422,loyalhannacc.com
423,houghtonrnc.com
424,miravistarehab.com
425,melbournenursingandrehab.com
426,hilltopparkrehab.com
427,ihtscassociates.com
428,lakelodgenursing.com
429,mcclurepa.yolocare2.com
430,jones.ashevillecityschools.net
431,libertyvillageofclinton.com
432,mapleknoll.org
433,libertyvillageoffreeport.com
434,mccn.org
435,lifelinepartners.com
436,medilodgeofalpena.com
437,lionsgateccrc.org
438,lafamiliasf.org
439,midlandshealthandrehab.com
440,henrico.gov
441,kprehab.com
442,medfordrnc.com
443,isbellmedical.com
444,indianahealthonline.org
445,momentum4all.org
446,menno-olivetcarecenter.org
447,lilacsilverpalms.com
448,medray-inc.com
449,menloparkpa.com
450,hillcrestcommons.org
451,manhattanvillehealthcare.com
452,homeofmaine.com
453,lancastermo.com
454,highlandparkcare.org
455,littlesistersofthepoorindianapolis.org
456,littlevillagenursing.com
457,magnoliamanorgreenville.com
458,missionrehab.com
459,hillside.com
460,inglesideonline.org
461,locations.geisinger.org
462,lifepath.org
463,maplemanorrehab.com
464,minot.tricare.mil
465,largohc.com
466,johnknoxvillage.com
467,missouri.kvc.org
468,missionridgerehab.com
469,jvsrehab.com
470,minidokamemorial.org
471,hubbardhill.org
472,klondikenursing.com
473,mapletoncare.com
474,hhcashland.com
475,ivyrehab.com
476,kominmedicalgroup.com
477,meadowbrookrehabilitation.com
478,mennohaven.org
479,morningsidenrc.com
480,hospitalpaviaarecibo.com
481,mcnr.org
482,lacrescentahealthcarecenter.com
483,masseyeandear.org
484,highlandrehabandnursing.com
485,hhproviders.org
486,imperialcarecenter.com
487,lindsayhospital.com
488,hrcsnf.com
489,livia-health.com
490,hospitalmenonitacima.com
491,mentalhealthmke.org
492,marlora.com
493,medilodgeofcheboygan.com
494,lindenplacecnr.com
495,luthermemorialhome.com
496,marthafranks.com
497,mountainviewnursing.com
498,miramontbh.com
499,horshamhc.com
500,lexingtonscrehab.com
501,ludlowecenterhealth.com
502,maplegroveseniorlivingllc.com
503,lakemariamhrc.com
504,medilodgeofhowell.com
505,kinnichealthcare.com
506,mariposaptcenter.com
507,lifelinkfoundation.org
508,mcphd.net
509,mmliving.org
510,lutheransunset.org
511,holycrossvillage.org
512,holycrosshc.org
513,immanuel.com
514,mchs-healthcare.org
515,kiamichimed.org
516,lakelandnursingandrehab.com
517,mdsdigitalxray.com
518,kingsburgcenter.com
519,libertymedsurg.com
520,homesa.org
521,heinzerling.org
522,hillsidenursingcenter.com
523,karcherpa.com
524,ledgewood.me
525,mehop.org
526,lexingtonml.com
527,montgomeryrehabhc.com
528,mammothhospital.org
529,longwoodhrc.com
530,lacasahealth.com
531,lakeemorypostacutecare.com
532,members.careoklahoma.com
533,mcr.health
534,lenbrook-atlanta.org
535,lakesatlutz.com
536,jaspermountain.org
537,littlesistersofthepoorphiladelphia.org
538,merrillpt.com
539,maysvillenursing.com
540,lafayettehabilitation.org
541,mhchealthcare.org
542,ligacancerpr.org
543,maconcountytn.gov
544,legendgladewater.com
545,hhcseniorservices.org
546,leonardvillenh.org
547,littlesistersofthepoorwashingtondc.org
548,laconrehab.com
549,jacksonfeild.org
550,minutemanmedicine.com
551,lifebridgesonline.com
552,keywhitman.com
553,madisoncountynursinghome.com
554,hoskinsmedicalcenter.com
555,mapletoncommunityhome.com
556,katherinesplace.org
557,mainstreetruralhealth.com
558,marylandgardenspa.com
559,hmdrpila.com
560,kippindy.org
561,lakevillageclinic.com
562,heritagehealthcareandrehab.com
563,hillviewclc.cesltc.com
564,jaymedical.com
565,luxerehabcenter.com
566,humphreyscountynursinghom.squarespace.com
567,missionpointhealthcare.com
568,midwestmobileimaging.com
569,luxeatwellington.com
570,hmrveteranservices.com
571,midlandsbehavioralhealth.com
572,montereyparkcare.com
573,laurelbrookrehab.com
574,mcgehee-ar.hospitalscenter.com
575,leemanor.com
576,keraltyhospital.com
577,hosting.servicecenter1.com
578,lakesdialysis.com
579,locations.musckids.org
580,mediv8.com
581,inglewoodhealthcarecenter.com
582,heartlandyouthvillage.com
583,hopeclnc.org
584,libertyvillageofcentralia.com
585,manhattanrehabcenter.com
586,lakeviewmanornh.com
587,midlandathome.org
588,inclusivcare.com
589,highlandmeadowshealth.com
590,miamispringsrehab.com
591,medilodgeofgrandrapids.com
592,littletesoros.com
593,marymounthcs.org
594,landmark-br.com
595,kearneycenter.org
596,littlebrooknursinghome.com
597,moragapa.com
598,indianriverrehabilitation.com
599,hometownhealthcenter.org
600,hospitalguadalajara.com
601,mountainfamily.org
602,hvhcc.com
603,hospitalpaviahr.com
604,ketchammemorial.com
605,highbridgewoodycrestcenter.com
606,libertyvillageofjerseyville.com
607,mcguirememorial.org
608,montecitocare.com
609,hechealth.com
610,jaffreyrnc.com
611,highfieldgardens.com
612,lifqhc.com
613,marygoff.rpsb.us
614,medilodgeofmunising.com
615,millelacsband.com
616,laurelbay.net
617,ifhcgf.org
618,masonhc.com
619,mountaincityrehab.com
620,mchcwi.org
621,lavidabuenahc.com
622,livingstonmanorcare.com
623,middlesboronursing.com
624,lanessacare.com
625,idahocfc.org
626,maybrookhills.com
627,knollwoodcommunity.org
628,medschool.vcu.edu
629,hillsidevillagedesoto.com
630,lsssd.org
631,hilltopnhr.com
632,lassennrc.com
633,madisonvillecarecenter.com
634,momentoussid.com
635,lifegen.net
636,livingmeadows.com
637,losalamoswellness.com
638,hospitalmetropolitanopr.com
639,livingwell.org
640,kinon.org
641,malmstrom.tricare.mil
642,mercymedicalhealth.com
643,huntsvillehc.com
644,minniehughes.ccsdschools.com
645,lbucommunityclinic.org
646,memorycareeaston.com
647,hurricanehealthandrehab.com
648,lonestarcares.org
649,medilodgeofkalamazoo.com
650,matadornursing.com
651,mhweb.org
652,lutheranlifecommunities.org
653,knoxhospital.org
654,kensingtonrehab.com
655,huntingtonhrc.com
656,mosaicch.org
657,medspecialtyclinic.com
658,maplehealthandrehab.com
659,mossernursinghome.org
660,locations.dignityhealth.org
661,madisoncourtms.com
662,kingsharbor.com
663,lutherparkcommunity.org
664,mennofriend.com
665,mentalhealthrehabs.com
666,heartlandnursingrehab.com
667,margarettietz.org
668,jewishhomeroc.org
669,louisburghrc.com
670,memphisjewishhome.org
671,merrittphysicaltherapy.com
672,innovativelife.org
673,huntingtonhillscenter.com
674,leisurechateau.com
675,innovativerenal.com
676,legendnewbraunfels.com
677,lp.ddouglas.k12.or.us
678,hopecarecenter.org
679,medilodgeofmonroe.com
680,hhrms.com
681,kirbypines.com
682,hhcinc.org
683,montclaircarecenter.com
684,laurelseniorliving.com
685,mattawacommunitymedicalclinic.org
686,lascruceswellness.com
687,knightdxlabs.ohsu.edu
688,mhs.madisonk12.net
689,ilaonline.org
690,medilodgeoflansing.com
691,lawrencerehabhospital.com
692,lakeviewpa.com
693,lionsrehab.com
694,lasatacampus.com
695,hillsboroclinic.com
696,midwestfamilyofcompanies.com
697,hillcrestcare.org
698,millsboro.cadiahealthcare.com
699,meadowbrookcarecenter.com
700,lauderdaleclc.cesltc.com
701,lamesahealthcare.com
702,montpeliersurgery.com
703,homesteadrhcc.com
704,mchcny.org
705,hillcresthome.org
706,mbmanor.org
707,lasellvillage.com
708,hialeahhosp.org
709,milestonesofdevelopment.org
710,mms.pocahontas.k12.wv.us
711,hilltophome.org
712,MediLodgeofRochesterHills.com
713,manoratperrysburg.com
714,knollwoodtn.com
715,mcleancarecenter.com
716,lchs.leslie.kyschools.us
717,midlothianhealthcare.com
718,libertyvillageofprinceton.com
719,mountainvista.net
720,helenamedicalgroup.com
721,magnoliamanorspartanburg.com
722,legendnorthwesthouston.com
723,mayfieldcrc.com
724,hemetfamilyclinic.com
725,medilodgeofcampusarea.com
726,medicalassociatesofsoutheastky.com
727,mccriteplaza.com
728,martinsvillerehab.com
729,lilacbayview.com
730,jwchinstitute.org
731,immunizenevada.org
732,hollycreekcommunity.com
733,mccormickpa.com
734,livingwellhealthcare.net
735,milnerhealthcare.org
736,jephysicaltherapy.com
737,kinstonhealth.org
738,krusevillage.com
739,johnsoncountyhr.com
740,momentousvan.com
741,laurelparkbhc.com
742,libertycenterhc.com
743,healthtexas.org
744,menorahhousenursing.com
745,jaxrenal.com
746,lifeatthecardinal.com
747,lakecharlescarecenter.com
748,iwsfamilyhealth.org
749,kirkwoodmanor.com
750,merrimancare.com
751,hillcrestcarecenter.net
752,lakeprincewoods.org
753,lbvhealthandaesthetics.com
754,medilodgeofhillman.com
755,mercycircle.org
756,jamestownhealingclinic.org
757,mactown.org
758,lhs.lewistonpublicschools.org
759,mn.gov
760,mannapostacute.com
761,medlinkga.org
762,madiganestates.com
763,houstoncentralcare.com
764,millcroftliving.com
765,king.portlandschools.org
766,hudsonvillephysicaltherapy.com
767,mallardbayrehab.com
768,homewoodplumcreek.com
769,heritagepointerhc.com
770,landesmobile.com
771,lakecityrehabcenter.com
772,montereypalmshealthcarecenter.com
773,kidronbethel.org
774,katapoltdev.com
775,legacyestateltc.com
776,heritagesquarehealthcarecenter.com
777,martinsvillephysicaltherapy.com
778,holidayresorts.net
779,moorecountyclinic.com
780,jacobhealthcare.com
781,millmanorcare.com
782,highlandpineshealthandrehab.com
783,lec.org
784,juniperhealth.org
785,littlebirch.brax.k12.wv.us
786,ksmobilesolutions.com
787,highvalleylodge.com
788,lthcc.com
789,heatherwoodrehab.com
790,medilodgeofcapitalarea.com
791,missionphysicalrehabilitation.com
792,kingmanor.com
793,littlesistersofthepoorpawtucket.org
794,legacynursingrehab.com
795,miami.salvationarmyflorida.org
796,medilodgeoftaylor.com
797,izardregionalhospital.com
798,mayohc.org
799,marinercapitaladvisors.com
800,malleytcc.com
801,jenarehabcenter.com
802,keystonehealth.org
803,hia-mt.org
804,monument.health
805,mainstreetfamilymedicine.us
806,lakesidecrh.com
807,hitesite.org
808,marshs-edge.com
809,jacksongardensrehab.com
810,kendallvillemanor.com
811,laurelbrook.org
812,montevistarehab.com
813,manawacommunitylivingcenter.net
814,mountainvilla.net
815,lakeportseniorliving.com
816,medicalmgmthealth-rehab.com
817,manokinrehab.com
818,lerevedallas.com
819,hudsonvalleyrehabilitation.com
820,kingwoodotpt.com
821,lchcommunityhealth.org
822,midsouthmentalhealth.org
823,hudsonviewrehab.com
824,institute.org
825,mountainviewrehab.net
826,lifecarecenterofthewillows.com
827,magnoliamanorrockhill.com
828,mercedbehavioral.com
829,montclairmanor.com
830,hhs.hattiesburgpsd.com
831,macdill.tricare.mil
832,midvalleycommunityclinic.com
833,morselife.org
834,morrisview.com
835,juliamanornursingandrehab.com
836,lomitarehab.com
837,healthsourcept.com
838,maplewoodparkplace.com
839,lopezislandhd.org
840,lbhealthcenter.com
841,hilltophealthcc.com
842,ibnrc.org
843,job-haines.org
844,hempfieldmanor.com
845,highlandpalmshc.com
846,jacksonmedicalmall.org
847,jamestownplacerehab.com
848,littlesistersofthepoorbaltimore.org
849,hillcrestnc.com
850,mbhci.org
851,melbourneterracerehab.com
852,laurelcirclelcs.com
853,luxormillspond.com
854,lexpremier.com
855,highlandsquarerehabhc.com
856,mabanknc.com
857,hulseytherapy.com
858,jordanhealth.org
859,hospitalmetrocaborojo.com
860,lakeviewnursingcenter.com
861,mariashealth.org
862,integrityuc.com
863,indianhealthcenter.org
864,lancasterhealthcenter.com
865,holladayhealthcare.net
866,mirasolgreenhousehomes.org
867,jbs.branfordschools.org
868,icltexas.com
869,labellaofdanville.com
870,kissito.org
871,methwick.org
872,mercykidsrehab.com
873,mariannamedicalclinic.com
874,majesticrehab.com
875,iowapca.org
876,mastercarept.com
877,mountainridgehr.com
878,martingeneral.com
879,krohnclinic.com
880,holidaymanorcc.com
881,liveonnebraska.org
882,hoffmanhomes1910.org
883,imperialhcc.com
884,jewishboard.org
885,hopewellcenter.org
886,khs.sfhs.org
887,lucycorr.org
888,luke.tricare.mil
889,monarch.pricelessmisc.com
890,lagunahillshealth.com
891,lakebdd.org
892,heartsworthseniorliving.com
893,mchd.org
894,magnoliapeds.com
895,landmarknursingcare.com
896,legendkyle.com
897,hotspringshealth.com
898,madridhome.com
899,michigantherapyinstitute.com
900,lssnetworkofhope.org
901,kennebunkcenterrehab.com
902,langleyhealth.com
903,medicalservicesunlimitedvandaliail.com
904,lulingcarecenter.com
905,mercyatlanta.org
906,lawrencehealthcarecenter.com
907,lahaciendarehabcare.com
908,huntingtonparknursingcenter.com
909,medicalhillhc.com
910,locustgrovevillage.com
911,lifeline-therapy.com
912,maryannmorse.org
913,houstonmobilexray.com
914,monarchnc.org
915,jupiterrehab.com
916,jclewishealth.org
917,lamarcountyschools.org
918,mansionnursing.com
919,lasventanascarecenter.com
920,midcoastcentral.com
921,kingston-center.facilities.centershealthcare.org
922,hilltophrc.com
923,ivyhallnursinghome.com
924,hendricksmn.net
925,millingtonhc.com
926,miamioh.edu
927,independentdialysisgroup.com
928,medilodgeofmarshall.com
929,lagrangenc.com
930,lakebennetrehab.com
931,medallionparc.com
932,kingspointmedicalimaging.com
933,mahoneyhouse.org
934,hillcountrynursingandrehab.com
935,henricohealthrehab.com
936,mnmasonichomes.org
937,longislandcarecenter.com
938,hyattfamilyfacilities.com
939,intouchseniorservices.com
940,legendwestsanantonio.com
941,milltownhealth.com
942,medilodgeofsterling.com
943,libertyclc.cesltc.com
944,motusheals.com
945,medilodgeattheshore.com
946,medilodgeofholland.com
947,meadowlakesonline.org
948,longbeachnrc.com
949,houltonregional.org
950,massenarnc.com
951,losangeles.tricare.mil
952,inspirationhillsrehab.com
953,mountainview-pa.com
954,modestohcc.com
955,imperialvhc.com
956,insightcoldwater.org
957,jacksonvillekidney.com
958,lebanoncenterrehab.com
959,healthwellnessok.com
960,islehrc.com
961,libertyhealthandrehab.com
962,marletteregionalhospital.org
963,landmarkmedicalcenter.net
964,mountainviewcarecenteraz.com
965,momentousfran.com
966,hollandhome.org
967,jcnh.org
968,hellenicnursingandrehabilitationcenter.org
969,miltonhealthpa.com
970,lasbrisasrehabsuites.com
971,kadimaluzerne.com
972,mobile.twinmaples.comcastbiz.net
973,lacombecare.com
974,hertfordrehab.com
975,ifhs.org
976,hmhb-lifts.org
977,kenedyhealth.com
978,medclinicpc.com
979,kingstonresidenceofvermilion.com
980,hms.hsdlions.org
981,longwoodclc.cesltc.com
982,lynchburghealthrehab.com
983,lemontcenter.com
984,jibarron.rpsb.us
985,lbjtmc.org
986,mendocinocoastclinics.org
987,lph.hospital
988,morrisparkrehab.com
989,mapems.org
990,lostcreekhcc.com
991,lynnchc.org
992,montellomanor.com
993,mhmrtarrant.org
994,lalgbtcenter.org
995,mckinleyparkcarecenter.com
996,libertydialysis.com
997,midcityofbr.com
998,ltclicensing.oregon.gov
999,mountainlaurelrehab.com
1000,lakevillagenursing.com
1001,kentmerenursing.com
1002,majesticcarecenter.com
1003,lacanadacarecenter.com
1004,lamarestatesllc.com
1005,mcdowellwellness.com
1006,medicine.howard.edu
1007,imperialcresthc.com
1008,maplecrestnursing.com
1009,medilodgeofclare.com
1010,mobilexrayaustin.com
1011,lindenpa.com
1012,huntregionalmedicalpartners.org
1013,maplegrovecare.com
1014,jrfnj.org
1015,molokaichc.org
1016,kidneycares.com
1017,missionhillspostacute.com
1018,lasvegasmedicalgroup.com
1019,medilodgeofsouthfield.com
1020,lavidaserenanursing.com
1021,mcknightplace.com
1022,locator.lacounty.gov
1023,lotusvillagecnr.com
1024,homesteadltc.com
1025,medilodgeoffarmington.com
1026,lcca.com
1027,kenwoodviewhrc.com
1028,jewishhome.org
1029,liberty.floridahealth.gov
1030,indianhills.sd25.us
1031,littlesistersofthepoorkansascity.org
1032,kcarehome.com
1033,moundridgemanor.net
1034,healthy-connections.org
1035,highlandrnc.com
1036,mistywillowhealthcare.com
1037,lincolnwoodhc.com
1038,kpchc.org
1039,minnesotamobileexams.com
1040,krproviders.com
1041,medlifediagnostic.com
1042,mexialtc.com
1043,houstonkidney.care
1044,lhshealth.com
1045,lhsbarbertongov.com
1046,honeygrovenursing.com
1047,lexingtonrenalcare.com
1048,medilodgeofshoreline.com
1049,heartwoodec.com
1050,lajollanursingandrehab.com
1051,jrmcnd.com
1052,medical-imaging-services.cmac.ws
1053,imperialhealthcarenj.com
1054,hyndmanhealth.org
1055,hillcrest-fs.org
1056,mosaichealth.org
1057,millenniumpostacute.com
1058,lorettocny.org
1059,mccombrehabcenter.com
1060,mountainviewpostacute.com
1061,medilodgeofwyoming.com
1062,landmark-lv.com
1063,medilodgeofokemos.com
1064,hhhcenter.com
1065,kidsgetwell.com
1066,lecom.edu
1067,landmarkofelkhorn.com
1068,marinecreeknursing.com
1069,hemphillcarecenter.com
1070,heritagesquarehcc.com
1071,labellaofclifton.com
1072,heartlandseniorlivingmn.org
1073,medilodgeofgtc.com
1074,millersgrant.org
1075,labellaofalton.com
1076,meadowcreekpostacute.com
1077,homeofhope.com
1078,hillsiderehabilitation.com
1079,logansquarerehab.com
1080,hendersonhealth.net
1081,midsouthtransplant.org
1082,lakeportpa.com
1083,innovate-pt.com
1084,madrasmedicalgroup.com
1085,integratedptservices.com
1086,kensingtonhrc.com
1087,lawrencenursingcarecenter.com
1088,lafayettemanor.net
1089,legacyofhope.org
1090,idahocommunitycare.com
1091,med.stanford.edu
1092,moundvillehealthandrehab.com
1093,lynwoodhcc.com
1094,martinluthercampus.com
1095,homestead-hills.com
1096,huntsvillehealthcarecenter.com
1097,maefairhcc.com
1098,horizon-health.org
1099,holidayretirement.com
1100,legendgarland.com
1101,heritage-hcs.com
1102,hollywoodpremier.com
1103,leisurecourtnc.com
1104,lakewaycare.com
1105,highviewnorthampton.com
1106,hh.health
1107,ivapostacute.com
1108,krhc.com
1109,incompasshc.org
1110,hospitalsanfranciscopr.com
1111,kickapootexas.org
1112,jurupahillspa.com
1113,hilltophc.com
1114,milfordrehab.com
1115,laurelridgehcc.com
1116,lotusnursing.care
1117,mcclayseniorcare.com
1118,ladylakesc.com
1119,highlandparkhealthcare.com
1120,metrocrestchamber.chambermaster.com
1121,hms-nm.org
1122,miravistacourt.com
1123,ma.care-one.com
1124,kschristianhome.org
1125,healthwin.org
1126,lluh.org
1127,huntercreekhealthandrehab.com
1128,marytinc.com
1129,inmanhealthcare.com
1130,koolauloachc.org
1131,johnsislandpa.com
1132,lanaihealth.org
1133,hillcountryclinic.org
1134,highlandhillspa.com
1135,jenkins.hickoryschools.net
1136,janepauleychc.org
1137,manteocommunityhealthcenter.org
1138,libertyvillageofcarbondale.com
1139,meadowbrookrhc.com
1140,lakecityscrantonhc.com
1141,kmpps.ukhc.org
1142,jgslifecare.org
1143,mesunhealthservices.com
1144,heritagemanorcare.com
1145,millbrookhealthcare.net
1146,hillviewretirement.org
1147,marillachealth.org
1148,lighthousecarecenters.com
1149,mennonitevillage.org
1150,menorahparkofcny.com
1151,hside.org
1152,midtownoaks.com
1153,hospitals.vchca.org
1154,longprairiehealth.com
1155,marysvillepostacute.com
1156,intercare.org
1157,luthermanor.com
1158,mid-delta.org
1159,jacksonridgehc.com
1160,lacoba.org
1161,mercytn.org
1162,lawtondialysis.com
1163,homedialysistherapies.com
1164,lcmanor.com
1165,kidneykare.com
1166,momentumrehab.com
1167,heartland.wlcfirm.com
1168,magnoliasquarenursingandrehab.com
1169,magnoliaridgerehab.com
1170,heritagehillsrehab.com
1171,majesticmtn.com
1172,legendsouthsanantonio.com
1173,llcs.dph.illinois.gov
1174,locations.sevitahealth.com
1175,landmarkamarillo.com
1176,medilodgeofstclair.com
1177,jrchc.org
1178,kenrock.org
1179,hilltoplodgehrc.com
1180,hes.covingtoncountyschools.org
1181,homesiderehab.com
1182,littlesistersofthepoorsanfrancisco.org
1183,imperialmanor.net
1184,medilodgeoffrankenmuth.com
1185,highlandslakecenter.com
1186,libertyvillageofperu.com
1187,libertypointstaunton.com
1188,medwiseuc.com
1189,missioncareandrehab.com
1190,hill.tricare.mil
1191,mahec.net
1192,lakesidehrc.com
1193,mesaviewmedical.com
1194,individualcarecenter.com
1195,hospitals.goodbill.com
1196,mhsi.org
1197,kccare.org
1198,medilodgeofmontrose.com
1199,medicalcentersetexas.org
1200,marywoodheights.org
1201,medcura.org
1202,meadowbrookocontofalls.com
1203,jsbhs.wcs.k12.va.us
1204,interlochenhealth.com
1205,highlandparkrehab.com
1206,md.rcm.upr.edu
1207,maryhealth.com
1208,mapleleafhcc.com
1209,lschc.org
1210,ltbbodawa-nsn.gov
1211,innercare.org
1212,millersmerrymanor.com
1213,manderleyhealth.com
1214,lakewoodpa.com
1215,kagmanchc.org
1216,medilodgeoftawascity.com
1217,main.sbcounty.gov
1218,mionawebsite.com
1219,marylandbaptistagedhome.org
1220,kingstonofashland.com
1221,helpinghands-project.org
1222,jesliving.com
1223,klamathhealth.org
1224,mentalhealth.networkofcare.org
1225,mountainutahfamilymedicine.com
1226,hoegerhousekc.org
1227,magicvalleykidney.com
1228,manzanodelsol.com
1229,monarchcenterforautism.org
1230,meridiangalveston.com
1231,ichome.org
1232,lilliancarterhealthandrehab.com
1233,mcprs.org
1234,lanecounty.org
1235,mcconnell.tricare.mil
1236,mortonhealth.com
1237,marywade.org
1238,marshalls-healthcare.com
1239,menomoniedental.com
1240,heritageofcare.com
1241,mms.madisonk12.net
1242,hopetherapycenter.net
1243,iex.openminds.com
1244,maquoketacarecenter.com
1245,holidayhill.net
1246,medilodgeofyale.com
1247,lifespire.org
1248,lcnw.org
1249,lmxr.com
1250,missoulafoodbank.org
1251,integritytherapy.me
1252,hillsidenursingrehab.com
1253,keefemh.org
1254,missionch.net
1255,lexingtonhrc.com
1256,mcsherr.com
1257,hopkinsnursingrehab.com
1258,hilltopparkpa.com
1259,medilodgeofgrandblanc.com
1260,lpconv.com
1261,larksfield.org
1262,littlesistersofthepoorconnecticut.org
1263,holyfamilyhospital.org
1264,missionvalleypa.com
1265,laclinica.org
1266,leroyvillagegreen.com
1267,hopehousehouston.org
1268,hgcastaner.com
1269,magnoliagardenscnr.com
1270,kgrehab.com
1271,lakeshorepediatric.com
1272,legacy-nursing.com
1273,horizonglendale.com
1274,hillcrestcarecenter.wordpress.com
1275,joshuatreepostacute.com
1276,meadowwindhc.com
1277,michiganmasons.org
1278,liladoyle.com
1279,marinpostacute.com
1280,medilodgeofmtpleasant.com
1281,lakeforestvillage.com
1282,heronskey.org
1283,livingstonpostacute.com
1284,maluhia.hhsc.org
1285,helenevanshome.com
1286,lincolnchc.org
1287,heartlandhealth.org
1288,longmeadowhealthcare.com
1289,mo-ozarks.org
1290,mcallentransitionalcare.com
1291,maclayhealth.com
1292,kyakameena.net
1293,jolleyacreshealthcarecenter.com
1294,jacksonridgerehab.com
1295,lhshillsborogov.com
1296,minneapolishrc.com
1297,masonicvillagewarminster.org
1298,modernmobileradiology.com
1299,lakebalboacarecenter.com
1300,heritagelivingcenterar.com
1301,lacamascreekpa.com
1302,lincolnnursinghome.org
1303,insideoutys.org
1304,homesteadlexhc.com
1305,heartsnhands.us
1306,hprc.net
1307,margaretemoul.org
1308,memorialnursinghome.com
1309,medilodgeofcasscity.com
1310,lonestarmobilexray.com
1311,meadowlakeokc.com
1312,littlesistersofthepoorqueens.org
1313,mcleancare.org
1314,legendennis.com
1315,mindworksrehab.com
1316,kempsvillecbh.com
1317,midneluth.com
1318,morrowhome.org
1319,montevistahcc.com
1320,meridiannursinghome.com
1321,mcknightclinic.org
1322,legacyoflifehawaii.org
1323,heartlandcarecenter.com
1324,lagunarainbow.org
1325,libertyvillageofmarion.com
1326,libertyhealthcarecenter.com
1327,howardbrown.org
1328,mesahillspa.com
1329,lakemanassashealthrehab.com
1330,montgomeryplace.org
1331,mercyrehab.com
1332,meadowbrookvillage.org
1333,jeffersoncityhc.com
1334,lakesidenorth.org
1335,magnolialr.com
1336,highlandrehabofcascadia.com
1337,lincolnvillagehc.com
1338,kyrhc.com
1339,maderarehab.com
1340,lawrencevillehealth.com
1341,hearthstonewoodstock.org
1342,knollsofoxford.org
1343,kalex.kendal.org
1344,hillcrestnh.org
1345,lakes-litchfield.com
1346,mainevets.org
1347,lonetreepa.com
1348,magnolialanecare.com
1349,merryheart.com
1350,lakeparkcare.com
1351,libertypointerhc.com
1352,laurellakeshc.com
1353,houseofbread.com
1354,jacksonvillehealthandrehab.com
1355,jdmc.org
1356,morristownhc.com
1357,morningstarpostacute.com
1358,mckinneyhealthcare.net
1359,leemillerrehab.com
1360,lawndale.org
1361,kelleroakshealth.com
1362,kingdavidrehab.com
1363,mchcpr.org
1364,mountainviewnursingcenter.com
1365,licommunityhospital.org
1366,lrrh.ernesthealth.com
1367,monroviamemorial.com
1368,kempercountyms.gov
1369,henderson.health
1370,huntingtondrivehcc.com
1371,johnstownheights.com
1372,monroerehabilitation.com
1373,missioncarecenter.com
1374,highpointhealthpartners.com
1375,mlnda.buncombeschools.org
1376,linnmanor.com
1377,millercountycare.com
1378,homewoodwilliamsport.com
1379,middleburgrehab.com
1380,hospitalmetroutuado.com
1381,millbrae-carecenter.com
1382,lvdhealthcenter.com
1383,hickorynetwork.com
1384,hickoryvillagecare.com
1385,lynnwoodparc.com
1386,milestone-inc.org
1387,lafe-ep.org
1388,mainstreetpt.net
1389,medilodgeofporthuron.com
1390,laclinicadefamilia.org
1391,hpnursing.com
1392,horizonhealthandrehab.com
1393,mccreamanorhc.com
1394,laestima.org
1395,millcreekcnr.com
1396,hillsnursing.com
1397,laclinicahealth.org
1398,katedishmanrehab.com
1399,highbridgehc.com
1400,manchestermanorch.com
1401,manaxray.squarespace.com
1402,masonicvillagesewickley.org
1403,keotahealthcarecenter.com
1404,heritageridgesl.com
1405,hpwohio.org
1406,mountainmanorskillednursing.com
1407,highcresthospital.com
1408,loudounrehab.com
1409,mbhdistrict.org
1410,kidscornerpediatrics.com
1411,keltechmanagement.com
1412,heritagegardenshrc.com
1413,hhhinfo.com
1414,jewishhomefreehold.org
1415,hoodriverpa.com
1416,highdeserthemodialysis.com
1417,medilodgeoftraversecity.com
1418,litchfieldwoods.com
1419,lincolnparkcarecenter.com
1420,kirksvillemanor.com
1421,lifequestnursinghome.org
1422,kirtland.tricare.mil
1423,morganrehab.com
1424,inspirebehavioralhealth.com
1425,lindengrovecenter.com
1426,independence-manor.com
1427,hope-medical.com
1428,kklivingcenters.com
1429,missionhealthservices.org
1430,hillsidesb.org
1431,missionpines.com
1432,lifeatheritage.org
1433,lpca.net
1434,les.lamarcountyschools.org
1435,middlewayhouse.org
1436,minervahcc.com
1437,mobilexusa.com
1438,herring.ashevillecityschools.net
1439,libertyvillageofpekin.com
1440,lutheranlivingcommunities.org
1441,m.moorparkfamilymedicalclinic.com
1442,jdlcllc.net
1443,huebnercreekhealth.com
1444,montmarierehab.com
1445,lchealth.com
1446,middletownnursingandrehab.com
1447,marshesofskidaway.org
1448,maunalaninursing.org
1449,hometownclinics.com
1450,hudsonparkrehab.com
1451,holidayhouseportsmouth.org
1452,lms.lcps.net
1453,mchcc.org
1454,keystoneridgerehab.com
1455,middletownparkrehab.com
1456,lakemary.org
1457,medparkwestrehab.com
1458,mjcare.com
1459,medicusdiagnostic.com
1460,medinahealth.org
1461,legendsnwh.com
1462,katahdin-healthcare.com
1463,legendhealthcareparis.com
1464,montebellocc.com
1465,mitchellsnursingandrehab.com
1466,ivruralhealthclinic.com
1467,jacksonmcf.com
1468,lumbercityhc.com
1469,hopkinscenter.com
1470,kohala.hhsc.org
1471,lifecarecenterofsarasota.com
1472,keystonepostacute.com
1473,maimonideshealthcentervb.com
1474,heartlandseniorlivingllc.com
1475,hunterhealth.org
1476,monroviahealth.com
1477,honorcommunityhealth.org
1478,momentousrich.com
1479,luxurydialysis.com
1480,indianriveral.com
1481,keosauquahealthcare.com
1482,hmacare.com
1483,mooringsatlewes.org
1484,indianhaven.com
1485,mchcinc.org
1486,laceypostacute.com
1487,mcdowellcenterforchildren.com
1488,houston-tc.com
1489,medilodgeofmilford.com
1490,mesasprings.com
1491,martinnursing.com
1492,lighthouserehabhc.com
1493,maplespringsliving.com
1494,kidcarela.com
1495,mapleridgehc.com
1496,members.bullittchamber.org
1497,lbhomes.org
1498,littletoncare.com
1499,monroevillepa.com
1500,honorbridge.org
1501,kidneydoctorsofmiami.com
1502,mobilerehabcenter.com
1503,heritagelakesiderehab.com
1504,lscarolinas.net
1505,kenansvillerehab.com
1506,heartofkansas.com
1507,lighthouseacademy.warrencountyschools.org
1508,huntsvillehealthandrehab.com
1509,junipercommunities.com
1510,monumenthg.com
1511,indiancanyonpostacute.com
1512,ipophealth.org
1513,livewell.org
1514,lordchamberlain.net
1515,hudsonmemorialnursing.com
1516,hospitalperea.com
1517,mountainparkhealth.org
1518,levellandcare.com
1519,maseniorcare.org
1520,hebrewcenterrehab.com
1521,legendoaksfortworth.com
1522,monumentrehab.com
1523,moody.tricare.mil
1524,leadingedgepolk.com
1525,hillcrestcares.com
1526,hospitalcompare.io
1527,helmwoodhc.com
1528,montrosehealthcare.com
1529,jaynesfamilypractice.com
1530,krcc-nd.net
1531,lackeymemorialhospital.com
1532,members.dlcchamber.org
1533,mountainviewbh.org
1534,locustridgehc.com
1535,maryford.ccsdschools.com
1536,migrantspr.com
1537,kwchc.net
1538,madisonvillehealthandrehab.com
1539,khccares.com
1540,heritagehousemarshall.com
1541,hiawasseega.gov
1542,jeffcitymanor.com
1543,lifelongmedical.org
1544,magnoliahcrehab.com
1545,heritagevillagenursingcenter.com
1546,highlandrivers.org
1547,mainstreetpedspc.com
1548,losangelesrehabwc.com
1549,midtowncenterfhr.com
1550,medilodgeofrichmond.com
1551,hmcks.org
1552,kidsskillstherapy.wordpress.com
1553,lbclinic.org
1554,maplecrest.net
1555,metcalfeheatlhcare.org
1556,jacobscreekcare.com
1557,metrosouthmedi.wpenginepowered.com
1558,integradialysis.com
1559,medstopone.com
1560,mechs.madisonk12.net
1561,magnolianursingrehab.com
1562,laurelfamilyhealthcenter.com
1563,manatawnymanorpa.com
1564,lrboi-nsn.gov
1565,loganmanorcare.com
1566,litchfordfallshealthrehab.com
1567,legendsofcare.com
1568,millsnr.com
1569,miamicac.org
1570,manitowochrc.com
1571,lakewoodnursingcenter.com
1572,hillsborohouse.org
1573,hrwhite.org
1574,laurelmanorhc.com
1575,imboden-gardens.wlcfirm.com
1576,louisahealthrehab.com
1577,highlinepost.com
1578,lakehousehc.com
1579,hempsteadparknh.com
1580,meadowbrookbloomer.com
1581,kernrivertc.com
1582,medcentercare.com
1583,legendnorthaustin.com
1584,middletown.cadiahealthcare.com
1585,immanuels.com
1586,homewoodmartinsburg.com
1587,hnjh.org
1588,lawrencememorial.info
1589,imrehab.org
1590,hilltophouse.biz
1591,moreheadprimarycare.com
1592,hendersonhealthcare.org
1593,highlightwoodstock.com
1594,loavesfishesministries.org
1595,highlandspringscare.com
1596,mansfieldmedicalimaging.com
1597,kensingtonnursingrehab.com
1598,homelandcenter.org
1599,laurelheightshospital.com
1600,leisureglenrehab.com
1601,hillcrest.ucsd.edu
1602,mcf.isabellacounty.org
1603,members.bryanhealth.com
1604,magnoliacreekrehab.com
1605,meadowviewnursingandrehab.com
1606,heartandmindhc.com
1607,hopeprimaryurgentcare.com
1608,morrowmanor.com
1609,htnrc.org
1610,masonichome.org
1611,kao.kendal.org
1612,kissimmeehrc.com
1613,lindsborghospital.org
1614,medinafamilymedical.com
1615,medilodgeofportage.com
1616,mdsxray.net
1617,hermitagehall.com
1618,mccoyelementary.masd.k12.ms.us
1619,mayflowercarecenter.com
1620,lenoirhealthrehab.com
1621,hopkinsvillefamily.com
1622,lubsnf.com
1623,lynwoodmanor.com
1624,hillcrestnorthdallas.com
1625,morganparkhc.com
1626,legendgreenville.com
1627,jamaicahospitalnursinghome.org
1628,lockhavenhc.com
1629,macombpacc.com
1630,ivyhillpostacute.com
1631,littlesistersofthepoormobile.org
1632,miragepostacute.com
1633,laurelsquarehealthcare.com
1634,hudsonhillrehab.com
1635,lutheran-living.org
1636,mcintoshcare.com
1637,marlboroughhealthcare.com
1638,linwoodmeadows.com
1639,medilodgeofleelanau.com
1640,mn-rc.org
1641,lakelandhillscenter.com
1642,madisonfamilyclinic.com
1643,hero-health.org
1644,midtownhealthne.org
1645,huntersvillehealthrehab.com
1646,laurelridgerehab.com
1647,littlesistersofthepoorchicago.org
1648,morningside.ccsdschools.com
1649,monroehealthcenters.com
1650,jpauljones.com
1651,highland-hr.com
1652,lubbockcarecenter.com
1653,hillcountry.org
1654,cherokeefamilyhealth.com
1655,ccwoodlands.com
1656,christhouse.org
1657,ariachc.org
1658,alpinehealthandrehabcenter.com
1659,baycrestcc.com
1660,chesapeakeshoresnc.com
1661,chatsworthhc.com
1662,centennialmedgrp.com
1663,amhealthpartners.com
1664,baptistretirement.org
1665,scottlakerehab.com
1666,askbhsc.org
1667,auburnopelikaparents.com
1668,slatoncarecenter.com
1669,shipleyliving.com
1670,bartelscommunity.org
1671,castlepinesatlufkin.com
1672,cgphysicaltherapy.com
1673,alliedmobileimaging.com
1674,ccannapolis.com
1675,brentwoodnursinghome.com
1676,catalinacare.com
1677,ccprospectheights.com
1678,bedrock-melbourne.com
1679,artesianhome.com
1680,allurequadcities.com
1681,cbhealthwv.org
1682,adaptoregon.org
1683,shcelms.org
1684,chestertonmanorhealthcare.com
1685,cccofunicoicounty.com
1686,bullhook.com
1687,cherrybrookhcc.org
1688,sierraview.org
1689,burbankhc.com
1690,artificialkidneycenter.com
1691,affinityhealthcenter.org
1692,briarwoodhcc.com
1693,brooksiderehab.com
1694,butterfieldtrailvillage.org
1695,amberwoodcarecentre.com
1696,amarillorehab.org
1697,achc-ks.org
1698,chespenn.org
1699,avamereparkwest.com
1700,bighornhc.com
1701,belltowerskillednursing.com
1702,cedarcrestlife.com
1703,bayonetnursingandrehab.com
1704,augustacenterrehab.com
1705,casasadobesrehab.com
1706,atlanticsportcare.com
1707,cascadesatseniorrehab.com
1708,adamsheritage.org
1709,bellbrookrehab.com
1710,alopexhc.com
1711,arcopportunities.org
1712,scenicrehabcenter.com
1713,business.chamber.owensboro.com
1714,blairehouseofmilford.com
1715,bonhamnursing.com
1716,asherhealth.org
1717,breakwatercommons.com
1718,blossomsatnlr.com
1719,catalystwalkinclinic.com
1720,centerforfamilyhealth.org
1721,ccbayshore.com
1722,sierra-pa.com
1723,berryhillltc.com
1724,berkschc.net
1725,caperegency.com
1726,chickasawnationhealth.net
1727,bucknerparkwayplace.org
1728,aihschgo.org
1729,3riverstherapy.com
1730,cedar-hc.com
1731,americanhealthimaging.com
1732,searscoastalnursingrehab.com
1733,charminglakes.com
1734,bswhealthsunnyvale.com
1735,sichc.org
1736,aydencaretoledo.com
1737,carmelhillswellness.com
1738,abbeyhealthandrehab.com
1739,changeinc.org
1740,ahcseniorcare.com
1741,agawameast.com
1742,brynwoodhrc.com
1743,anaheimhealthcare.com
1744,broadriverrehab.com
1745,cahabamedicalcare.com
1746,centralozarks.org
1747,autumnlakeoverlea.com
1748,silvercresthcr.com
1749,shvnrc.com
1750,seasonshc.com
1751,aviarahealthcare.com
1752,cghcnola.org
1753,californianch.com
1754,bishopmccarthy.org
1755,ambhospital.com
1756,ayershealthandrehab.com
1757,somerwoods.com
1758,business.regionalchamber.com
1759,arlingtongardenscc.com
1760,shorehavenliving.org
1761,ccsummitridge.com
1762,some.org
1763,canterburyrehab.com
1764,bellvillemidcoasthospital.org
1765,bournemanor.org
1766,christusfoundationshreveportbossier.org
1767,brewsterclinic.org
1768,arcofcs.org
1769,ccdawnview.com
1770,bertrandnursingrehab.com
1771,schowalter-villa.org
1772,auburnvillage.com
1773,aventuraatcarriageinn.com
1774,bethanynd.org
1775,amberhillpt.com
1776,agapefamilyhealth.com
1777,beltlinenursing.com
1778,alachuapediatricsandprimarycare.com
1779,ambassadorhealthcare.com
1780,belmonthcc.com
1781,carringtonnd.com
1782,ccbrakeleypark.com
1783,scrfhc.org
1784,alluregeneseo.com
1785,chelseajewish.org
1786,1stchoiceicc.com
1787,affinityhealthmanagement.com
1788,aaronmanor.com
1789,allegriavillage.com
1790,cerritosvista.com
1791,aurorabrulehome.com
1792,cchc-online.org
1793,brandonoaks.net
1794,ccwaynehills.com
1795,brookfieldhealthcare.net
1796,broadwayhouse.org
1797,carltonshoreshrc.com
1798,acclaimrehab.com
1799,californiaterracehc.com
1800,bes.hcsedu.org
1801,avalonhealthcare.com
1802,autumnlakecatonsville.com
1803,buttonfamilypractice.com
1804,aidanhealthservices.com
1805,seacliffhealthcare.com
1806,bertrandchaffee.com
1807,seniorlivinglss.com
1808,bedrock-lakeeustis.com
1809,buffalocrossingsrehab.com
1810,bradleygardens.net
1811,sharinghopesc.org
1812,sherwoodoakshealthcenter.com
1813,brentwoodcenterrehab.com
1814,cbvillage.org
1815,bellflowerpa.com
1816,christiancity.org
1817,armourfamilymedicine.com
1818,amarillomedicallodge.com
1819,brrh.ernesthealth.com
1820,bennetthillscare.com
1821,bluepalmsdaytona.com
1822,ams.ashevillecityschools.net
1823,ccinglemoor.com
1824,broadviewhrc.com
1825,allstatportable.com
1826,centromedsa.com
1827,balchspringshealthandrehab.com
1828,cambridgeplacesv.com
1829,ability-rehab.com
1830,cardinalhayeshome.org
1831,bedford-pa.com
1832,americanrenal.com
1833,able-inc.org
1834,bayharborrehab.com
1835,business.spichamber.com
1836,seacrestrehabhc.com
1837,adventdialysis.com
1838,butte.networkofcare.org
1839,cascadefamilypractice.com
1840,shelbyvillemanor.com
1841,business.putnamcountychamber.com
1842,bucknerwestminster.org
1843,business.rimcountrychamber.com
1844,smithcountyhealthandrehab.com
1845,charlesdrew.com
1846,scrnc.net
1847,alamedahc.com
1848,berkshirehealthrehab.com
1849,braintree.royalhealthgroup.com
1850,slmcnv.org
1851,aventuraatoakwoodvillage.com
1852,ccchclinic.com
1853,autumnlakewaughchapel.com
1854,sites.google.com
1855,business.rankinchamber.com
1856,bhmc-oak.com
1857,adamsrehab.com
1858,bonesonwheels.com
1859,schmittwoodlandhills.com
1860,advocate-eb.com
1861,brandonwoodsdartmouth.com
1862,business.northbrookchamber.org
1863,bigelmnursing.com
1864,cardinalritterseniorservices.org
1865,asburyhealthandrehab.org
1866,alluresterling.com
1867,sherwoodhealthcarecenter.com
1868,baldwingardens.com
1869,seashoregardens.org
1870,business.phillipscountychamber.org
1871,beachcreekpostacute.com
1872,carmelmountain.net
1873,atchisonseniorvillage.com
1874,beaconharborhealth.com
1875,barbourcourt.com
1876,sharenetworkchicago.org
1877,cedarhollowrehab.com
1878,shelllakehealthcarecenter.com
1879,azaleatrailnursinghome.com
1880,carmen.health
1881,aboutsmh.org
1882,centralcityhealth.org
1883,bloomhf.org
1884,carriagehillbethesda.com
1885,seminaryvillage.com
1886,casselmanhc.com
1887,catholiccarecenter.org
1888,caseyvillenrc.com
1889,chcsek.org
1890,chicagobehavioralhospital.com
1891,sequoialiving.org
1892,brunswickmo.com
1893,cars-services.org
1894,ambassadorok.com
1895,chshartford.org
1896,beachesrehabcenters.com
1897,burgerrehab.com
1898,blakeford.com
1899,arcwestchester.org
1900,centralillinoisurgentcare.com
1901,seattleroots.org
1902,aventuraatthebay.com
1903,bvchd.com
1904,chesi.org
1905,atlanticmemorial.com
1906,shcofgalion.com
1907,cascades-verdae.com
1908,augsburgseniorliving.org
1909,bethanywoodscare.com
1910,baptisthealthdeaconess.com
1911,alluregalesburg.com
1912,autumnlakegreenfield.com
1913,brookhavenrehab.com
1914,bes.lamarcountyschools.org
1915,burlesonmanorcare.com
1916,bethesdaca.org
1917,alluremoline.com
1918,chestertonpt.com
1919,sebringpediatrics.com
1920,centers.nspirehc.com
1921,cftrg.com
1922,sheepsheadnursing.com
1923,birchwoodgolfcrest.com
1924,schuylerhospital.org
1925,abigailrehab.com
1926,carolinerehab.com
1927,senatobiahealthcare.com
1928,birch-hc.com
1929,atc.bell.kyschools.us
1930,alhambra.wlcfirm.com
1931,cbhsjc.org
1932,calusarecovery.com
1933,canyonspringspostacute.com
1934,buenavidanursing.com
1935,shawneemhc.org
1936,artesiahc.com
1937,autumnlakememorialbridge.com
1938,bvlh.org
1939,bethesdahealth.org
1940,afhc.nursing.ufl.edu
1941,casahobart.com
1942,baes.upshurschools.com
1943,shcwillows.org
1944,azahealth.org
1945,aventuraatwestpark.com
1946,silascreekrehab.com
1947,bannister-center.facilities.centershealthcare.org
1948,21stcenturyrehab.com
1949,abraxasyfs.org
1950,sierradonor.org
1951,agawamnorth.com
1952,cherokeecommcare.com
1953,business.sttammanychamber.org
1954,beachstreethrc.com
1955,arvadacare.com
1956,aztechealthcare.com
1957,chamber.perrycountytn.com
1958,shastafamily.com
1959,sierravalleyrc.com
1960,aydencarewaterville.com
1961,brightonplacehrc.com
1962,avemariahome.org
1963,alamedacenter.com
1964,chcsunnyridge.com
1965,ccmarcella.com
1966,billingsurbanindianhealth.org
1967,bf.kendal.org
1968,bellminorhome.com
1969,astorianrc.com
1970,scrantonprimary.org
1971,brookhavencare.com
1972,autumnlakebeloit.com
1973,carolinariverscare.com
1974,allureprophetstown.com
1975,bluebonnetnursing.com
1976,capitalhealth.com
1977,birminghameastrehabcenter.com
1978,arcswin.org
1979,batesmillersims.com
1980,baysidehealthrehab.com
1981,chesapeakehc.org
1982,blueridgekids.com
1983,aging.lacity.gov
1984,bhs-inc.org
1985,brookside-hc.com
1986,capitolhillcares.com
1987,blairehouseoftewksbury.com
1988,3rtc.com
1989,sheppard.tricare.mil
1990,autumnlakeglenburnie.com
1991,allsaintshc.com
1992,sinaipostacutecare.com
1993,aurorahealthrehab.com
1994,blossomsrnc.com
1995,amsterdamcares.org
1996,26health.org
1997,autumnlakecromwell.com
1998,buttenwc.org
1999,accordia-health.org
2000,breezyhillsrehab.com
2001,capitalpostacute.com
2002,ashtabulacountynursing.com
2003,beatitudescampus.org
2004,cascadesatjacinto.com
2005,autumnlakebuckshill.com
2006,algonamanor.com
2007,bethanyhs.com
2008,accesscommunityhealthcenters.org
2009,candlewoodvalley.com
2010,beaconhillgr.org
2011,amistadchc.com
2012,skylinetransitional.com
2013,bgrehabcare.com
2014,chandlercreek.com
2015,aristacareatcedaroaks.com
2016,auxiliosanpablo.com
2017,atkinsonhcc.com
2018,alleghanyrehab.com
2019,bridgeview.care
2020,bleckleymemorial.com
2021,business.portsmouth.org
2022,cateredmanor.com
2023,chelseahc.com
2024,allamericanvillage.com
2025,cherokeeparkrehab.com
2026,catherineshc.org
2027,capitalcityghc.com
2028,seasiderehabilitation.com
2029,albemarlenephrology.com
2030,canterburywoods.org
2031,ahvahealth.com
2032,cchyattsville.com
2033,caprirehabilitation.com
2034,birchwoodbeeville.com
2035,brentwoodterrace.com
2036,bhshealthcenternetwork.com
2037,beaumontbh.com
2038,bonitahillspostacute.com
2039,chrisoma.com
2040,celebrateseniorliving.org
2041,shermanoakscare.com
2042,absolutcenter.com
2043,adirariverside.com
2044,avs.merakey.org
2045,blossom-hill.org
2046,bandbcare.com
2047,sgptsm.com
2048,brooksvillehealthcarecenter.com
2049,chapmanhealthcare.net
2050,areaofficeonaging.com
2051,bradfordhills.com
2052,brushycreekpa.com
2053,baptistseniorfamily.org
2054,abilitybeyond.org
2055,setonchildrens.org
2056,bedsidexray.com
2057,beaconhillrehabilitation.com
2058,bigskymobileimaging.com
2059,berkshirerhc.com
2060,solonpointehc.com
2061,aaachc.org
2062,cdphealth.com
2063,shorelinecarecenter.com
2064,bethshan.org
2065,cedaroaksretirementcenter.com
2066,capechamber.chambermaster.com
2067,bahcnm.org
2068,chpberkshires.org
2069,caminohealthcenter.org
2070,birchpointehealth.com
2071,smokyhcp.com
2072,avcarecenter.com
2073,baysidehcr.com
2074,bdnrc.com
2075,aicota.com
2076,ashebororehab.com
2077,ces.covingtoncountyschools.org
2078,carlinspeech.com
2079,autumnlakeruxton.com
2080,briarcliffsnf.com
2081,caringhealthcarenetwork.com
2082,sheaphysicaltherapy.com
2083,bradfordmanor.com
2084,alabamaclinicalschools.com
2085,chowchillahealth.specialdistrict.org
2086,ablelight.org
2087,serenitycarehealthgroup.org
2088,arlingtonheightshealth.com
2089,aventurarehab.com
2090,broadwaybythesea.net
2091,skylinehealthcarecenter-sanjose.com
2092,seacresthc.com
2093,bellwoodnursingcenter.com
2094,christhealthcenter.org
2095,chcb.net
2096,chateaustjames.com
2097,chcnrv.org
2098,shakopeefriendshipmanor.com
2099,agapept.com
2100,amistadnr.com
2101,austinrnc.com
2102,acrhs.buncombeschools.org
2103,bodygears.com
2104,silverspringshcc.com
2105,bethesdarehab.com
2106,shortgrasschc.com
2107,ashleyriverhealthcare.com
2108,buenaparknc.com
2109,atlanticcoastrehab.com
2110,carevide.org
2111,business.plainfield-in.com
2112,carolinameadows.org
2113,saylorlanehealthcare.com
2114,cambridgerehab.com
2115,beaminghealth.com
2116,buckeyecommunityservices.org
2117,ccharstonhall.com
2118,bartleyhealthcare.com
2119,avamereburien.com
2120,bardstown.kyschools.us
2121,carroltonhealth.com
2122,achsnm.ernesthealth.com
2123,ccarbors.com
2124,cbhclarksville.com
2125,cedarhill-center.com
2126,asashealthpartners.com
2127,blountstownhealthandrehab.com
2128,canyonlandscarecenter.com
2129,bertrandne.com
2130,californiapostacute.com
2131,bennettsvillehrc.com
2132,sarasotanursingandrehab.com
2133,aabr.org
2134,bchsnola.org
2135,birchwoodgrapevine.com
2136,broadwayvillapostacute.com
2137,aventuraatterraceview.com
2138,chelseagardensnh.com
2139,ascentist.com
2140,smahealthcare.org
2141,bayshirecarlsbad.com
2142,sfac.fcsd.us
2143,acacianetwork.org
2144,cdjh.rpsb.us
2145,bridgeclinic.org
2146,business.mooresvillenc.org
2147,canyonlandschc.org
2148,shinneryoaks.com
2149,carecorehealth.com
2150,bethanygrand.com
2151,centralhealthcarelecenter.com
2152,avamereridgemont.com
2153,bres.beaufortschools.net
2154,snohomishrehabofcascadia.com
2155,bradshawmedical.com
2156,bereahealthky.com
2157,serravillage.com
2158,amarilloskilledcenter.com
2159,botetourt.carringtonplaces.com
2160,aldenterrace.com
2161,canterburyonthelake.com
2162,ariawaukesha.com
2163,shadyoaknursing.com
2164,bcecares.com
2165,bluebonnetpoint.com
2166,barnegatrehab.com
2167,advancedultrasoundfl.com
2168,ahcdetroit.org
2169,alaskacenter.org
2170,azalealand.com
2171,allenbrookerehabcenter.com
2172,ambassadorvhc.com
2173,awinds.com
2174,bumch.org
2175,alluremendota.com
2176,benchmarkhs.com
2177,adsleepcenters.com
2178,scfhc.org
2179,autumnlakechesapeakewoods.com
2180,bradenhospital.com
2181,autumnlakeoakmanor.com
2182,artmanhome.org
2183,ses.lamarcountyschools.org
2184,careageindiana.com
2185,sfrehab.org
2186,christiancarerc.org
2187,chas.org
2188,cca.bigspringchamber.com
2189,shawneeseniorlivingllc.com
2190,cabothr.com
2191,business.manateechamber.com
2192,atlanticheightsretirement.com
2193,carnegiepostacute.com
2194,shadyknollhcc.com
2195,24hrer.com
2196,bayoupinescarecenter.com
2197,cedarrapidsne.com
2198,scchc.org
2199,birminghamnursingandrehab.com
2200,cccorsicahills.com
2201,chapelhillnrc.com
2202,birchwoodseniorliving.com
2203,broadwaymanorhc.com
2204,bigsurhealthcenter.org
2205,casaarenahc.com
2206,alphaopportunities.org
2207,chinovalleyhc.com
2208,beaumontnursingandrehab.com
2209,buckeyehills.org
2210,assurancehealthsystem.com
2211,sjch.org
2212,carbondalenursing.com
2213,bhshealth.org
2214,alabamaarms.org
2215,skyviewrehab.com
2216,bvhc.sfhs.org
2217,blandclinic.com
2218,acrms.buncombeschools.org
2219,solutionsretreat.org
2220,ccmonmouth.com
2221,arvinpa.com
2222,bartz-altadonna-chc.org
2223,childhabcenter.com
2224,avalonvillahealthcare.com
2225,chihealthcenter.com
2226,albemarlehealthrehab.com
2227,ccstvincents.com
2228,silverstatehealth.org
2229,accelcrystalpark.com
2230,bedrock-island.com
2231,alpinevalleyrehab.com
2232,bridgeviewrehabcenter.com
2233,chmccook.org
2234,birchwoodplaza.com
2235,breckinridgeservices.org
2236,almondcarecenter.org
2237,ccmercerville.com
2238,chandlerpostacute.com
2239,solariscares.org
2240,sduih.org
2241,cedarpointehealth.com
2242,bach.health
2243,baypointenursingpavilion.com
2244,cconpalm.com
2245,brooklyngardensdialysis.com
2246,bluestonehrc.com
2247,cedarridgewdm.com
2248,biscaynerehab.com
2249,cfhc.org
2250,chhcok.com
2251,silverlakehospital.org
2252,aydencourt.com
2253,broussardal.com
2254,acadian.rpsb.us
2255,carolinarehabcenterburke.com
2256,501ranch.com
2257,centers.aspirehealthgrp.com
2258,al.hughston.com
2259,aegistherapies.com
2260,carestlhealth.org
2261,adirabossier.com
2262,sfpostacute.com
2263,argentinecarecenter.com
2264,beaverutah.net
2265,ccplainfield.com
2266,bedrock-orlandosouth.com
2267,chadhamedical.com
2268,ccbes.buncombeschools.org
2269,brightoncares.net
2270,brookhavenoh.org
2271,ariabrookfield.com
2272,careworks.org
2273,cfkc.org
2274,century.sd25.us
2275,bartowcenter.com
2276,bridgeportmedicallodge.com
2277,solarishealthcare.org
2278,accessmedicalmonroe.com
2279,bonnersferryfamilymedicine.com
2280,bremondnursing.com
2281,activedevelopmenttherapies.com
2282,biostatdx.com
2283,chn-indiana.org
2284,bronxparkcenter.com
2285,shawneemanor.com
2286,bayviewrehabcenter.com
2287,bearcreeknursingcenter.com
2288,sfhcr.com
2289,ccwhiting.com
2290,bensonhealth.org
2291,aydencarepiqua.com
2292,4rbh.org
2293,alvaradomeadows.com
2294,bums.upshurschools.com
2295,augustleewood.com
2296,aventuraatwaltonhills.com
2297,carlsbadbytheseacc.org
2298,seagaterehab.com
2299,seacoastkidney.com
2300,aventuraatassumption.com
2301,calvaryhomes.org
2302,autumnleaves.com
2303,capostacute.com
2304,blakehurstlcs.com
2305,buckinghampavilion.com
2306,somersetnursing.com
2307,shastacarecenter.org
2308,allendalehc.com
2309,camdenpostacute.com
2310,carnegieparkpa.com
2311,cascadiaoflewiston.com
2312,caldwellmedical.com
2313,childrenssquare.org
2314,aviva.health
2315,berkshirerehabilitation.com
2316,ccmultimed.com
2317,beechtreecenter.com
2318,brokenbowhealthandrehab.com
2319,alarishealth.com
2320,averyheights.org
2321,birchwoodcare.com
2322,cedarbrookrehabilitation.com
2323,baycommunityhealth.org
2324,bouldercanyonhealth.com
2325,cccofbolivar.com
2326,autumnlakecherrylane.com
2327,altus.tricare.mil
2328,bedrock-winterpark.com
2329,betsyrossrehab.com
2330,brunswickcove.com
2331,autumnlakegladevalley.com
2332,selfhelphome.org
2333,cedarsoflebanonhc.com
2334,sharonregional.org
2335,burleyphysicaltherapy.com
2336,carbonmedicalservice.com
2337,autumnlakebraddockheights.com
2338,buckeyecr.com
2339,shawneeparc.com
2340,calvertcountynursingcenter.org
2341,beaconinc.org
2342,autumnlakesilverspring.com
2343,serve-the-people.com
2344,shdistrict.com
2345,brianrabin.com
2346,adacarecenter.com
2347,beldenvillagenursing.com
2348,solidagohealthrehab.com
2349,caresouth.org
2350,business.bataviachamber.org
2351,cctwincities.org
2352,sapphirechc.org
2353,christushealth-production-cd.azurewebsites.net
2354,ccmeriden.com
2355,brentwoodjackson.com
2356,carillonnursing.com
2357,shoresiderehab.com
2358,austinswellness.com
2359,beggsclinico.com
2360,autumnwoodcc.com
2361,saundersnursing.com
2362,capwn.org
2363,socialservicesmn.org
2364,shaw.tricare.mil
2365,alivio.org
2366,business.columbiacountychamber.com
2367,aberdeengardenshca.org
2368,scotlandmanorrehab.com
2369,auburnoakscarecenter.com
2370,cedargrove-rtc.com
2371,centeroffamilylove.org
2372,shreveportmanornursinghome.com
2373,alexandriacc.com
2374,bowlinggreenhealthrehab.com
2375,alliantliving.com
2376,bedrock-suwannee.com
2377,beauvaisrehab.com
2378,bethanyvillageks.com
2379,autumnmeadows.net
2380,cabarrushealthrehab.com
2381,ackertpark.com
2382,skilledcareofmexia.com
2383,agawamwest.com
2384,cedarhillsbehavioral.com
2385,cchsseniorliving.org
2386,casabonitahc.com
2387,capitolcityrnc.com
2388,augustahealthandrehab.com
2389,camarillohealthcare.com
2390,abbingtonvillage.com
2391,carolinamedassoc.com
2392,ser.pr
2393,chcrichmond.org
2394,slatonfamilymedical.com
2395,allureofperu.com
2396,aaphc.org
2397,atriumlivingcenters.com
2398,castlerockmedicalcenter.org
2399,bonterratc.com
2400,snahc.org
2401,centraltexasnursing.com
2402,sodusrehab.com
2403,sfes.floyd.kyschools.us
2404,cherryhealth.org
2405,autumnlakeoakview.com
2406,chicagofamilyhealth.org
2407,autumnlakehomewood.com
2408,skillcreations.com
2409,arroyovistacare.com
2410,affiniahealthcare.org
2411,baldwinhrc.com
2412,charterhouse-mayo.org
2413,atlas-pa.com
2414,business.wwlcchamber.com
2415,aspirehealthgrp.com
2416,chcclynden.org
2417,berlinnursingandrehab.com
2418,ccthealth.org
2419,scomsc.com
2420,brandonrehabcenter.com
2421,aeriushealthcenter.com
2422,alleganynursingandrehab.com
2423,bbrehab.com
2424,ccwheaton.com
2425,scyimagingxray.com
2426,accessmentalhealthcare.com
2427,advancerehab.com
2428,shinernr.com
2429,shirkeyhealthservices.com
2430,brodieranch.com
2431,belairehealthrehab.com
2432,blackhawklifecare.com
2433,bsfmedical.com
2434,bethanylutheranvillage.org
2435,autumnlakelongview.com
2436,shearerrichardson.com
2437,solomonssnf.com
2438,alamedacarecenter.com
2439,Accordiushealth.com
2440,smh-nj.com
2441,autumnlakepatuxentriver.com
2442,alcottrehabilitation.com
2443,blairehouseofworcester.com
2444,chimercyhealth.com
2445,alaskagardenshc.com
2446,charhall.org
2447,cgfm.com
2448,briarfield.net
2449,ardenparkpa.com
2450,chciokc.org
2451,ccrh.ernesthealth.com
2452,smithtowncenter.com
2453,ccwestfield.com
2454,sharoncare.com
2455,seaside-healthcare.com
2456,amfhealthcare.com
2457,americanhealthassociates.com
2458,somerenglen.org
2459,autumnlakeparkville.com
2460,alamitoswest.com
2461,briarwoodclc.cesltc.com
2462,axesspointe.org
2463,cayuganursingandrehab.org
2464,centervillepa.com
2465,abbottterrace.com
2466,bayviewrehabhc.com
2467,autumnlakealicemanor.com
2468,arnoldwalter.com
2469,alpinemeadowrehab.com
2470,shallowfordwellness.com
2471,autumnlakemadison.com
2472,amchealthcare.org
2473,skylineseattle.org
2474,canyonvistapostacute.com
2475,ccbeylea.com
2476,cedarcreeknursing.com
2477,brewercenterrehab.com
2478,avistanursingandrehab.com
2479,briarwoodrehab.com
2480,centerstonehealthservices.org
2481,serenitybaycare.com
2482,chiloquin.com
2483,bscrh.com
2484,arcphysicaltherapy.net
2485,bbvrehab.com
2486,bedrock-williamsportnorth.com
2487,ccharborage.com
2488,beeghlyoaksrehab.com
2489,cascadesatgalveston.com
2490,barrencountynursingandrehab.com
2491,brookshirepa.com
2492,acadianapractitioners.com
2493,chcsga.org
2494,berkshirerehab.com
2495,beevillephysicaltherapy.com
2496,800xraynow.com
2497,ashlandhealthrehab.com
2498,sharoncarecenter.com
2499,abilityworksok.org
2500,arcomonroe.org
2501,seasidehealthsystem.com
2502,blueskytherapy.net
2503,ahmchealth.com
2504,cainclinic.com
2505,breadforthecity.org
2506,caremanornursingandrehab.com
2507,augustiliff.com
2508,chatterboxspeechtherapy.com
2509,slspecialty.org
2510,cchccenters.org
2511,autumnlakeriverview.com
2512,shadelands.com
2513,bayshorepointerehab.com
2514,sedgewoodmanor.com
2515,baileyhouse.org
2516,caringhealth.org
2517,cg-idd.com
2518,altenheimstlouis.org
2519,sevenacresseniorliving.org
2520,buenavidasanantonio.com
2521,cc-si.org
2522,autumnlakebridgepark.com
2523,allenoaks.com
2524,chnursingandrehab.com
2525,chehalempa.com
2526,arora.org
2527,bakersfieldpa.com
2528,carrolltonhealth.com
2529,allairehc.com
2530,shanerobertsmd.com
2531,shermanvillagehc.com
2532,chc.la
2533,sierra.army.mil
2534,bidmilton.org
2535,chelsearetirement.mybrio.org
2536,chautauquaguesthomes.com
2537,aberdeenbethesda.org
2538,bethaven.org
2539,ashfordhall.com
2540,cerespostacute.com
2541,ccphillipsburg.com
2542,cclehigh.com
2543,4pds.org
2544,birchwoodrhc.com
2545,bassphysicaltherapy.com
2546,caldwellcountyhealth.com
2547,504healthnet.org
2548,buckeyenwh.com
2549,seniorcarefinder.com
2550,birchwoodbeaumont.com
2551,silverwoodpa.com
2552,skyviewsprings.com
2553,acadianapediatricsla.com
2554,accelaavalon.com
2555,blossomsatmidtown.com
2556,adultandchild.org
2557,caminohealthcare.net
2558,aspiretransitionalcare.org
2559,chisjh.org
2560,caribourehab.com
2561,brothersofmercy.org
2562,allurelakestorey.com
2563,adecinc.com
2564,athenspeds.com
2565,aydencarebellesprings.com
2566,simhcottumwa.org
2567,ccsilverlake.com
2568,autumnlakecalvertmanor.com
2569,bettydarewellness.com
2570,chicagoridgenursing.com
2571,belleterracepa.com
2572,autumnlakevoorhees.com
2573,bedfordwellnessandrehab.com
2574,chestnutwoodsrehab.com
2575,centralusa.salvationarmy.org
2576,servicefirstnc.org
2577,centennialhcc.com
2578,cassfamilyclinic.org
2579,canyoncreekpostacute.com
2580,calhounrehabcenter.com
2581,chapa-de.org
2582,chpofil.org
2583,ccorangepark.com
2584,athena-therapy.com
2585,adsd.nv.gov
2586,silvermemorieshealthcare.com
2587,sjvrehab.com
2588,calvertccc.com
2589,brightpathprogram.com
2590,beeberetirementcenter.com
2591,blueberryhillrehab.com
2592,bayviewhcc.com
2593,bethelfamilyclinic.org
2594,sms.lamarcountyschools.org
2595,blackstonevalleyhealth.com
2596,augustrichmond.com
2597,carriagerehab.com
2598,bethanyripon.org
2599,camillushealth.org
2600,alhambrapa.com
2601,bedrock-williamsportsouth.com
2602,artesiapalmscc.com
2603,advancerehabbc.com
2604,sheridenwoods.com
2605,axishealth.org
2606,anaheimglobalmedicalcenter.com
2607,bucknercalderwoods.org
2608,centerhomehe.com
2609,advancedtherapysolutions.com
2610,breckenridgevillage.com
2611,alamancerehab.com
2612,achieverehabny.com
2613,accelcollegestation.com
2614,accesseast.org
2615,championswillowbrook.com
2616,aachc.org
2617,center84.com
2618,chambershealthandrehab.com
2619,atlanticmobileimaging.com
2620,shadylawnhealth.com
2621,soar365.org
2622,chateau.jpschools.org
2623,cannon.tricare.mil
2624,ballingerhealthcare.com
2625,ascensionseniorliving.org
2626,business.tangipahoachamber.org
2627,achm.ernesthealth.com
2628,solheimsenior.org
2629,advancedphysicaltherapy.com
2630,seniorcarehomes.com
2631,business.ennis-chamber.com
2632,ariaatmm.com
2633,autumnlakenorwalk.com
2634,cabellhuntington.org
2635,autumnlakebaltimorewashington.com
2636,armouroaks.org
2637,arden-wood.com
2638,cempa.org
2639,belmontterrace.com
2640,alcestercarerehab.com
2641,bethellutheranhomeinc.org
2642,beatricehealthandrehab.com
2643,baybreezehcr.com
2644,belmontbayrehab.com
2645,bluerockpt.com
2646,alluremtcarroll.com
2647,asburycampus.com
2648,sihc.org
2649,smithcrossing.org
2650,settlementhealth.org
2651,americandialysiscenters.com
2652,autumnlakepikesville.com
2653,sevenhillshealthandrehab.com
2654,balboahc.com
2655,chestertownrehab.com
2656,alpineskillednursing.com
2657,chowanrivercare.com
2658,beavercreekrehab.com
2659,cabincreekhealth.com
2660,smithcotn.com
2661,cassenacare.com
2662,camanoislandhealth.com
2663,bridgervalleymedicalgroup.com
2664,cchagerstown.com
2665,catonpark.com
2666,ballardhrc.com
2667,cdtnyvt.org
2668,autumnlakecrofton.com
2669,silverstreamhc.com
2670,bfhc1.org
2671,sierrasagetreatmentcenter.com
2672,senakeanhc.com
2673,carolinarehabcumberland.com
2674,brightpointe.yourpurehealth.com
2675,centralnursing.com
2676,capecodrehabhc.com
2677,bentleysextendedcare.com
2678,socmonroe.com
2679,aydencarewauseon.com
2680,adelphirehab.com
2681,autumnlakewesthartford.com
2682,solarishealthpartners.com
2683,alabamafamilycentral.org
2684,sms.covingtoncountyschools.org
2685,casadelascampanas.com
2686,adamswoodcrest.org
2687,bayviewnursingrehabcommunity.com
2688,advancedrehabautumnlake.com
2689,cameronnursingcenter.com
2690,cedarviewrehab.com
2691,silverlakesc.com
2692,adagiohealth.org
2693,calrehabhc.com
2694,slwic.org
2695,business.nacogdoches.org
2696,sequoyahpointe.us
2697,benziemaples.org
2698,ashlandhealthcenter.com
2699,belgradenursinghome.com
2700,carmelhillscarecenter.com
2701,scha.org
2702,sierravistabhc.com
2703,caldwellop.org
2704,aspireseniorliving.health
2705,autumnlakecrystalsprings.com
2706,atokaokchamber.com
2707,brightstartkid.com
2708,ces.scsb.org
2709,cantata.org
2710,sherwoodoakspa.com
2711,burkehealthrehab.com
2712,bhs.matsuk12.us
2713,caiinc.org
2714,bermudavillage.net
2715,bmsi.org
2716,sbrm.org
2717,bethesdacarecenter.com
2718,careforthehomeless.org
2719,brunswickrehab.com
2720,centerforlivinghc.com
2721,cambridgerehabhc.com
2722,azurerehab.com
2723,banhok.com
2724,aikennewtech.cps-k12.org
2725,cascadeshealthcare.com
2726,alderwoodparkhealthandrehab.com
2727,autumnlakenewbritain.com
2728,bedfordspringshr.com
2729,somatus.com
2730,avclinic.org
2731,socalpostacutecare.com
2732,avala.com
2733,autumnlakesalemcounty.com
2734,alliancemed.org
2735,bushwick-center.facilities.centershealthcare.org
2736,brooksidehealthcare.com
2737,chowchillafamilyclinic.com
2738,binghamhealthcare.org
2739,shes.beaufortschools.net
2740,advancedrehab.us
2741,auditor.eriecounty.oh.gov
2742,bluepalmsdeland.com
2743,carmimanor.com
2744,arshealth.com
2745,alexandriahc.com
2746,arizonaspecialtyhospital.com
2747,auburnrt.com
2748,signaturepointelcs.com
2749,avalongarden1920.com
2750,skaalen.com
2751,abingtonhc.com
2752,beachbreezerehab.com
2753,seniornavigator.org
2754,beaconbrookhealth.com
2755,saugusrehab.com
2756,cascadelifealliance.org
2757,acof.org
2758,bethsholomliving.org
2759,1stchoice-ar.org
2760,basinclinic.org
2761,skyview-rehab.com
2762,shoalskidneycenter.com
2763,shareourselves.org
2764,atriumofbellmead.com
2765,snchc.org
2766,cedarlake.org
2767,chadwickrehabcenter.com
2768,carondeletvillage.org
2769,alpinefireside.com
2770,cedarcrestpostacute.com
2771,chautauquahr.com
2772,calmed.tricare.mil
2773,allinc.org
2774,chcm.us
2775,sdfamilycare.org
2776,autumnlakeberkeleyheights.com
2777,allureknoxcounty.com
2778,astoriaplaceofcambridge.org
2779,cfdsny.org
2780,achcid.org
2781,autumnlakehealthcare.com
2782,blessingchc.com
2783,brushhillcc.com
2784,cdnsm5-ss2.sharpschool.com
2785,ballardnursingcenter.com
2786,amberwoodhealthandrehab.com
2787,shawnmanor.us
2788,charlottebayrehab.com
2789,centerforpediatrictherapies.com
2790,athenshealthandrehab.com
2791,brownsburghcc.com
2792,belvederenr.com
2793,bgmedicalgroup.com
2794,bayapointerehab.com
2795,chrcaustin.com
2796,shalomgardens.com
2797,centralgardenspa.com
2798,aces.adair.kyschools.us
2799,schenectady-center.facilities.centershealthcare.org
2800,bridgesct.org
2801,cchci.org
2802,sherwoodok.com
2803,bradfordsquarenursing.com
2804,cahealthnet.org
2805,akronia.org
2806,sheaparc.com
2807,centervilleclinics.com
2808,cherrypointbay.com
2809,cantexcc.com
2810,shawneegardenshrc.com
2811,bethelnewlife.org
2812,brynmawr-village.com
2813,caringheartrnc.com
2814,charlottecommunityhealth.org
2815,buenavidarehab.com
2816,ccshrewsbury.com
2817,centralcityconcern.org
2818,bayberrycarecenter.com
2819,banyanhealth.org
2820,carsonvalleyhealth.org
2821,brookmonthc.com
2822,solverahealth.com
2823,caspermountainhc.com
2824,chesaningnc.com
2825,bedrock-lakecity.com
2826,bookertwashingtonnursinghome.com
2827,bes.buncombeschools.org
2828,shermanoakscompletecare.com
2829,aspenhillrehab.com
2830,christcarepediatrics.com
2831,chatsworthparkhealth.com
2832,casitascarecenter.com
2833,auroraplains.com
2834,calhounhcc.com
2835,ccmilfordmanor.com
2836,ccharringtoncourt.com
2837,shenandoahseniorliving.com
2838,butlerhc.com
2839,abilitykc.org
2840,advacaremn.com
2841,athertonparkpostacute.com
2842,scottdalerhc.com
2843,ccatcourthouse.com
2844,bereawalkin.com
2845,bayamonmedical.com
2846,cclaurelton.com
2847,aventuraathumilityhouse.com
2848,bamchealth.com
2849,aclifepoints.org
2850,seniorrehab.com
2851,almaredwine.rpsb.us
2852,allurepinecrest.com
2853,bcomhealth.org
2854,sevenhillsnursing.com
2855,shermanoakshospital.org
2856,aspenhealthrehab.com
2857,buckinghamhouston.com
2858,sapphireridgenhr.com
2859,sbchc.net
2860,ccicharlestown.org
2861,carcinc.org
2862,childrens.uvahealth.com
2863,siestakeyhrc.com
2864,brentwoodhealthandrehab.com
2865,bigspringcenterforskilledcare.com
2866,berkshireplace.com
2867,skylandterrace.net
2868,brookwoodhc.com
2869,blcnky.com
2870,sheltersocialclub.com
2871,charlottesvillerehab.com
2872,amahealthproviders.com
2873,scvmc.scvh.org
2874,baptisthill.ccsdschools.com
2875,briarcliffsouthbend.com
2876,brookhavenatlexington.org
2877,bywoodeast.com
2878,action-pt.net
2879,atlanticshoresliving.com
2880,bridgewalkonharden.com
2881,brooksidecare.org
2882,bellecarecenter.com
2883,cheney.cttech.org
2884,barbourhealth.org
2885,abernethylaurels.org
2886,baltimoreprotherapy.com
2887,chippewamanor.com
2888,caredialysiscenter.com
2889,bethanycenterrehab.com
2890,armyresidence.com
2891,shorelinehrc.com
2892,avamereissaquah.com
2893,scottcountyfp.com
2894,airforceacademy.tricare.mil
2895,ashland-pa.com
2896,silvertreenursing.com
2897,belvista.com
2898,bmgh.org
2899,aftenro.org
2900,aaci.org
2901,brightpointeatlytlelake.com
2902,ccbrackenville.com
2903,catholicmc.com
2904,balmoralnursing.com
2905,ses.covingtoncountyschools.org
2906,business.headlandal.org
2907,ameliarehab.com
2908,ccparkplace.com
2909,awhealthcare.com
2910,simpsonhousing.org
2911,assistedlivingmagazine.com
2912,somersetsubacute.com
2913,carrollrehab.com
2914,sharenm.org
2915,casamorarehabilitationandextendedcare.com
2916,centervillerehab.com
2917,ccspringbrook.com
2918,savannasparkhrc.com
2919,beechwoodcare.org
2920,aventuraatprospect.com
2921,scrnrc.com
2922,altushc.com
2923,setonmanorhc.com
2924,californiakidneyspecialists.com
2925,alhambrahrc.com
2926,arcny.org
2927,autumnlakearlingtonwest.com
2928,centinelanursingwest.com
2929,chatugefp.org
2930,bethesdanursinghome.com
2931,alliancecommunityhc.com
2932,adtherapy.com
2933,atriumrehab.com
2934,berlinrehabhc.com
2935,shcs.ucdavis.edu
2936,cedarcrestcarecenter.com
2937,bushnellmedicalclinic.com
2938,adelantehealthcare.com
2939,ccvoorhees.com
2940,autumnlakebirchmanor.com
2941,accesshealthky.com
2942,sevhs.org
2943,bocaratonhealthandrehab.com
2944,beechermanor.com
2945,business.twinsburgchamber.com
2946,alpinerehab.net
2947,brainrehabnetwork.com
2948,sedonatrace.com
2949,silverhillshealthcarecenter.com
2950,auburndalesportspine.com
2951,alliancecarecenter.com
2952,sces.rheacounty.org
2953,alderwoodpostacute.com
2954,billingsrehab.com
2955,celebrationfc.com
2956,cccofmedina.com
2957,carverlivingcenter.com
2958,arrowheadspringshealthcare.com
2959,atlanticmedical.org
2960,casa-angelica.com
2961,bridgewayseniorliving.com
2962,bethanynw.org
2963,bluewestopportunities.org
2964,almondvista.com
2965,arizonaelksassociation.org
2966,smartcarepediatrics.com
2967,bayterracerhc.com
2968,centers.consulatehc.com
2969,scconv.com
2970,arlington.yourpurehealth.com
2971,alexandervalleyhealthcare.org
2972,adiranar.com
2973,centralparkrehab.com
2974,bloomfieldhealthcare.com
2975,seniorsuiteshealthcare.com
2976,seniorsbluebook.com
2977,shenandoahrehabcenter.com
2978,blueriverhealthcarecenter.com
2979,shs.lamarcountyschools.org
2980,ambassadorhccollegepark.com
2981,careandrehab.com
2982,baptistvillage.org
2983,428healthcare.com
2984,chifriendship.com
2985,seaburylife.org
2986,ccwestcaldwell.com
2987,cedarwoodpostacute.com
2988,believetherapies.com
2989,silvercrest.org
2990,bethesdahome.org
2991,athenskidneycenter.org
2992,capecod.royalhealthgroup.com
2993,autumnlakelonggreen.com
2994,cabshealthnetwork.org
2995,ayervalley.com
2996,capeheritagerehab.com
2997,brptlake.com
2998,adroitcarecenter.com
2999,caringheartmwdialysis.com
3000,charlestonhcgroup.com
3001,aihfs.org
3002,ccgrotonregency.com
3003,caprocknursing.com
3004,beverlycare.org
3005,altamesarehab.com
3006,astercreekrehab.com
3007,seabreezerehab.com
3008,cheshirehome.org
3009,accoladehc.com
3010,aspirecounselingservice.com
3011,birchwoodnursing.com
3012,altura.org
3013,scpccga.org
3014,ccfoxhill.com
3015,cantonelementary.cantonschools.net
3016,360therapygroup.com
3017,sbclinics.org
3018,autumnlakesouthgate.com
3019,baileycreekhealthandrehab.com
3020,chc-ut.org
3021,sharonhcc.com
3022,atriumhsl.com
3023,autumnlakevineland.com
3024,belterrahc.com
3025,careavailability.com
3026,cc-md.org
3027,bernicerehabcenter.com
3028,aventuraatcreekside.com
3029,autumnlakearcola.com
3030,accesshealthla.org
3031,care-age.com
3032,brenhamfamilypractice.com
3033,capitalhealthcarenetwork.com
3034,ah-nw.org
3035,sarasotahealthandrehab.com
3036,azerclinic.com
3037,burlingtonconvalescent.com
3038,casadevidaseniorliving.com
3039,carlylehcc.com
3040,americanrivercc.com
3041,beachsidepostacute.com
3042,bcminnovativetherapies.com
3043,briarwood-village.com
3044,cajunaaa.org
3045,carmel.therestoracy.com
3046,sierraviewcarecenter.com
3047,carf.org
3048,ccmhealthmn.com
3049,chooselouisianahealth.com
3050,beaumonthealthcarecenter.com
3051,aydencareoregon.com
3052,brewsterliving.org
3053,ccregent.com
3054,ahs.sfhs.org
3055,aventuraatpembrooke.com
3056,chcnorthcountry.org
3057,cedarcrossingscare.com
3058,aspenhillshealthcare.com
3059,scarletoakshc.com
3060,brnursing.com
3061,careteamplus.org
3062,chasecenterlogansport.azurewebsites.net
3063,accelatlongmont.com
3064,cedarhillhrc.com
3065,centerforlifemanagement.org
3066,bondypt.com
3067,somersethc.com
3068,ccburlingtonwoods.com
3069,chateaudville.com
3070,alamitosbelmontrehab.com
3071,ses.scsb.org
3072,carecoinfo.com
3073,brcliving.org
3074,autumnlakethewillows.com
3075,simpsonmemorialhome.org
3076,cedarhaven.healthcare
3077,charlottehealthrehab.com
3078,cherryhillnursing.com
3079,bowlinggreenmanor.com
3080,averyrehab.com
3081,cambridgenursingky.com
3082,achievablehealth.org
3083,skylakepa.com
3084,alphasnf.com
3085,bayvillage.org
3086,briarwoodnar.com
3087,brightwellbehavioral.com
3088,business.meridianchamber.org
3089,calhounconvalescentcenter.com
3090,baybluffs.org
3091,sealbeachhcc.com
3092,atkinsnr.com
3093,allurewalnut.com
3094,casacoloma.com
3095,brspecialty.org
3096,bvrehab.com
3097,bono-walnutridgefamilymedical.com
3098,bayshireranchomirage.com
3099,beachwoodcare.com
3100,bedrock-kingston.com
3101,chphealthmt.org
3102,christianopportunity.org
3103,amberwoodpa.com
3104,cedarviewhc.com
3105,capstonecenterrehab.com
3106,beachsidenursingcenter.com
3107,cclaplata.com
3108,boulderpostacute.com
3109,albanycommunityhealthclinic.com
3110,autumnlakeballengercreek.com
3111,chasebrexton.org
3112,sebasticookfamilydoctors.org
3113,silverridgecare.com
3114,brokenarrowpt.com
3115,cambridgepac.com
3116,bayareahc.com
3117,bmagroupglobal.com
3118,chisouthfl.org
3119,bbrhc.com
3120,agapefamilyhealth.org
3121,barregardens.com
3122,acadianhealth.com
3123,sharmarvillage.com
3124,all4health.org
3125,arirehab.com
3126,ccoceangrove.com
3127,cedarhealthandrehab.com
3128,calvadocare.com
3129,ccmiddlebury.com
3130,centershealthcare.com
3131,slovenehome.org
3132,carlyleplace.org
3133,340bopais.hrsa.gov
3134,bellhavencenter.com
3135,asianhealthservices.org
3136,christianvillages.org
3137,socorrowellness.com
3138,cambridgem.com
3139,channelislandspa.com
3140,blhcc.org
3141,briarplacenursing.com
3142,bchcc.org
3143,al.bartletthealth.com
3144,bocacirclerehab.com
3145,ccgreenknoll.com
3146,shafterpediatrics.com
3147,atriumatnavesink.org
3148,cedargrovenursing.com
3149,advancechc.org
3150,chapelridgehr.com
3151,callongtermcarecompare.org
3152,autumnhillshealthcarecenter.com
3153,christianhorizonsliving.org
3154,choosechatt.com
3155,carterrehabcenter.com
3156,smilehelpnow.com
3157,azle-manor.com
3158,chc.sfhs.org
3159,bradenriverrehab.com
3160,serenityestateshc.com
3161,beaufortpt.com
3162,bhochg.com
3163,cambridgehealthcenter.com
3164,shandinhillsbhc.com
3165,capnc.org
3166,allegriafountains.com
3167,bishopcare.net
3168,brooksiderehabandnursing.com
3169,abilityrehabilitation.com
3170,advantagefitness.com
3171,bertramnursing.com
3172,caradayhealth.com
3173,chs.covingtoncountyschools.org
3174,affinityskilled.com
3175,atticaltc.com
3176,bridgecrestpa.com
3177,austinoasishc.com
3178,scottsdaleheritagecourt.com
3179,smithvillage.org
3180,ahsfhc.org
3181,cchamiltonplaza.com
3182,arrowheadhealthcarecenter.com
3183,almadenhealthandrehabilitationcenter.com
3184,avenue360.org
3185,cherokeerosenursing.com
3186,brownwoodrehab.com
3187,simpsonplacedallas.com
3188,autumnlakeoceanview.com
3189,skylandcarecenternc.com
3190,baldwincenter.org
3191,acipt.com
3192,bi-countyservices.com
3193,brooksidenursingcenter.com
3194,boysandgirlshomeiowa.org
3195,sipayikhealth.com
3196,cciweb.org
3197,cascadeterracepa.com
3198,avidhcg.com
3199,allcaretherapyservices.com
3200,canterbury-rehab.com
3201,siropr.com
3202,autumnlakesummitpark.com
3203,bchs.bourbon.kyschools.us
3204,camelliagardenscnr.com
3205,bszmedicalpa.com
3206,centralcontinuingcare.com
3207,avvhealthcenters.com
3208,carsonnursingandrehab.com
3209,bainbridgerehab.com
3210,slpoperations.com
3211,ccfairlawnedge.com
3212,autumnlakelochraven.com
3213,alliancehhs.org
3214,berthoudcare.com
3215,advphysicaltherapy.com
3216,avon-place.net
3217,alvis180.org
3218,ccholidaycity.com
3219,brownsvillechc.org
3220,beechtreehr.com
3221,altavistarehab.net
3222,advancednh.com
3223,carepavilionhealth.com
3224,seasonsrehabhc.com
3225,chs.scsb.org
3226,ashtonmemorial.com
3227,carmelhosp.org
3228,careathomeny.org
3229,beaconsc.com
3230,shadynookrehab.com
3231,acrhomes.com
3232,auburnhomes.org
3233,brownfieldcare.com
3234,adarahc.com
3235,centraliamochamber.com
3236,atlasmedical.us
3237,shorespostacute.com
3238,alvaradocc.com
3239,charlenemanor.org
3240,scandiasl.com
3241,cedarridgehcc.com
3242,centerstreetclinic.org
3243,buenavistacarecenter.net
3244,cathedralhealthcarecenter.com
3245,aeofelgin.com
3246,aydencaregreenville.com
3247,cacost.org
3248,beachwoodpostacute.com
3249,casamariahc.com
3250,cascadedirectprimarycare.com
3251,sco.org
3252,sebasticookhospital.org
3253,sjmctx.org
3254,capitolphysicaltherapy.com
3255,altenheim.com
3256,3riverscommunityhealth.com
3257,seniorhealthpa.com
3258,atsedinburg.com
3259,camdenhc.com
3260,axisclinics.org
3261,sgchd.org
3262,briahs.com
3263,bellevillehrc.com
3264,chateaucenter.com
3265,chathamhillssubacute.com
3266,silveroaknursing.com
3267,advantagecaredtc.org
3268,bedrock-wedgewood.com
3269,bedrock-hamptonhouse.com
3270,shcpines.org
3271,careresource.org
3272,ccms.buncombeschools.org
3273,briarcrestnursing.com
3274,carolinapediatric.us
3275,azxrays.com
3276,bridgecaresuites.com
3277,brookshirerehab.com
3278,business.hopkinschamber.org
3279,allurestockton.com
3280,birchwoodparkrehab.com
3281,aryamedicalgroup.com
3282,shoal.yourpurehealth.com
3283,capitolhouseofbr.com
3284,carrollwoodcarecenter.com
3285,bakersfieldpace.org
3286,bolster-jeffries.com
3287,chdi4health.org
3288,sfresourceconnect.org
3289,associatedrehabservice.com
3290,bishopspencerplace.org
3291,cd.nmsu.edu
3292,bbhsnet.com
3293,cannoncountytn.gov
3294,capitolrehabhc.com
3295,agawamsouth.com
3296,bocaciegacenter.com
3297,bmcrehab.com
3298,cdphe.colorado.gov
3299,bhc-use-wpapp.azurewebsites.net
3300,chandlerhallhealthservices.org
3301,bhhm.org
3302,simpsonvillepa.com
3303,shorelinehealthcare.com
3304,bishopcarecenter.com
3305,centerpointofbr.com
3306,chetn.org
3307,christwoodrc.com
3308,silverridgehealthcarecenter.com
3309,biomedicalimaging.us
3310,aging.networkofcare.org
3311,brookview-hc.com
3312,autumnwoods.com
3313,birchwoodrehabilitation.com
3314,bprehab.com
3315,beaconspecialized.org
3316,chesapeakehealthrehab.com
3317,case.edu
3318,carenursingcenter.com
3319,ahfohio.com
3320,bethelwellness.org
3321,calirehab.com
3322,chelseashomehealthcare.com
3323,caretelbrighton.com
3324,chautauquasprings.org
3325,bayshiretorreypines.com
3326,ccchestnuthill.com
3327,amnhome.com
3328,silveroakshealthandrehab.com
3329,sdhsinc.com
3330,bhamhealthcare.com
3331,arthurcenter.com
3332,bersamobilexray.com
3333,bethanynursing.com
3334,bearhillrehab.com
3335,centralfloridapeds.com
3336,brookstonelc.com
3337,brethrencarevillage.org
3338,advantageeyecare.net
3339,shadylaneinc.com
3340,callen-lorde.org
3341,sequoiavistacare.org
3342,altercare.com
3343,sdshs.net
3344,bnrcenter.com
3345,beaufonthealthrehab.com
3346,able-2.org
3347,avamereshoreline.com
3348,chcfhc.org
3349,beaverrhc.com
3350,sarha.org
3351,brazostherapy.org
3352,cal-city-clinic.edan.io
3353,christianfamilymedicine.org
3354,cbcidd.com
3355,burbankhealthcare.com
3356,betterselfcommunitycare.com
3357,autumnlakespacreek.com
3358,baycountymcf.com
3359,avivaatfitzsimons.com
3360,bsisnf.yolocare2.com
3361,sheridanvillagerehab.com
3362,birchfamilyservices.org
3363,shfi.com
3364,careagehills.com
3365,acvhealth.net
3366,ascotdiagnostic.com
3367,blockinstitute.org
3368,cccedargrove.com
3369,autumnlakeperringparkway.com
3370,byronhealth.org
3371,audubonpt.com
3372,bethelhealthcare.com
3373,silvercrosshealthandrehab.com
3374,berrienoakscenter.com
3375,business.weslaco.com
3376,business.callawaychamber.net
3377,caseyspond.org
3378,brightpointhealth.org
3379,alicevillemanornursinghome.com
3380,beacontlc.com
3381,auroradialysis.org
3382,beaufortpediatrics.com
3383,avalonrehabhc.com
3384,cascadesatportarthur.com
3385,scott.tricare.mil
3386,alma-hr.com
3387,broadmoormedicallodge.com
3388,baptist.integrishealth.org
3389,centennialpa.com
3390,shoreservices.org
3391,autumnlakebradfordoaks.com
3392,beaverdamhcc.com
3393,sharonchc.org
3394,shenango.srcare.org
3395,schealth.org
3396,backinactionmedical.com
3397,baylorlascolinas.com
3398,amcdstage.ahmgt.com
3399,chcofcapecod.org
3400,centrepointerehab.com
3401,bearmountainnhr.com
3402,celinamanor.com
3403,auburnrehab.com
3404,belleaireastrehab.com
3405,skylineterracenh.com
3406,broadwayhcc.com
3407,cedarhillscnr.com
3408,bedrockhcs.com
3409,accelwb.com
3410,ccatgreenacres.com
3411,bellaterracenursing.com
3412,bruceclc.cesltc.com
3413,sierrawinds.com
3414,boyntonbeachrehab.com
3415,beverlycommunityclinic.com
3416,afpwa.org
3417,benningtonglen.com
3418,shakergardens.com
3419,camelbackrehab.com
3420,shs.covingtoncountyschools.org
3421,cbhphilly.org
3422,bradleypolkwalkinclinic.com
3423,brhealthcarecenter.com
3424,abilityconnection.org
3425,avalonkirbyville.com
3426,carthagehealthandrehab.com
3427,silvercreekhc.com
3428,asianpacificfund.org
3429,account.allinahealth.org
3430,bswarlington.com
3431,bedrock-yeadon.com
3432,charlesevanscenter.org
3433,bradfordheightsnr.com
3434,catholiceldercare.org
3435,arkstcamillus.com
3436,brooklyngardens.com
3437,arkbranfordhills.com
3438,brightwater-living.com
3439,autumnlakechevychase.com
3440,accordcare.com
3441,ses.seisd.net
3442,ch-dc.org
3443,sequoiatc.com
3444,bellavitarehab.com
3445,senecahrc.com
3446,burtonmc.com
3447,aventuraatshiloh.com
3448,choosekeswick.org
3449,cdhs.colorado.gov
3450,cbhs.portlandschools.org
3451,acrsthemaples.org
3452,bowietxchamber.org
3453,siennanursing.com
3454,centerplacehealth.org
3455,birchcreekpostacute.com
3456,silsbeeoaksllp.com
3457,catawbacountync.gov
3458,carelistings.com
3459,ate.barren.kyschools.us
3460,bigoakrehab.com
3461,caretelstjoseph.com
3462,adrcnj.org
3463,219health.org
3464,soddydaisyhealth.com
3465,christiancaretexas.org
3466,brintonmanorhc.com
3467,bakersvilleclinic.org
3468,senecaseniorliving.org
3469,asburyparkcare.com
3470,casscountymedicalcarefacility.org
3471,cherrydalehealthrehab.com
3472,cedarmanorcare.com
3473,silvercarehc.com
3474,chfpr.org
3475,sevenoaksnursing.com
3476,sdpostacute.com
3477,caaofcc.org
3478,chestnutrpa.com
3479,ccsevernapark.com
3480,amspecialty.org
3481,ccshorrockgardens.com
3482,childcenterny.org
3483,bhp.meade.kyschools.us
3484,behealthandrehab.com
3485,choctawrc.com
3486,bbtrails.org
3487,briarclifferi.com
3488,cbnrc.com
3489,sloanslakerehab.com
3490,cahcinc.com
3491,aultmandocs.com
3492,cedarcrestcenter.org
3493,abbotsfordhcc.com
3494,bellevueokc.com
3495,siskiyouhealthcenter.com
3496,belaircarecenter.com
3497,brooksidehealthcare.net
3498,actorsfundhome.org
3499,boundarywaterscc.com
3500,cfpmd.net
3501,cherryrx.com
3502,centerofthekingdom.com
3503,autumnlakeoldbridge.com
3504,carlinsprings.com
3505,alpinenursinghome.com
3506,cassenakidneycare.com
3507,cfsseniorliving.org
3508,brandonwoodsnewbedford.com
3509,chestnuthillhc.com
3510,barclaysrehab.com
3511,sngdialysis.com
3512,shannoncountyhealth.org
3513,brownmemorialhome.com
3514,smokyridgehc.com
3515,smokymountaincare.com
3516,cckressonview.com
3517,caracole.org
3518,alpine-hc.com
3519,aanhpihealth.org
3520,claremontnursing.com
3521,emeraldcare.org
3522,forestduke.org
3523,colonialnh.com
3524,gvrvhealth.com
3525,hamilton-nursing.com
3526,cypresscovecare.com
3527,fourpointshealth.org
3528,evergreen-woods.com
3529,healthservicealliance.org
3530,community-care-center.com
3531,elitetherapyandwellness.com
3532,easterniowahealthcenter.com
3533,dac.fcsd.us
3534,clovelakes.com
3535,doctorscenterhospital.com
3536,drjacksoncares.com
3537,colonialoaksnursinghome.com
3538,dhhs.ne.gov
3539,goldengoodshepherdhome.org
3540,grandmeadowseniorliving.com
3541,groesbeckltc.com
3542,cresthavenhc.com
3543,estatesatshavanopark.com
3544,harberthills.org
3545,cityofstockdale.com
3546,engelhardmedicalcenter.org
3547,colonelglennhr.com
3548,fireflypediatrics.org
3549,dhss.delaware.gov
3550,dialysis-services.med.umich.edu
3551,gracehealthandrehab.com
3552,fastexray.com
3553,fhchc.org
3554,colonialhr.com
3555,countryvillagetx.com
3556,citadelhealthcare.com
3557,fampracticeassociates.com
3558,flinthillscrc.com
3559,flintridgehc.com
3560,cortlandparkrehab.com
3561,gracepointwellness.org
3562,harbourviewsl.com
3563,civiccenterhealthandrehab.com
3564,gpsbh.org
3565,haynes.jpschools.org
3566,fairparkhealthandrehab.com
3567,grrh.ernesthealth.com
3568,grafton-county.com
3569,ehmss.org
3570,hccnetwork.org
3571,coventrycourthealth.com
3572,cloverleafhealthcare.com
3573,cypresscreekrehab.com
3574,eghc.org
3575,etheltaylor.cps-k12.org
3576,generationsregency.com
3577,columbusmedicalrehab.com
3578,gardenseaston.com
3579,enterprisenursinghome.com
3580,countrysidecenterfrn.com
3581,citycreeksacramento.com
3582,edgewoodrc.com
3583,glenviewwellnessandrehab.com
3584,harrishealthandrehab.com
3585,hartfordhealthcare.org
3586,cobbcsb.com
3587,freemanfamilypractice.com
3588,colonialassistedliving.com
3589,fairlanegardens.com
3590,greenhills-manor.com
3591,gardenswestshore.com
3592,dolphinpointehc.com
3593,cityofnokomis.com
3594,columbiapostacute.com
3595,dovercenterrehab.com
3596,hcnh.org
3597,greeleycounty.org
3598,crestviewcares.org
3599,clinicasierravista.org
3600,familyhealthcenter.org
3601,gardensstevens.com
3602,cpsnf.com
3603,decaturmedicallodge.com
3604,dayton-respiratory.net
3605,fowlercarecenter.org
3606,elbanursingandrehab.com
3607,flagshiprehab.com
3608,gardenspringhc.com
3609,gretnahealthrehab.com
3610,forestgrovepa.com
3611,cypresscoveliving.org
3612,harnettwoods.com
3613,greentreehomecare.com
3614,fairviewseniorliving.com
3615,episcopalseniorlife.org
3616,hallmarkhealthcarecenter.com
3617,eacrumprehab.com
3618,fraserltd.org
3619,emeraldridgerehabandcare.com
3620,corefugeeconnect.org
3621,deeringsnursing.com
3622,glenwoodok.com
3623,glenrockhealthcenter.com
3624,healthbridgehouston.com
3625,goldenpavilionhc.com
3626,gowandarnc.com
3627,collinssquare.com
3628,harvardstreet.org
3629,cordovahealthandrehab.com
3630,genesishcc.com
3631,cmhdover.org
3632,cincinnaticares.org
3633,georgeade.org
3634,coralreefsubacute.com
3635,fvbradenton.com
3636,grawi.com
3637,encinitasnursingandrehab.com
3638,countryplaceseniorliving.net
3639,forestmanorhcc.com
3640,franklingrovelivingandrehab.com
3641,cuttingedgept.com
3642,cthealthcare.net
3643,fofhealthcenter.org
3644,fpawk.com
3645,frankfortcare.com
3646,district.fayar.net
3647,crystalcovecc.com
3648,chuknduluemd.com
3649,deermeadowsrehab.com
3650,goodwillhome.org
3651,greatlakesphysicaltherapytc.com
3652,harborhc.com
3653,doralhw.org
3654,elanseniorlife.org
3655,countrymeadownwh.com
3656,greatlakesbayhealthcenters.org
3657,foresthillsdc.org
3658,foothillacres.com
3659,devonshireoaksnc.com
3660,foreverywoman.org
3661,dpbh.nv.gov
3662,fultongardenspostacute.com
3663,evergreencarecenter.org
3664,gracelandrnc.com
3665,generationsapplewood.com
3666,forestparknursing.com
3667,dickson.ashevillecityschools.net
3668,coalcreekpa.com
3669,eldorado.wlcfirm.com
3670,corrymanor.com
3671,coronadocare.com
3672,dicksonclinic.com
3673,enchantedrockcare.com
3674,grandviewhc.com
3675,exceptionallivingcenters.com
3676,clarkfamilypracticellc.com
3677,greensmapleleaf.com
3678,covingtonhealth.com
3679,fairparknursing.com
3680,crossroadcares.org
3681,collegestreethealthcarecenter.com
3682,doctors.bhsala.com
3683,evartps.org
3684,cranfordparkrhcc.com
3685,cornheritage.org
3686,fellowshiplifeinc.org
3687,eastlandrehab.com
3688,communitycouncilofidaho.org
3689,clarksoncommunitycarecenter.wordpress.com
3690,clivedenhealth.com
3691,countrysidenursingandrehab.com
3692,circlethecity.org
3693,elizabethcarecenter.com
3694,cypressridgecarecenter.com
3695,familyhealthservices.org
3696,dallas.yourpurehealth.com
3697,eastportlandcare.com
3698,deerfieldnr.com
3699,harmonmedicalrehab.com
3700,greenshendersonville.com
3701,daytonabeachhealthandrehab.com
3702,essexmeadows.com
3703,eechealth.com
3704,fmwknox.com
3705,harvardgardensrehab.com
3706,citycreekpostacute.com
3707,eastersealsar.com
3708,clevelandnursingandrehab.com
3709,foremosthc.com
3710,courtyardsclc.cesltc.com
3711,gandyhc.com
3712,griswoldnursingrehab.com
3713,gumptioncare.com
3714,elmbrookofhugo.com
3715,crownoftexas.org
3716,gicnr.com
3717,communitycarecenter.net
3718,drcharlesbarker.com
3719,dierksltc.com
3720,georgiamanornursing.com
3721,gsnhd.com
3722,ellenmemorial.com
3723,ganh.org
3724,greenwichwoods.com
3725,healthcare.utah.edu
3726,commonwealth-care.com
3727,goodfellow.tricare.mil
3728,clarionwellness.com
3729,greenhavenhc.com
3730,familycarehealthcenters.org
3731,echealthnet.com
3732,gatewayhc.com
3733,gardensmillville.com
3734,fountainhillspa.com
3735,citadelpostacute.com
3736,fairhaven.royalhealthgroup.com
3737,crosstrails.us
3738,frrh.org
3739,gulfportbehavioral.com
3740,citrusheightspa.com
3741,ehmct.com
3742,citizensmemorial.com
3743,georgianahealthandrehab.com
3744,hammer.org
3745,commonwealthfam.com
3746,culverwest.com
3747,goodshepherdlockwood.wixsite.com
3748,freshstarthealth.com
3749,es.easterseals.com
3750,healthlincchc.org
3751,dss.sd.gov
3752,covenantacademies.org
3753,embassyhealthcare.net
3754,crescentnursingrehab.com
3755,cuyahogabdd.org
3756,fhsid.org
3757,foxwoodseniorliving.org
3758,collegeparkrehabc.com
3759,fcckingston.com
3760,danishcarecenter.com
3761,gables-marysville.net
3762,cnrma.cnic.navy.mil
3763,coronahc.com
3764,granitenursingandrehab.com
3765,fatherpurcell.org
3766,emeraldbaycare.com
3767,fhs.sfhs.org
3768,grantcuesta.com
3769,hburgchc.org
3770,greenhillscenterrehab.com
3771,crestwoodhealth.com
3772,edgewoodrehab.com
3773,ellisvillehc.com
3774,creeksidepostacute.com
3775,greatlakeso.com
3776,goldenpalmsrehab.com
3777,crystalriverhealthandrehab.com
3778,delrosavillapostacute.com
3779,gulfsidehrc.com
3780,etcsnw.org
3781,fkhv.org
3782,hcfamilyclinic.com
3783,fourseasonsrehabcare.com
3784,drapercare.com
3785,drrh.ernesthealth.com
3786,greenwoodcnr.com
3787,crownpointhealth.com
3788,csmpr.org
3789,dentonsnf.com
3790,ecofhc.org
3791,edgewoodhr.com
3792,fhdks.com
3793,hamiltonchn.org
3794,delawarecourt.com
3795,driftwoodhealthcarecenter-hayward.com
3796,devongables.com
3797,elderguide.com
3798,eriecohealthohio.com
3799,etm.uthcm.com
3800,clarissacarecenter.org
3801,cornerstonetbc.com
3802,havenarcola.com
3803,glenrosenursingrehab.com
3804,healthfirstfamily.org
3805,friendshipvillagemi.com
3806,eisnerhealth.org
3807,gwyneddhc.com
3808,hawthorne.sd25.us
3809,flagstaffpediatrics.com
3810,cpte.net
3811,gbc.la
3812,fountainviewsubacute.com
3813,duboisccci.com
3814,dhandf.com
3815,devlinmanornursingandrehab.com
3816,cityofhoopeston.com
3817,clarity-healthcare.org
3818,countryarchcarecenter.com
3819,greenvillagesnr.com
3820,gallowayhc.com
3821,dgdpcommunities.org
3822,gracelight.org
3823,hcmc.us.com
3824,collegevistacare.com
3825,gvyakima.org
3826,grandterracehealthcenter.com
3827,cypressvalleycnr.com
3828,dccdialysis.com
3829,granville-center.facilities.centershealthcare.org
3830,equityhealth.org
3831,courtlandrehab.com
3832,drayer.urpt.com
3833,grovetonfamilymedicalclinic.com
3834,glenburniehc.com
3835,goodshepherdhealthcenter.org
3836,cottageltc.com
3837,clementineprograms.com
3838,harborcitypt.com
3839,dentonpostacutecare.com
3840,gobenfamily.care
3841,eagleridgerehabilitation.com
3842,greenvalleyhealthcare.net
3843,healthpointfc.org
3844,fishercountyhospital.com
3845,fmdc.org
3846,crh.arizona.edu
3847,directory.nascentiahealth.org
3848,collincountyadultclinic.org
3849,greenemeadows.com
3850,harneycountyor.gov
3851,fourthstreetclinic.org
3852,green-hill.com
3853,ghsrenal.com
3854,gardensrehab.com
3855,columbuscolonyelderlycare.org
3856,eldercarebemidji.com
3857,greenhillvillas.com
3858,familycarearcadia.com
3859,forestcitynursing.com
3860,eleducation.org
3861,hartleyrehab.com
3862,dryharbor.com
3863,community-place.org
3864,fairviewcommons.org
3865,healthpropediatrics.com
3866,hamptonnar.com
3867,daymont.org
3868,dtw.meade.kyschools.us
3869,countryhillspa.com
3870,citrushrc.com
3871,gurwin.org
3872,diamonddialysisone.com
3873,freseniusmedicalcare.com
3874,coah.net
3875,commonwealthvillage.com
3876,dvcr.com
3877,columbus.tricare.mil
3878,harrisonburghealthrehab.com
3879,grossmontpostacute.com
3880,familyhealthcareclinicky.com
3881,greenvillepostacute.com
3882,communitybridges.org
3883,goodsamlivingcenter.com
3884,generationsoakton.com
3885,goldcrestcc.com
3886,gassvillelivingcenter.com
3887,fernandinabeachrehab.com
3888,cornerstoneccmc.com
3889,glrehab.com
3890,elmhurstrehabhc.com
3891,discoveryrehabandliving.com
3892,co.cheshire.nh.us
3893,clearcreeknursing.com
3894,fairportbaptisthomes.org
3895,diamondgrovecenter.com
3896,claytonrehabcenter.com
3897,communitymemorialhc.com
3898,gracemorenursingrehab.com
3899,edenspringsrehab.com
3900,florencehandhome.org
3901,edgewaterhealth.org
3902,colemanfoundation.org
3903,collegeoakhealth.com
3904,harberlamanmanagement.com
3905,happyinhealthcare.org
3906,grantsrehab.com
3907,devonshirecc.health
3908,harborpointbhc.com
3909,emobileradiology.com
3910,fes.rheacounty.org
3911,foothillsbehavioralhealth.org
3912,fivepointsnursing.com
3913,covpeds.com
3914,dfcs.alaska.gov
3915,circlevillepa.com
3916,columbialutheranhome.org
3917,grantrehab.com
3918,fallriverrehab.com
3919,crescentrehabilitation.com
3920,cowleyhealthcenter.org
3921,frontporch.net
3922,emeraldomaha.com
3923,hamdenhealthcare.com
3924,dialysisfinder.com
3925,desertcanyonpostacute.com
3926,creeksidehealthcarecenter.com
3927,doc.iowa.gov
3928,columbianephrology.com
3929,courthousemanor.com
3930,fairmontrehabhospital.com
3931,friedwaldcenter.com
3932,covinarehab.com
3933,grandviewnr.com
3934,cmsnf.com
3935,crenshawnursing.com
3936,cornerstone-pt.net
3937,downeycommunityhealthcenter.com
3938,cloverrehab.com
3939,familiestogetheroc.org
3940,colusamedicalcenter.org
3941,gardensyork.com
3942,ebenezer.org
3943,fairoaksrehab.com
3944,coastalspeechinc.com
3945,franhealth.org
3946,givingmatters.civicore.com
3947,elmwoodnursingrehab.com
3948,gillettenursing.com
3949,happiinc.com
3950,countrycourt.com
3951,haysnursing.com
3952,dlp.vermont.gov
3953,clvillage.org
3954,deerfieldbeachhealthandrehab.com
3955,hattonprairievillage.com
3956,clarkretirement.org
3957,colonialmanor-amana.com
3958,evangelineoaks.com
3959,crossroadsfamilycare.com
3960,countryoakscarecenter.us
3961,glenhavenvillage.com
3962,crawford-cc.com
3963,fastpacehealth.com
3964,gabrielhouseofcare.org
3965,gracepointewellness.com
3966,fenwayhealth.org
3967,healingcommunitycenter.org
3968,cokatoseniorcare.com
3969,greenoakspt.com
3970,gvgardens.com
3971,dchealth.dc.gov
3972,hazelwood.org
3973,grandviewky.com
3974,eldercarealliance.org
3975,dover.tricare.mil
3976,felicianvillage.org
3977,gvnr.org
3978,gatewaytransitional.com
3979,creekwoodnr.com
3980,douglascarecenter.com
3981,fvrehab.com
3982,ehealthexchange.org
3983,goshen.therestoracy.com
3984,docasap.com
3985,crestwoodbehavioralhealth.com
3986,elcor.us
3987,grantcountyoregon.net
3988,health.tamu.edu
3989,fhcclinics.com
3990,dakotaranch.org
3991,coastalchs.org
3992,gilmernursing.com
3993,gc-health.org
3994,communityhospitalokc.com
3995,goodneighborsociety.org
3996,englewoodcares.com
3997,divine-toledo.com
3998,goldsbororehab.com
3999,cisconursing.com
4000,collingswoodrehab.com
4001,glenhavenhealthandrehab.com
4002,gccfullerton.com
4003,galaxrehab.com
4004,cjmc.us
4005,ditmasdialysis.com
4006,elmwoodhills.com
4007,drc.ohio.gov
4008,golfviewskillednursing.com
4009,crnwashingtontownship.com
4010,glendalecrc.com
4011,gracedale.org
4012,fourseasonshcs.com
4013,countryviewtx.com
4014,hayesmn.com
4015,chssd.org
4016,fhcw.org
4017,drksfamilymedicine.com
4018,cmwcusa.org
4019,citadelcarecenters.com
4020,gatewaycarecenter.com
4021,edgemerelife.com
4022,firstcircuitil.org
4023,grovenursingcenter.com
4024,hallfletcher.ashevillecityschools.net
4025,divinesylvania.com
4026,davismonthan.tricare.mil
4027,crestviewhwc.com
4028,ellismedicine.org
4029,deltaviewpa.com
4030,colonialmanors.com
4031,coastalimaging.net
4032,hanahealth.org
4033,cypressnursing.com
4034,franklinoakscare.com
4035,estatesatcarpenters.com
4036,glencove.northwell.edu
4037,culpeperhealthrehab.com
4038,communitymedicineinc.org
4039,firstrehabnpb.com
4040,dillonpioneercare.yolopebble.com
4041,harrisonpointehealthcare.com
4042,extonrehab.com
4043,crosshm.com
4044,gilbert.appalachianrehab.com
4045,evarahealth.org
4046,fitchburgrnc.com
4047,dobieroad.org
4048,communitycaremidwest.com
4049,cumberlandhealth.org
4050,duquoin.wlcfirm.com
4051,eastparkliving.com
4052,fewarren.tricare.mil
4053,goshenmedical.org
4054,greenwoodnursing.com
4055,egretcovecenter.com
4056,hahealth.org
4057,davis.brax.k12.wv.us
4058,clermontpark.org
4059,gardensatcelina.com
4060,givensestates.org
4061,fhahermiston.com
4062,ckdocs.com
4063,clinton-place.com
4064,hamletrehab.com
4065,coastalviewhcc.com
4066,cpwestchester.org
4067,harmony-court.net
4068,coralbayhc.com
4069,eagleexpresscare.com
4070,elfhcc.com
4071,gardensatpaulding.com
4072,enrichinglives.net
4073,dennettrehab.com
4074,groveparkhc.com
4075,fetterhealthcare.org
4076,hardeevillesc.gov
4077,colonialmanorrayville.org
4078,fountainviewcarecenter.com
4079,divinehalloffame.com
4080,harmonyhallcare.com
4081,foxrunmanor.com
4082,cimgpeds.com
4083,etac.fcsd.us
4084,fairoakshc.com
4085,familymedicalmi.org
4086,clearviewhome.org
4087,genmanco.com
4088,harborpostacute.com
4089,devinehealthandrehab.com
4090,franciscanministries.org
4091,decaturhealthcare.com
4092,greenscabarrus.com
4093,gsccdd.com
4094,cornerstonecarecenter.com
4095,columbusspecialtyhospital.com
4096,hamlinclinic.com
4097,hbimn.org
4098,fiesernursinghome.com
4099,grovepostacute.com
4100,classicrehabilitation.com
4101,gliihc.net
4102,eastbankcenter.com
4103,elktonclinicky.com
4104,esperanzaedc.com
4105,harmonycaregroup.com
4106,crestwoodrehab.com
4107,fruitvalehealthcarecenter.com
4108,greenbriernr.com
4109,farmervillerehabcenter.com
4110,gracevillehc.org
4111,foothillops.com
4112,healthrehab.com
4113,empowerme.com
4114,ctv.veeva.com
4115,corvilla.org
4116,coraldesertrehabilitation.com
4117,dtacenters.com
4118,fordlandclinic.org
4119,crestviewhr.com
4120,gemcitynrc.com
4121,guenthnerpt.com
4122,duval.floridahealth.gov
4123,fairfieldhealthcenter.com
4124,grantsbrook.com
4125,emeraldpeekrehab.com
4126,dobsonplaza.com
4127,cmhok.com
4128,cimarronpointe.us
4129,grundycounty.unitypoint.org
4130,hawthorne-healthcare.com
4131,decaturrehab.com
4132,gardenviewhrc.com
4133,clinicas.org
4134,familycaretn.com
4135,emergehearing.org
4136,eastlandhcc.com
4137,healthcareswfl.org
4138,fallcreekrehab.com
4139,florhamparkrehab.com
4140,eastbrookhealth.com
4141,gallupnursing.com
4142,edenhc.com
4143,doarpt.com
4144,health.usnews.com
4145,evergreen-pa.com
4146,elitenursingandrehab.com
4147,claridgehouse.care
4148,fellowshiphome.com
4149,hardinhomenh.com
4150,curryseniorcenter.org
4151,claridgehc.com
4152,cm.embdc.org
4153,deerparkhc.com
4154,creeksidetransitional.com
4155,foundcare.org
4156,gastonfamilypractice.com
4157,glenwood.org
4158,collinwoodcarecenter.com
4159,echelonrehab.com
4160,harborvillacares.com
4161,fvps.org
4162,diversifiedptspecialists.com
4163,fccwellbeing.com
4164,churchhillhcp.com
4165,harmonyhillshc.com
4166,corningtherapyandliving.com
4167,colonialparkmanor.com
4168,gigharborhrc.com
4169,desotohealthcare.com
4170,faithnursingandrehab.com
4171,goldenhillrehab.com
4172,crmcmed.org
4173,edgewaterskillednursing.com
4174,gallupcommunityhealth.org
4175,fullerhospital.com
4176,dva.iowa.gov
4177,coralrehabofwaco.com
4178,fleurdelisfhc.com
4179,clarabaldwinstocker.com
4180,crossvillehealthandrehab.com
4181,eldoradofamilymedicine.com
4182,csvs.org
4183,corinthrehabsuites.com
4184,hanoverhealthrehab.com
4185,corflv.com
4186,greeneacresrehab.com
4187,crockettmedicalclinic.com
4188,desertsenita.org
4189,citrushealth.org
4190,fairfieldnursingandrehab.com
4191,creeksideskillednursing.com
4192,douglascove.com
4193,forestmanorhealth.com
4194,danvillepediatrics.com
4195,gentryimaging.com
4196,fairchild.tricare.mil
4197,emersonhealthcare.com
4198,gainesvillehrc.com
4199,gallatincenterrehab.com
4200,evergreenhcc.com
4201,grandvue.org
4202,columbianahealthandrehab.com
4203,disabled.westchestergov.com
4204,foundationsfamilymedicine.com
4205,countrysidemanorhc.com
4206,harborsedgenorfolk.com
4207,gvhospital.org
4208,dominioninternational.org
4209,gatewaycarecenterpp.com
4210,crescentcareelgin.com
4211,goldenestatesrehab.com
4212,goodhopehospitalinc.com
4213,glenviewnaples.com
4214,glastonburyhcc.com
4215,edcchc.org
4216,exigesdiagnostics.com
4217,divineprovidencehome.org
4218,citrusnursing.com
4219,gatewayclinic.com
4220,greensweaverville.com
4221,crimsonheights.com
4222,courtyardscc.com
4223,fairhavenservices.com
4224,davisstreet.org
4225,ellisvillemedicalpark.com
4226,crestviewnrc.com
4227,eastcascade.com
4228,communitycarehealthandrehab.com
4229,cityparkhealth.com
4230,crystalridgecarecenter.com
4231,eastlakearbor.com
4232,granadarehabwc.com
4233,cottagegroveplace.com
4234,epicare.org
4235,cpfamilynetwork.org
4236,edmondscare.com
4237,freedombehavioral.com
4238,dayspringhealth.org
4239,hanoverhall.com
4240,greenacreshc.com
4241,foothillsrehabcenter.com
4242,clappsasheboro.com
4243,gccfillmore.com
4244,freedomplazafl.com
4245,graysonnursing.com
4246,fairmounthomes.org
4247,collegeparkrehab.com
4248,fouroaks.org
4249,comalt.org
4250,gatewaycenter.org
4251,garnethillrehab.com
4252,gatewaychc.com
4253,edtreatmentreview.com
4254,edmonsonnursing.com
4255,genchc.org
4256,guardianangelhealthservices.com
4257,guam.tricare.mil
4258,countryclubrehab.com
4259,dva.wi.gov
4260,eastbaypostacute.com
4261,diablovalleypa.com
4262,genacrosslutheranservices.org
4263,creeksidecenterrehab.com
4264,citizenscarefrederick.com
4265,earlwoodcenter.com
4266,generationsneighbors.com
4267,elpueblohealth.org
4268,daybrookvillage.org
4269,empathhealth.org
4270,feathercarecenter.org
4271,goldenmercedhc.com
4272,fhcswfl.org
4273,dace.floyd.kyschools.us
4274,fhckzoo.com
4275,crosstimbersinc.org
4276,dialysisbrooklyn.com
4277,genesisdialysis.net
4278,communityhealthinterventions.org
4279,franklincare.com
4280,fhcga.org
4281,hacga.com
4282,farmingtonvillagerehab.com
4283,eliseo.org
4284,fieldcrestcare.com
4285,forestcityrehab.com
4286,communityhealthconnection.org
4287,healthcare.housingworks.org
4288,golfcresthc.com
4289,dhs.portlandschools.org
4290,crystallakehealth.com
4291,ci.hemingford.ne.us
4292,corcoranhospital.specialdistrict.org
4293,courtyardhcc.net
4294,emeraldheights.com
4295,ddhomes.net
4296,ghentrnc.com
4297,cvch.org
4298,crossroadshealth.org
4299,creeksiderehabilitation.com
4300,costadelsolhc.com
4301,expressmedonline.com
4302,colonialmanormn.com
4303,delmarrehab.com
4304,gosnellhealthandrehab.com
4305,familypracticemedicalcenter.com
4306,evangelinearc.org
4307,colusamedcenter.com
4308,dawnhillhc.com
4309,emporiarehab.com
4310,greaterfamilyhealth.org
4311,daystarsinc.com
4312,givenshighlandfarms.org
4313,eastridgenursing.org
4314,dyess.tricare.mil
4315,emeraldmercy.com
4316,eliotrehab.com
4317,greystonehc.com
4318,fredericksburgrehab.com
4319,emeraldcoasthealthandrehab.com
4320,decaturhealth.org
4321,guilfordrehab.com
4322,friendshiphaven.net
4323,fortworthwellnessandrehab.com
4324,emeraldcolumbus.com
4325,epbhc.org
4326,colliervillenursingandrehab.com
4327,emergenursingandrehab.com
4328,faithhealthcentersnf.com
4329,clinicaromero.com
4330,goldcountryhc.com
4331,elitekingwood.com
4332,hawthornerehab.com
4333,dmxok.com
4334,gracejenks.com
4335,goldentrianglefamilycarecenter.com
4336,crossroadscarecenter.com
4337,haywardmemorialhospital.com
4338,damien.org
4339,creeksidehealthandrehabofcascadia.com
4340,genhealth.org
4341,goldenmodestohc.com
4342,elizajennings.org
4343,extendedcarehospital.com
4344,cornerstonefamilyhealthcare.org
4345,crystallakerehab.com
4346,filosahc.com
4347,diamondridgehealthcare.com
4348,florencerehabcenter.com
4349,fortmorganpediatrics.com
4350,elmorahills.com
4351,cvc.hardin.kyschools.us
4352,eastviewhealth.com
4353,eomchospital.com
4354,farwellcarecenter.com
4355,greenbriervillage.org
4356,grandpeaks.org
4357,doctors.wellmedhealthcare.com
4358,glenwoodregional.org
4359,cottagegrovepa.com
4360,countrysidemanorofbristol.com
4361,grandterracehealth.com
4362,hannahvillehealthcenter.com
4363,fairacresmanor.com
4364,findahealthcenter.hrsa.gov
4365,coastalrehabcenter.com
4366,gshq.org
4367,greenshickory.com
4368,cornwallmanor.org
4369,gregstonsnursingandrehabilitation.com
4370,faithmedicalclinic.net
4371,fresnopostacute.com
4372,forestviewrehab.com
4373,gaes.buncombeschools.org
4374,greenehealthnetwork.com
4375,greenmeadowshr.com
4376,edmondsmedicalclinic.com
4377,flaglerrehabilitation.com
4378,gencomhealth.org
4379,goldenageofwelsh.com
4380,giftoflifemichigan.org
4381,greenville.wlcfirm.com
4382,durginpines.com
4383,ghaautismsupports.org
4384,drbpediatriccarecenter.com
4385,firstcoasthealthandrehab.com
4386,goodshepherdhcp.com
4387,cvhsinc.org
4388,elranchovista.care
4389,foxhollowpostacute.com
4390,fpacp.com
4391,countrysideestateswarner.com
4392,gracechristian.hattiesburgpsd.com
4393,goldenacresliving.com
4394,goldenagecarecenter.com
4395,fairfaxhc.com
4396,desertterrace.net
4397,emeraldclaremore.com
4398,hamlinplace.com
4399,gmhcenter.org
4400,cstamnrc.com
4401,fultontotalhealth.com
4402,divineshanehill.com
4403,health.ingham.org
4404,creeksideterracerehab.com
4405,greshamcareandrehab.com
4406,crystalhrc.com
4407,goodwinliving.org
4408,cornerstonegardensllp.com
4409,devonshirecc.com
4410,genesisfqhc.org
4411,evenglow.org
4412,greenhavenrehabcare.com
4413,fulton-manor.com
4414,gatewaystbl.com
4415,fprehab.com
4416,gescorp.org
4417,courtyardcare.com
4418,eliteptsportsmedicine.com
4419,desertpeakcarecenter.com
4420,fvhollandseniorliving.com
4421,eastmsmedical.com
4422,excelcarenewark.com
4423,fcmrs.com
4424,cypresscarecenter.com
4425,freedomplazaarizona.com
4426,columbusalzheimercarecenter.com
4427,ejfhc.org
4428,dentalhealthfl.org
4429,friendshipplace.org
4430,cottageslsl.com
4431,greatersandhillsfamilyhealthcare.com
4432,covenantwoods.com
4433,estillclinic.com
4434,glasgowsnf.ky.gov
4435,gcpsghs.ss13.sharpschool.com
4436,desertsagehealthcenters.org
4437,colonialvistapa.com
4438,gallatinhc.com
4439,clearwatercenter.com
4440,fccinc.org
4441,hchcla.org
4442,fostercitymedicalcenter.com
4443,gettysburg.spiritrustlutheran.org
4444,familyofcaring.com
4445,corriganltc.com
4446,crestmontnorth.com
4447,harvestcrossingpostacute.com
4448,gracemanorcarecenter.com
4449,health.csuohio.edu
4450,creeksidevillagecare.com
4451,eastmainfamilymedical.com
4452,clintoncountymedicalcenter.com
4453,ctkis.buncombeschools.org
4454,generationsrockisland.com
4455,encorevillage.com
4456,goodneighborcommunityhealthcenter.com
4457,gamtnhealth.org
4458,grahamoakscare.com
4459,graftonoaks.com
4460,foothillfamilyclinic.com
4461,elmbrookhome.com
4462,foresthillhrc.com
4463,freeclinicdirectory.org
4464,fallscityrehab.com
4465,fivepointslakehighlands.com
4466,cwfks.org
4467,grancarenc.com
4468,familyhch.org
4469,greensgastonia.com
4470,epccinc.org
4471,health.bentoncountyor.gov
4472,clairpt.com
4473,co.knox.il.us
4474,fairoakshr.com
4475,hcai.ca.gov
4476,gottsche.org
4477,equitashealth.com
4478,elpasohealthrehab.com
4479,fourrivers.org
4480,crestwoodcare.net
4481,delaneyparkhealthandrehab.com
4482,harrisonpavilionhc.com
4483,floralahealthandrehab.com
4484,doctors.adventisthealth.org
4485,gallowayridge.com
4486,courtyardrehab.com
4487,friendshealthcare.org
4488,gardnerhealthservices.org
4489,hathawaymanor.org
4490,franklinprimary.org
4491,crownparkrehab.com
4492,hcpsc.org
4493,grandhaven-nursing.com
4494,greenmeadowscc.com
4495,faithhealthcare.net
4496,cimarronparknursingandrehab.com
4497,gatewaycommunityhealthcentersinc.com
4498,fchtexas.com
4499,dumontcenter.com
4500,ec-rehab.com
4501,fight.org
4502,countrysidetherapy.com
4503,hazelfindlay.com
4504,firststepsped.com
4505,corpsanos.com
4506,grovetonnursinghome.com
4507,excelwoodbury.com
4508,familychc.com
4509,columbusbehavioral.com
4510,explorabilitiestherapy.com
4511,crestviewseneca.com
4512,cityoffarmercity.org
4513,dovernursingandrehab.com
4514,edistopa.com
4515,go-pt.org
4516,emeraldtherapycenter.com
4517,frederickliving.org
4518,cyrusdiagnostic.com
4519,en.wikipedia.org
4520,colfaxhealthandrehabilitationofcascadia.com
4521,fhcntx.org
4522,curamn.org
4523,greenerehabservices.com
4524,cmhc.douglascounty-ne.gov
4525,familydoctorr.com
4526,greenhillsrc.com
4527,columbusspeech.org
4528,clovermeadowsrehab.com
4529,claremontmanorrehab.org
4530,eencks.org
4531,greenbayrehab.com
4532,dchc-delhi.com
4533,grandvalleyhcc.com
4534,eastwoodnc.com
4535,healthbridgekids.com
4536,gracehealthky.org
4537,greenfieldhc.com
4538,franklinhealthrehab.com
4539,communicaresa.org
4540,grangevillehealthandrehab.com
4541,escondidopa.com
4542,glenbridgehc.com
4543,dhs.sd.gov
4544,crossroadmc.org
4545,creeksidecenter.com
4546,glenwoodcarecenter.com
4547,glenvillehr.com
4548,comconnections.org
4549,crestmoorhrc.com
4550,fountainsmc.com
4551,hcmtx.org
4552,communitycareandrehab.com
4553,epicrehabwhiteplains.com
4554,dhs.sfhs.org
4555,guardianhc.com
4556,fourcornerscare.com
4557,desertblossomrehab.com
4558,clermonthealthandrehab.com
4559,emeraldcozad.com
4560,elevatenhr.com
4561,gracepointegreeley.com
4562,clayberg.org
4563,fivetownspremier.com
4564,health.utoledo.edu
4565,colonialnr.com
4566,fourwindsmanor.com
4567,doctorssubacutecare.com
4568,coryellhealth.org
4569,foulkliving.com
4570,goldenageinc.com
4571,greatersouthside.com
4572,ckcdocs.com
4573,guyandmaryfeltmanor.webs.com
4574,elmcrestmanor.com
4575,crbhky.org
4576,doctor.webmd.com
4577,familywalkinclinic.com
4578,donalsonvillehospital.org
4579,circleofcareinsalem.com
4580,health.arizona.edu
4581,famedx.com
4582,evanterracepa.com
4583,ecfh.org
4584,erie.ahn.org
4585,dekalbcounty.org
4586,forestridgehealth.com
4587,delhipa.com
4588,glenflora.net
4589,greenvalleyrehabsuites.com
4590,ellsworth.tricare.mil
4591,cottonwoodcanyonhc.com
4592,elsberryhcc.org
4593,evrh.ernesthealth.com
4594,elktonhc.com
4595,goldenageguthrie.com
4596,dailyplanetva.org
4597,freedompointefl.com
4598,gilavalleyclinic.com
4599,desertmountaincarecenter.com
4600,eppts.com
4601,hampdenhillspostacute.com
4602,eastvalleyhospital.com
4603,easternusa.salvationarmy.org
4604,eastsidecenterrehab.com
4605,croftonclinic.com
4606,clevelandhealthcarecenter.com
4607,flkidney.com
4608,crestpointerehab.com
4609,ennrc.com
4610,estateshealthcare.com
4611,collegeharbor.com
4612,eufaulachamber.chambermaster.com
4613,evergreencommonsrehab.com
4614,davids-house.org
4615,hancockcountyschools.com
4616,expresscareofbelleview.com
4617,crownrehabhc.com
4618,glfhc.org
4619,fairview-manor.com
4620,clinicamexico.com
4621,csgonline.org
4622,gordonmemorial.org
4623,fairhavensseniorliving.com
4624,clarkdd.org
4625,gracewomens.com
4626,communicareole.org
4627,edgewoodmanorcenter.com
4628,healthcarewithinreach.org
4629,goldenrose-carecenter.com
4630,cotuit.royalhealthgroup.com
4631,foothillscap.org
4632,goodshepherdcampus.org
4633,getstarpro.com
4634,claypoolhillpt.net
4635,communitycaretx.org
4636,grandboulevardhcr.com
4637,getcommunityhealth.org
4638,galion.city
4639,corning-center.facilities.centershealthcare.org
4640,harmonyhouse.org
4641,emeraldmidwest.com
4642,courtyardsatpasadena.com
4643,coralrehabofarlington.com
4644,colonialhs.com
4645,curryvillageofcascadia.com
4646,granburycarecenter.com
4647,comhar.org
4648,discoverycarecentre.org
4649,dicksonmd.com
4650,cottonwoodcare.com
4651,eastjefferson.jpschools.org
4652,colemancountymc.com
4653,gardencourthc.com
4654,colonialgardenshc.com
4655,countrymanorlamesa.com
4656,coralharborrehab.com
4657,gandgcare.com
4658,graceworksenhancedliving.org
4659,expressmobilediagnostic.com
4660,familyclinicna.com
4661,csjinitiatives.org
4662,greenbrieroftyler.com
4663,cypresspointerehab.com
4664,ec3.hardin.kyschools.us
4665,goldenacresmanor.com
4666,generationsbehavioralhealth.com
4667,gulfcoasthc.org
4668,dogwoodtrails.com
4669,gardensgettysburg.com
4670,excelkidneycare.com
4671,episcopalhomes.org
4672,gbms.org
4673,coastaltherapeutics.net
4674,edgemonthealthcareky.com
4675,crescentcitieshc.com
4676,drabbasrabiei.com
4677,foremostfhc.org
4678,gahrc.sfhs.org
4679,dialysuites.com
4680,clevelandfamilyhealth.com
4681,diamondbackhealth.com
4682,divinecanalpointe.com
4683,clearstreamhc.com
4684,familyhc.org
4685,fredericksburgpt.com
4686,cumberland-pt.com
4687,decaturnursing.com
4688,envivehealthcare.com
4689,colonialmanor-randolph.com
4690,firstcareclinic.com
4691,eastmagnetmiddle.mnps.org
4692,crowleykids.com
4693,decaturmorganhospital.net
4694,giftofhope.org
4695,cloverdalehealthcare.com
4696,granitemesahealthcenter.com
4697,fairfieldpostacute.com
4698,clinisync.org
4699,friendfhc.org
4700,fsst-nsn.gov
4701,communicarehealth.com
4702,easternplainsmedicalclinic.com
4703,elizabethnursingrehab.com
4704,guggenheimerhrc.com
4705,fhccgla.com
4706,greenvilleash.com
4707,gatesrehab.com
4708,cpa.confluenceacademy.org
4709,healthcareandrehabofsanford.com
4710,crestwoodmanoronline.org
4711,healthdistrictkc.org
4712,greenbrierofpalestine.com
4713,fleetwoodpostacute.com
4714,gnbchc.org
4715,columbinemanorcarecenter.com
4716,ges.rheacounty.org
4717,healthhelplocator.org
4718,communityhealthcenter.net
4719,functionalrehab.tripod.com
4720,crescentchc.org
4721,greenacreshealthcare.com
4722,fmcna.com
4723,drgalen.org
4724,epsomhcc.com
4725,expectedhealthcare.com
4726,cumbernauldvillage.com
4727,giffordhealthcare.org
4728,georgewashingtonhrc.com
4729,enablend.org
4730,havenpostacute.com
4731,fccare.org
4732,delhirehab.com
4733,crescentmanor.com
4734,corterrahealth.com
4735,familyhealthclinicofgrenada.com
4736,davisfamilymedicine.net
4737,harborhavenfdl.com
4738,cobalthealthcare.com
4739,glenardenny.com
4740,freedomvillage.org
4741,cognitivecenter.us
4742,claremoreokla.com
4743,coalton.rand.k12.wv.us
4744,eriecountypa.gov
4745,greatervalleyhealth.org
4746,guardiancarenursing.com
4747,dbtmaryland.com
4748,falmouth.royalhealthgroup.com
4749,dimock.org
4750,gardenparkcarecenter.com
4751,gctcu.com
4752,cottagesatgardengrove.org
4753,harmonycares.com
4754,epicnursingandrehab.com
4755,hancockhallhc.com
4756,fortmyersrehab.com
4757,fowlerhealthcare.com
4758,golcr.com
4759,demd.easterseals.com
4760,fcpchealth.com
4761,clinicalrenal.com
4762,claremontcarecenter.com
4763,communityfirsthc.org
4764,edenrnc.com
4765,excellhealthcarecenter.com
4766,dvs.az.gov
4767,greendaleforest.com
4768,denison.edu
4769,dvs.ohio.gov
4770,gardens-fairfax.net
4771,epworthvilla.org
4772,dvch.org
4773,evergreenwoodshealthandrehab.com
4774,harneydh.com
4775,evershinecare.com
4776,eastmoaa.org
4777,dodd.ohio.gov
4778,cms.covingtoncountyschools.org
4779,creswellpa.com
4780,fathermurrayvhc.com
4781,hamptonplacehc.com
4782,encinomed.org
4783,colonialpoplin.com
4784,healthapps.nj.gov
4785,clarkfieldcarecenter.com
4786,crownehealthcare.com
4787,harborviewlansdale.com
4788,greensviewmont.com
4789,gatewaypostacute.com
4790,familyhealthnwo.org
4791,dardanellenr.com
4792,deerfieldwnc.org
4793,hattieidechaffee.com
4794,gardencarerehab.com
4795,dahliagardenscnr.com
4796,foothillstransitionalcare.com
4797,croatanridge.com
4798,formemedicalcenter.com
4799,dadecityhrc.com
4800,dchc.douglascounty-ne.gov
4801,floridavets.org
4802,dover.cadiahealthcare.com
4803,doctoryearwoodmedical.com
4804,fayettevillehealthandrehab.com
4805,health.usf.edu
4806,driftwoodhealthcarecenter-santacruz.com
4807,excelcarelewes.com
4808,franklin.mpschools.org
4809,goldencrestnursingcentre.com
4810,elevatecare.com
4811,hapevilledialysis.com
4812,davisplacehcc.com
4813,communitycarecntr.com
4814,fallsvillagesnr.com
4815,fallsviewhc.com
4816,greenwoodvillagesouth.com
4817,fortdodgehealth.com
4818,cowrymedicalgroup.com
4819,gemtransitional.com
4820,grapevinemedicallodge.com
4821,emeraldnursing.care
4822,colonialcarerehab.com
4823,greenleaseniorliving.com
4824,ditmasrehab.com
4825,eventide.org
4826,cliffsiderehab.com
4827,greenridgepostacute.com
4828,foresthillmanor.com
4829,glenviewrehab.com
4830,fmapeds.com
4831,dexter-healthcare.com
4832,fairviewhc.com
4833,douglasvillerehabcenter.com
4834,ecpostacute.com
4835,en.simpr.org
4836,eastlongmeadownursing.org
4837,crosbytonclinichospital.com
4838,fultonnursingandrehab.com
4839,goldensanandreashc.com
4840,encorecommunities.com
4841,edinboromanor.com
4842,gardencityhealthcare.com
4843,harmonysnf.com
4844,hcch.org
4845,frontroyalfamilypractice.com
4846,coralshoresbehavioral.com
4847,clovernookhc.com
4848,danielboonefamilyhealthcare.com
4849,haywardhillshealthcarecenter.com
4850,deercreekhealthcare.com
4851,durhamhensleyhealth.com
4852,ganadonr.com
4853,elitelv.com
4854,fairwayoakscenter.com
4855,edgewoodmanorhc.com
4856,health.hamiltontn.org
4857,floridatherapycenter.com
4858,clarityupstate.org
4859,hanfqhc.org
4860,coronadocarecenter.com
4861,fvbrandywine.com
4862,galleriawoodsseniorliving.com
4863,hanfordpa.com
4864,covenantpostacute.com
4865,hanoverhill.com
4866,gardenstulsa.com
4867,famhealthcare.org
4868,elitedialysisltd.com
4869,downeycarecenter.com
4870,foundationpark.com
4871,cossma.org
4872,evansvilleprotestanthome.org
4873,foltsbrooksl.com
4874,chsofwi.org
4875,hbhospital.org
4876,cornerstonecare.com
4877,dynamiccts.com
4878,cypressvillageretirement.com
4879,destinationhc.com
4880,fes.buncombeschools.org
4881,glenbrookrhc.com
4882,greencountrymedical.com
4883,esrh.org
4884,genpsych.com
4885,familyhealthcareclinic.com
4886,disabilityinfo.org
4887,friendshouse.com
4888,dallasrenalgroup.com
4889,glencoverehab.com
4890,custom-pt.com
4891,colonialnursingandrehab.com
4892,deaconess-healthcare.com
4893,crowndialysis.net
4894,dukefitnessfearrington.com
4895,coloniallr.com
4896,coastalfamilyhealth.org
4897,familymedicalgroup.net
4898,glenwoodrnc.com
4899,harborhealthcareofironton.com
4900,dialysis-clinics.cmac.ws
4901,dunkirkrnc.com
4902,gardenviewpostacute.com
4903,haleyvillerehab.com
4904,exceedtherapy.com
4905,cortlandthealthcare.com
4906,fredericksburgnursingandrehab.com
4907,goshencare.com
4908,commcare.com
4909,edgewoodhealthandrehab.com
4910,freedomsquarefl.com
4911,goodsamaritantn.com
4912,eastersealshouston.org
4913,cottinghamretirementcommunity.com
4914,hawkeyecare.com
4915,delasallehallnj.org
4916,dunbarvillagems.com
4917,ecojc.org
4918,dahlonegapediatrics.com
4919,friendshiphome.com
4920,dynamicrehabservices.com
4921,flocritkansas.org
4922,falkvillerehab.com
4923,eljenhealthcare.com
4924,crossroadsnursingandrehab.com
4925,communihealth.org
4926,diamondridgehealthandrehab.com
4927,culvercitycompletecare.com
4928,glasgow-ky.helpyouachieve.com
4929,cottagecrestpostacute.com
4930,evergreenlongview.com
4931,franklinheightsnursing.com
4932,coronahealthcenter.com
4933,diagnosticxray.com
4934,colonialheightshc.com
4935,fmhwc.org
4936,grandmanornursingandrehab.com
4937,files.nc.gov
4938,esperanzahealth.com
4939,diamondhealthcenter.com
4940,crossroadsphysicaltherapy.com
4941,debaryrehab.com
4942,coulterpt.com
4943,everettrnc.com
4944,gardensatsthenry.com
4945,hces.buncombeschools.org
4946,fortressnursing.com
4947,foresthillcr.com
4948,escalantecity.gov
4949,eaglepassnursing.com
4950,deltamedspa.net
4951,grandeprairiecrc.com
4952,cumberlandnursingky.com
4953,communitycarectr.com
4954,hainescityrehab.com
4955,colonialvillage.com
4956,ehvi.org
4957,dentistry.umn.edu
4958,cwwcenter.com
4959,gardensag.com
4960,eastersealscentralalabama.org
4961,dresdenfamilyclinic.com
4962,emeraldtulsa.com
4963,fletcherrehab.com
4964,communityhealthtx.com
4965,duncaster.org
4966,colonialnursingky.com
4967,granitecountyhospital.com
4968,glisanpa.com
4969,fmc.healthcare
4970,elizachagrinfalls.elizajennings.org
4971,hamiltongrovehealth.com
4972,cibolocreekhealth.org
4973,colonyrehab.com
4974,darnall.tricare.mil
4975,gaymontcare.com
4976,creekviewhealthandrehab.com
4977,frenchparkcarecenter.com
4978,edenrehabcenter.com
4979,crgtherapy.com
4980,chwpcares.org
4981,glengariffrehab.com
4982,gethealthyharlem.org
4983,gardensorangeville.com
4984,folsomcarecenter.com
4985,harmonyhealth.care
4986,gulfcoastvillage.org
4987,countrylaneghc.com
4988,gilroyhealthcare.com
4989,foundersplazaskillednursing.com
4990,echrshealth.org
4991,eaglepointhealthcare.com
4992,fairlawnofcascadia.com
4993,happysiesta.com
4994,greenssprucepine.com
4995,goldenmaderahc.com
4996,crockettmidcoasthospital.com
4997,haywardpa.com
4998,fremonthealthcarecenter.com
4999,divineschoenbrunn.com
5000,gracevillage.org
5001,goodsamcobb.org
5002,granitecreekrehab.com
5003,gardenscamphill.com
5004,corpuschristi.tricare.mil
5005,franciscanchildrens.org
5006,eagleridgepa.com
5007,fairhaven-nursing.com
5008,essexnursing.com
5009,dccenteronaging.org
5010,cornerstonerhc.com
5011,coastalmedicalrhc.com
5012,evergreenls.org
5013,espanolasportsmed.com
5014,hallmar-village.seniorliving-phs.com
5015,friendmed.org
5016,garlandroad.com
5017,fordhamnrc.com
5018,drexel.edu
5019,familycarewv.org
5020,dantohc.com
5021,goodshepherdhome.com
5022,goldenhillpostacute.com
5023,flexiblemedicalimaging.com
5024,foxrunorchardpark.com
5025,fishkillcare.com
5026,downtownhealthfw.com
5027,first-rehab.com
5028,dph.sbcounty.gov
5029,fullspectrumpediatrictherapy.org
5030,hamptonridgehealth.com
5031,foresthillsnh.com
5032,gilmormanor.wixsite.com
5033,communityhealthdayton.org
5034,firstclasskidneycare.com
5035,exceptionalcare.org
5036,dhs.saccounty.net
5037,harrisonmemhosp.com
5038,dbnrc.com
5039,hayesconvalescent.com
5040,fairburnhc.com
5041,directmobileimaging.com
5042,danvillepostacute.com
5043,generationcareinc.com
5044,delmarhospital.com
5045,doubletreepa.com
5046,eastbayrehab.com
5047,encoreatcrowley.org
5048,durangohealthandrehab.com
5049,friendshipvillagestl.com
5050,ecrehabandwellness.com
5051,firstchoicephysicaltherapyind.com
5052,harvesthousecenters.org
5053,citrus.floridahealth.gov
5054,cumberlandfamilymedical.com
5055,grahamnursing.com
5056,deleonnursing.com
5057,fiannahillsnursing.com
5058,greencountrycarecenter.com
5059,cottonwoodnursing.com
5060,earcinc.org
5061,egyptian.org
5062,haywood.health
5063,crestlinenwh.com
5064,edgefieldpa.com
5065,dickinson.rehabvisions.com
5066,healthcarereportcard.illinois.gov
5067,clarksvilleskillednursing.com
5068,goldenheightshc.com
5069,desotohealthandrehab.com
5070,estrellahealthandrehab.com
5071,garrisongecc.com
5072,cypressgardenrehab.com
5073,hawkins.hattiesburgpsd.com
5074,citizensmedicalcenter.org
5075,greenvillefamilymedicine.com
5076,clinics.bentoncountyor.gov
5077,fairmontcrossing.com
5078,corbin.continuecare.org
5079,greatplainsnursing.com
5080,goldcrest.net
5081,hcdmg.org
5082,greentreehealthandrehab.com
5083,cometowalnutcreekohio.com
5084,elmwoodcommunities.com
5085,glendalehcc.com
5086,harborviewdoylestown.com
5087,csfapr.com
5088,gulf.floridahealth.gov
5089,greenslincolnton.com
5090,fourakerhill.com
5091,cityviewpa.com
5092,elmcrest.net
5093,freemanhealth.com
5094,elrio.org
5095,emeraldlakeview.com
5096,fairviewct.org
5097,goldeninman.com
5098,denversunsethome.com
5099,essex-center.facilities.centershealthcare.org
5100,diversityhc.org
5101,fhcaky.com
5102,fountainviewhrc.com
5103,gphainc.org
5104,greenmountainnh.com
5105,goldensonorahc.com
5106,gordonlanecarecenter.com
5107,cumberlandhallhospital.com
5108,clearwaterhealthcare.com
5109,fairfaxclinic.com
5110,davenportcenter.com
5111,fpdialysis.com
5112,countryviewnr.com
5113,essentialseniorhealthandliving.org
5114,fountainvalleypa.com
5115,www.hearthstone-care.net
5116,www.lcdn.org
5117,www.lldhhome.org
5118,www.freeburgcarecenter.com
5119,www.familycarenetwork.com
5120,www.hillsideml.com
5121,www.fairhavenhome.com
5122,www.exalthealth.com
5123,www.fcch.com
5124,www.lopa.org
5125,www.gridleypostacute.com
5126,www.lewisboe.com
5127,www.fmcod.com
5128,www.hdsdialysis.com
5129,www.hurstplazahc.com
5130,www.friendshipmanor.org
5131,www.kyfamilypractice.com
5132,www.juliatempleoutpatient.com
5133,www.laora.org
5134,www.heritagebelair.com
5135,www.lifecoasthealth.com
5136,www.grandvillagemn.org
5137,www.healthright360.org
5138,www.healthjobsnationwide.com
5139,www.leecountycare.com
5140,www.goodsamaritanlv.com
5141,www.hamiltonhealthcenter.com
5142,www.mapleridgerhc.com
5143,www.futurecare.com
5144,www.mangumok.com
5145,www.hardinsburgnursing.com
5146,www.friendshiphc.com
5147,www.geneseecountymi.gov
5148,www.hopehealthtx.org
5149,www.foothillregionalmedicalcenter.com
5150,www.hcfresno.com
5151,www.greenmeadowshc.com
5152,www.lincoln.kyschools.us
5153,www.flatrockriverlodge.com
5154,www.madisonprimarycare.com
5155,www.glasgowpeds.com
5156,www.hasccenter.org
5157,www.heartlandhealthcenter.org
5158,www.hometownpeds.org
5159,www.loomiscommunities.org
5160,www.jmmorrownursinghome.com
5161,www.lcamc.net
5162,www.hillsideheightsrehab.com
5163,www.housleypt.com
5164,www.legacyinc.com
5165,www.inspirerhc.com
5166,www.hamdardhealth.org
5167,www.legacycommunityhealth.org
5168,www.fourseasonsretirement.com
5169,www.loganpediatrics.com
5170,www.farmingtonsportsandrehab.com
5171,www.homesteadvillage.org
5172,www.lafayettecountywi.org
5173,www.heritagenyc.org
5174,www.elikhomedialysis.com
5175,www.freedom-dialysis.com
5176,www.hhsi.us
5177,www.landmarknursingandrehab.com
5178,www.lincolntonrehab.com
5179,www.knollwoodnursingcenter.com
5180,www.greenvillenr.com
5181,www.lehighhrc.com
5182,www.huntington-court.net
5183,www.keiai-southbay.com
5184,www.guardianangelsmn.org
5185,www.goldenyears-care.net
5186,www.magnapt.com
5187,www.hascares.org
5188,www.evergreenhs.org
5189,www.lourdesseniorcommunity.org
5190,www.madisonparkhealthcare.com
5191,www.hhwaz.org
5192,www.hartwellmedical.com
5193,www.grandviewrehab.com
5194,www.eunicemanor.com
5195,www.harlemcenterrehab.com
5196,www.henrystarkhealth.com
5197,www.excelpeds.com
5198,www.familycareclinicofripley.net
5199,www.heritage-emerson.com
5200,www.hallbrooke.org
5201,www.lawtoncommunityhealthcenter.com
5202,www.jphsa.org
5203,www.manoratbwb.com
5204,www.fairmontok.com
5205,www.hilltophomeofcomfort.org
5206,www.larchwoodinns.com
5207,www.larnedcares.com
5208,www.familyhs.org
5209,www.lakesideclubhouse.org
5210,www.goldenagelivingcenter.com
5211,www.goldwatercare.com
5212,www.jameslwest.org
5213,www.graceok.com
5214,www.gwdphysicianscare.com
5215,www.lancasteremerald.com
5216,www.glenhavencorp.com
5217,www.indigotherapy.org
5218,www.lifetimeresources.net
5219,www.huntington-woods.net
5220,www.lssliving.org
5221,www.friendship.us
5222,www.lodicreekpostacute.com
5223,www.envisiongreaterfdl.com
5224,www.heritage-hall.org
5225,www.hms-nm.org
5226,www.foundationshealth.net
5227,www.highshoalshealth.org
5228,www.madisonmedicalresort.com
5229,www.hearthstonehouses.com
5230,www.kahlhome.org
5231,www.harringtonparkhealth.org
5232,www.fairhaven.cc
5233,www.episcopalretirement.com
5234,www.ighl.org
5235,www.eldoradoimaging.com
5236,www.kaxray.com
5237,www.lapedscenter.com
5238,www.foxchapelpt.com
5239,www.illinoiseyeinstitute.org
5240,www.lifecaretherapy.com
5241,www.guilfordcountync.gov
5242,www.indianapt.com
5243,www.lebanonsouthnursingrehab.com
5244,www.fivestarseniorliving.com
5245,www.iredellpsychiatry.com
5246,www.getluna.com
5247,www.jackson.k12.ms.us
5248,www.empresscare.com
5249,www.lifeconnection.org
5250,www.knottcountyhrc.com
5251,www.linwoodvillagecare.com
5252,www.health.mil
5253,www.gadsdenhealthcare.com
5254,www.focusoutreach.org
5255,www.genesisprimecare.org
5256,www.kentuckycare.net
5257,www.granitehillshc.com
5258,www.herefordnursing.com
5259,www.islahealth.org
5260,www.heritageinnbarnesville.org
5261,www.glenhaveninc.com
5262,www.heritagemanorsouth.com
5263,www.lebanonnursingandrehab.com
5264,www.friendlyseniorliving.org
5265,www.hilltopestatesgothenburg.com
5266,www.fairwayview.us
5267,www.healthpromed.org
5268,www.fmcsinc.org
5269,www.fairingway.org
5270,www.gtpavilions.org
5271,www.highlandviewrhc.com
5272,www.forefamilypractice.com
5273,www.gilpinhall.org
5274,www.leecountyhealthrehabilitation.org
5275,www.ladyofpeacelewiston.org
5276,www.hallmarkyouthcare.org
5277,www.jrds.org
5278,www.livingstoncountyny.gov
5279,www.elimpark.org
5280,www.hopi-nsn.gov
5281,www.gardencenterservices.org
5282,www.irvingnursing.com
5283,www.landmarkofcollinsms.com
5284,www.landmarkoflaurelcreek.com
5285,www.lifesharing.org
5286,www.lakepointerehab.com
5287,www.holyfamilysl.org
5288,www.grossmonthealthcare.org
5289,www.hamiltonpointehealthandrehab.com
5290,www.heritagemanorwest.com
5291,www.kirkhaven.com
5292,www.impactphysicaltherapy.com
5293,www.keiai-la.com
5294,www.kvhc.org
5295,www.festusmanor.org
5296,www.lifecareusa.com
5297,www.lamission.edu
5298,www.lutheranseniorlife.org
5299,www.holstonrehab.com
5300,www.ellispt.com
5301,www.greekamericancare.org
5302,www.landmarkofiroquoispark.com
5303,www.heritageatbrandonplace.com
5304,www.girdwoodhealthclinic.org
5305,www.greenerycenter.com
5306,www.lchcs.com
5307,www.grvillage.org
5308,www.hazelwoodschools.org
5309,www.mainstreetterracecarecenter.com
5310,www.eomhealthcaregroup.com
5311,www.kingstreetrehab.com
5312,www.mallorychc.com
5313,www.liveatwesterwood.org
5314,www.fl-mentor.com
5315,www.euchc.org
5316,www.lowincomeclinics.us
5317,www.harvardresthaven.com
5318,www.lasagradafamiliacenter.com
5319,www.lorettocommunity.org
5320,www.kemptonofcharleston.com
5321,www.kpinhawaii.org
5322,www.manninggardensnr.com
5323,www.forestfamilyclinic.com
5324,www.hospitalryder.org
5325,www.hillsdales.org
5326,www.hooverwood.org
5327,www.havenwoodacademy.org
5328,www.lorienhealth.com
5329,www.hennepin.us
5330,www.lebonheur.org
5331,www.fastradllc.com
5332,www.govcb.com
5333,www.glide.org
5334,www.lakecityprimary.com
5335,www.hcsis.state.pa.us
5336,www.heritagefairbury.com
5337,www.hciradiology.com
5338,www.luthermanorhannibal.com
5339,www.joplingardens.com
5340,www.hamlakemn.gov
5341,www.glendalenursingrehab.com
5342,www.langdondover.com
5343,www.greenacresnursingandrehab.com
5344,www.heritageparkrapids.org
5345,www.gingercove.com
5346,www.elderjusticeny.org
5347,www.gcsd.ms
5348,www.freerehabcenters.org
5349,www.familycareassociates.com
5350,www.grandcovecenter.com
5351,www.guidestar.org
5352,www.hillcrestsumner.com
5353,www.gracehealthmi.org
5354,www.healthwestinc.org
5355,www.graceinspiredliving.org
5356,www.kcsd.k12.or.us
5357,www.heritagehousenursingcenter.com
5358,www.elpasorehabhospital.com
5359,www.hillcountrymemorial.org
5360,www.laureldalenursingandrehab.com
5361,www.legacypostacutecare.com
5362,www.hartvillecarecenter.com
5363,www.fellowshipcommunity.com
5364,www.horizonslivingandrehab.com
5365,www.hmhcc.com
5366,www.gallientherapy.com
5367,www.eriehandcenter.com
5368,www.maria-joseph.net
5369,www.legacymedicalcare.org
5370,www.harmonyhealthclinic.com
5371,www.flomatonmedical.com
5372,www.fieldstonlodge.com
5373,www.lsmnj.org
5374,www.healthconceptsltd.com
5375,www.kthd.org
5376,www.housingworks.org
5377,www.elevatehealthcenter.org
5378,www.ghcarecenter.com
5379,www.eriecounty.oh.gov
5380,www.manhattanmedgroup.com
5381,www.iowaparkcare.com
5382,www.lindencourt.com
5383,www.lincolnshirehc.com
5384,www.kadimahealth.com
5385,www.garciamedicaldfs.com
5386,www.healthservicesinc.org
5387,www.eurekarehabwc.com
5388,www.lakelandnursingrehab.com
5389,www.madronarecovery.com
5390,www.lawsonmanor.com
5391,www.maisondelafayette.com
5392,www.heartshare.org
5393,www.lancasterrehabhospital.com
5394,www.intercommunityct.org
5395,www.fountainbleaulodge.com
5396,www.greenwoodhouse.org
5397,www.evmc.org
5398,www.highviewrehabandnursing.com
5399,www.lapeermedicalassociates.net
5400,www.familycaremedicalclinictupelo.com
5401,www.lonokehr.com
5402,www.elderwerks.org
5403,www.hmdb.org
5404,www.lakes.k12.in.us
5405,www.global-dp.com
5406,www.horizonhealthcare.org
5407,www.evolution.rehab
5408,www.gentlebrook.org
5409,www.ghms-inc.org
5410,www.hollyhall.org
5411,www.fountainspringscapemay.com
5412,www.kidneycareoflouisiana.com
5413,www.ivycreekhc.com
5414,www.houstonisd.org
5415,www.freerehabcenters.net
5416,www.lindanparkhealth.com
5417,www.jones-harrison.org
5418,www.littlerivers.org
5419,www.lchealth.org
5420,www.exodusbhcnf.com
5421,www.garnavilloia.com
5422,www.hillhospitalalabama.com
5423,www.indianhealthboard.com
5424,www.haywardhcc.com
5425,www.inspirapr.com
5426,www.fsdialysis.com
5427,www.harrisonandfeldhausenpc.com
5428,www.kentonnursingandrehab.com
5429,www.franklinsimpsonrehab.com
5430,www.maplelawnnursinghome.net
5431,www.hopechc.org
5432,www.lelandmedicalclinic.org
5433,www.lynnhouse.org
5434,www.jeffersonsferry.org
5435,www.hovercommunity.org
5436,www.fcrhc.com
5437,www.facebook.com
5438,www.legacyheightsnr.com
5439,www.hayshousellc.com
5440,www.fortwaltonrehab.com
5441,www.fhcso.org
5442,www.elizabethseton.org
5443,www.forumparkwayhealthandrehab.com
5444,www.glenburn.com
5445,www.lowermanhattandialysis.com
5446,www.greenvillealchamber.com
5447,www.lakeridgecenter.com
5448,www.magnoliaplacejefferson.com
5449,www.haciendadialysiscenter.com
5450,www.hopkinswellness.com
5451,www.laholyangels.org
5452,www.elmterrace.org
5453,www.illuminus.us
5454,www.empower-wny.org
5455,www.garveymanor.org
5456,www.lcthc.com
5457,www.lakeviewchristian.com
5458,www.hewittrehabilitationandwellness.com
5459,www.lutherancarecenter.org
5460,www.hoosiervillage.com
5461,www.emerald-pointe.net
5462,www.lenaweemedicalcarefacility.org
5463,www.friendlyvillagerehab.com
5464,www.episd.org
5465,www.jhcvirginia.org
5466,www.humangood.org
5467,www.kkv.net
5468,www.hfrehab.com
5469,www.govrehabs.us
5470,www.fhcsd.org
5471,www.maisontechenursinghome.com
5472,www.icchc.org
5473,www.guesthousewestmonroe.com
5474,www.groveelmhurst.com
5475,www.feltztherapy.com
5476,www.inhouseprimarycare.com
5477,www.hchcla.org
5478,www.graceluthfound.com
5479,www.mansfieldkidney.com
5480,www.hutsonwood.org
5481,www.longwoodatoakmont.com
5482,www.inlandlakes.org
5483,www.forestparkhcc.com
5484,www.lyonsks.org
5485,www.heritageinnhealth.org
5486,www.gnhc.org
5487,www.jacksonville-snr.com
5488,www.ezramedical.org
5489,www.ikron.org
5490,www.firstchoiceprimarycare.org
5491,www.heritageinnsandersville.org
5492,www.ironboundms.com
5493,www.hattiesburgclinic.com
5494,www.excelcaredover.com
5495,www.familyhealthnetwork.org
5496,www.evchc.org
5497,www.harmonycedarrapids.com
5498,www.lakesidegenerations.org
5499,www.legacyrehabilitationhealthcare.com
5500,www.lee.ga.us
5501,www.healthpro-heritage.com
5502,www.hollandlakerehabilitationandwellness.com
5503,www.familyhealthcareofloranger.com
5504,www.lakeside-hrc.com
5505,www.glenmontcsn.com
5506,www.kendal.org
5507,www.friendshomes.org
5508,www.howehouse.com
5509,www.jccsi.org
5510,www.hhs.nd.gov
5511,www.goldenview.org
5512,www.harmonypalosheights.com
5513,www.lanecounty.org
5514,www.fosscare.org
5515,www.elonmanor.com
5516,www.hurttclinic.org
5517,www.laurelsofdefiance.com
5518,www.healthsourceofohio.org
5519,www.gracerehab.com
5520,www.jaghealthcare.com
5521,www.jewishhomelife.org
5522,www.kennedychc.org
5523,www.harmonywestdesmoines.com
5524,www.esswichita.org
5525,www.harmonyhealthcareli.org
5526,www.highlandridgerehab.com
5527,www.longbeach.gov
5528,www.heartlandrehabcenter.com
5529,www.lynnschools.org
5530,www.manorgrove.com
5531,www.littlelighthousecr.com
5532,www.jewelhcc.com
5533,www.hrsa.gov
5534,www.inlandfamilyhealth.com
5535,www.lakesokc.com
5536,www.gardenparknursingandrehab.com
5537,www.lakecountyschools.net
5538,www.hillsdalemedicalcare.org
5539,www.jewishhomefamily.org
5540,www.kulanamalama.com
5541,www.gccsouthgate.com
5542,www.fultoncenternursing.com
5543,www.lakeviewterrace.com
5544,www.familymedicalcenters.org
5545,www.good-sam.com
5546,www.floridapalmsacademy.com
5547,www.emeraldbrookside.com
5548,www.harcoboe.net
5549,www.laurelviewvillage.com
5550,www.luthercare.org
5551,www.hearthstone.org
5552,www.etwhcc.com
5553,www.haralsonnursingandrehabilitation.com
5554,www.havenwestchester.com
5555,www.holyangelsnc.org
5556,www.henryctr.com
5557,www.goodshepherdnr.com
5558,www.letcher.kyschools.us
5559,www.kbic-nsn.gov
5560,www.havasunursingcenter.com
5561,www.littleflowermanor.org
5562,www.lifeworksnw.org
5563,www.jeffco.us
5564,www.hopekidney.com
5565,www.jacksonkymedical.com
5566,www.hanoverhospitalandclinic.com
5567,www.lhlfpeds.com
5568,www.glendalepac.com
5569,www.in-pact.org
5570,www.kidneytreatmentcenter.com
5571,www.healthcarecenteratbuckcreek.com
5572,www.happinesshouse.org
5573,www.hillcrestpostacute.com
5574,www.heritagegardenshealthcare.com
5575,www.hilltopnursingandrehabilitation.com
5576,www.lakearrowheadmd.com
5577,www.lavernamanorhr.com
5578,www.laurellake.org
5579,www.hcchealth.org
5580,www.holidaynorman.com
5581,www.hecmn.com
5582,www.hunteracrescc.net
5583,www.elpasospeech.com
5584,www.knoxcountyhealth.org
5585,www.holidayhealthcare.com
5586,www.louisvillecarecenter.com
5587,www.forrestcountyahs.com
5588,www.legacyhealthrehabilitation.org
5589,www.hillebrandhealth.com
5590,www.fortmojaveindiantribe.com
5591,www.episcopalassetmap.org
5592,www.excelth.com
5593,www.lexingtonmanorseniorcare.com
5594,www.landmarkofrivercity.com
5595,www.hendersonctr.com
5596,www.hildebrandcare.com
5597,www.hermitagenursingrehab.com
5598,www.knoxcountyarc.com
5599,www.lakeshorechc.org
5600,www.lhcpclinics.com
5601,www.lebanonnorthnursingrehab.com
5602,www.keysoutpatient.com
5603,www.lexingtonhousecarecenter.com
5604,www.highlandclarksburghospital.com
5605,www.heritagemanoropelousas.com
5606,www.jeffersonhealthcarela.com
5607,www.galeonmn.com
5608,www.fidalgoislandhealthcenter.com
5609,www.lexingtonnursinghomeinc.com
5610,www.hillcrest-heights.com
5611,www.etchc.com
5612,www.goldenageds.com
5613,www.fairviewhaven.org
5614,www.friendshipvillagemn.com
5615,www.lhhr.info
5616,www.kalixnd.org
5617,www.landmarkofrayne.com
5618,www.lutheranhomekane.org
5619,www.highlandchateau.com
5620,www.march.afrc.af.mil
5621,www.lutherhaven-mn.org
5622,www.greencroft.org
5623,www.forestst.org
5624,www.hsdlions.org
5625,www.healthyhorns.utexas.edu
5626,www.elmhurstextendedcarecenter.com
5627,www.localcommunityhealth.com
5628,www.lchclubbock.org
5629,www.knollwood-hc.com
5630,www.heritagemanorofbatonrouge.com
5631,www.jenniestuarthealth.org
5632,www.leeway.net
5633,www.freedental.org
5634,www.legacytowncreek.com
5635,www.jmu.edu
5636,www.elizabethtownhcc.com
5637,www.lakehamiltonhr.com
5638,www.hackleycommunitycare.org
5639,www.londonwomenscare.com
5640,www.elmhurstcare.com
5641,www.leominsterrnc.com
5642,www.evch.net
5643,www.heritagemanorstratmore.com
5644,www.harboursedge.com
5645,www.laredhealthcenter.org
5646,www.hellingchildrenscenter.com
5647,www.malvernbh.com
5648,www.ldftribe.com
5649,www.grangernursinghomeandrehab.com
5650,www.integrityhcc.com
5651,www.jefferson.kyschools.us
5652,www.innercityhealth.org
5653,www.hilltopvillagehc.com
5654,www.lewisandclarkgardens.com
5655,www.fmcjackson.com
5656,www.fvpt.com
5657,www.iredellcountync.gov
5658,www.magnoliamanor.com
5659,www.lakheir.org
5660,www.lindencenterrehab.com
5661,www.firstchoicebyrdstown.com
5662,www.fordsvillenursing.com
5663,www.heritagehealthcarehammond.com
5664,www.lanai96763.com
5665,www.lifenethealth.org
5666,www.elwyn.org
5667,www.gatesway.org
5668,www.excelcarepines.com
5669,www.lrmhc.org
5670,www.lambhc.org
5671,www.gowrieltc.com
5672,www.heartofgeorgiarehab.com
5673,www.lutherwoods.org
5674,www.firstchoicechc.org
5675,www.lebanonpt.com
5676,www.laurelwoodctr.com
5677,www.floridamedicalclinic.com
5678,www.kingdavidcenterrehab.com
5679,www.harmonydavenport.com
5680,www.hope-health.org
5681,www.landmarkofrichtonpark.com
5682,www.glenwoodterrace.com
5683,www.fairfaxbehavioralhealthltc.com
5684,www.lasallenursinghome.care
5685,www.landmarkbatonrouge.com
5686,www.greenek12.org
5687,www.indianstream.org
5688,www.hcafloridaphysicians.com
5689,www.kesslerrehabilitationcenter.com
5690,www.humboldtfamily.org
5691,www.hartcarecenter.org
5692,www.erwinhealthcare.net
5693,www.lodgeofthewabash.com
5694,www.floridaarf.org
5695,www.greatlakesdialysis-west.com
5696,www.fleshers.net
5697,www.kintura.org
5698,www.innisfreehr.com
5699,www.hiptchiro.com
5700,www.karenacresdsm.com
5701,www.jemezpueblo.org
5702,www.glencroft.com
5703,www.healthcenterclinics.org
5704,www.fmconawa.com
5705,www.fayettevillenursing.com
5706,www.hardycountyschools.com
5707,www.landmarklakecharles.com
5708,www.goodwaterhealthcare.com
5709,www.kennedyrehabilitation.com
5710,www.greaterportlandhealth.org
5711,www.knopphealthcare.com
5712,www.hopespringsmtka.com
5713,www.lakewoodwestend.org
5714,www.greentree-manor.net
5715,www.in-mentor.com
5716,www.healthalliance.org
5717,www.franklinctrhc.com
5718,www.macthealth.org
5719,www.lonestarrehabilitationandwellness.com
5720,www.hope-haven.org
5721,www.improvinglivesnow.com
5722,www.griffinchamber.com
5723,www.heinenmedicalclinics.com
5724,www.hitinc.org
5725,www.fleetlanding.com
5726,www.fountainmanorhealth.com
5727,www.lssmo.org
5728,www.harrisondialysis.com
5729,www.mapquest.com
5730,www.legacyatjacksonville.com
5731,www.invernessrehab.com
5732,www.lakeviewvillage.org
5733,www.homestead.afrc.af.mil
5734,www.kdsbartlett.com
5735,www.elimwellspring.org
5736,www.glo.texas.gov
5737,www.healthylapaz.org
5738,www.legacyretire.com
5739,www.grandrivermedicalgroup.com
5740,www.goodshepherdhcc.com
5741,www.idealist.org
5742,www.hilltop-snr.com
5743,www.familyhealthrehab.com
5744,www.groundworksnm.org
5745,www.heatherrehab.com
5746,www.granbyhouse.net
5747,www.maisongracenola.com
5748,www.frederickvillahcr.com
5749,www.healthreach.org
5750,www.maplefarm.org
5751,www.forttryonrehab.com
5752,www.healthstarpediatricrehab.com
5753,www.lrchc.com
5754,www.greensboronursinghome.org
5755,www.homeoftheinnocents.org
5756,www.holisticbh.org
5757,www.lockhartfamilymedicine.com
5758,www.gardenspotvillage.org
5759,www.ericksonseniorliving.com
5760,www.gulfportcarecenter.com
5761,www.judsonsmartliving.org
5762,www.foxchasehcr.com
5763,www.elderlifefinancial.com
5764,www.lsuhsc.edu
5765,www.fhc.us
5766,www.franciscanvilla.com
5767,www.livinglegendshealth.com
5768,www.gpwhealthcenter.org
5769,www.etsuhealth.org
5770,www.jeffersonmanornursingandrehab.com
5771,www.enkihealth.org
5772,www.haverhillpavilion.com
5773,www.hawthornehc.com
5774,www.encoreatmalvern.com
5775,www.homewardboundinc.org
5776,www.greenwayspringgreen.com
5777,www.hkcdialysis.com
5778,www.elkhartoakscenter.com
5779,www.lakesideterrace.org
5780,www.havenhealthaz.com
5781,www.ichs.com
5782,www.jeffersonhc.com
5783,www.extendicarehealth.com
5784,www.healtharray.net
5785,www.flanneryoaksguesthouse.com
5786,www.lifesharecarolinas.org
5787,www.kimwellhc.com
5788,www.jacksonvillenursingandrehab.com
5789,www.halocares.org
5790,www.jtslc.com
5791,www.kbbh.org
5792,www.ladyoftheoaks.com
5793,www.falconridgerehabsuites.com
5794,www.mafomn.com
5795,www.gracebarkerhealth.com
5796,www.legacypointeatucf.com
5797,www.fareserehab.com
5798,www.gshhealthcenterwasco.com
5799,www.frasiermeadows.org
5800,www.inglemoor.com
5801,www.juvenilehome.com
5802,www.hrc.ms.gov
5803,www.familymedicinerigby.com
5804,www.kingswaycommunity.com
5805,www.lakeshorevillagehc.com
5806,www.lawndalehc.com
5807,www.ldh.la.gov
5808,www.kidsclinicparis.com
5809,www.littlenecknursing.com
5810,www.hopetherapyrgv.com
5811,www.elkridgehrc.com
5812,www.freshriverhealthcare.com
5813,www.lakesidercc.com
5814,www.friendshiphaven.org
5815,www.kcsinc.org
5816,www.harmonyfamilycare.com
5817,www.marfinc.org
5818,www.genevachamber.org
5819,www.laytonpt.net
5820,www.lacomcare.com
5821,www.henniscarecentre.com
5822,www.lakebridgeawc.com
5823,www.forsythnursing.com
5824,www.maple-lawn.org
5825,www.heathvillage.com
5826,www.grantprimarycare.com
5827,www.heartlandcare.net
5828,www.leitchfieldpediatrics.com
5829,www.lrrcenter.org
5830,www.kmc-hi.org
5831,www.littlepinepediatrics.com
5832,www.hattiesburgms.com
5833,www.fchcinc.org
5834,www.eofhc.org
5835,www.harmonygardenssenior.org
5836,www.harbourwoodcare.com
5837,www.ihcwv.org
5838,www.lakesofclermonthrc.com
5839,www.highlands-healthcenter.com
5840,www.intandem.org
5841,www.firstpersoncc.org
5842,www.jeromehome.com
5843,www.majesticcare.com
5844,www.forthudson.com
5845,www.jenkinslivingcenter.com
5846,www.jtchs.org
5847,www.jaapgh.org
5848,www.fellowship-village.org
5849,www.estatesofhiddenlake.com
5850,www.logancountyseniorliving.org
5851,www.lowincomedental.org
5852,www.hospitalitysnf.com
5853,www.lynnhavenhealth.org
5854,www.lourdesmckeen.org
5855,www.hillviewhealthcenter.com
5856,www.familycarewv.org
5857,www.elizabethtownnursingandrehab.com
5858,www.faihp.org
5859,www.jcsd.net
5860,www.libertydialysis.com
5861,www.evexias.com
5862,www.lakeparkhealthcare.com
5863,www.ihimv.org
5864,www.harmonywaterloo.com
5865,www.islandhospital.org
5866,www.fultonnursing.com
5867,www.landmarkhammond.com
5868,www.indianhealth.com
5869,www.elkhornvalleyfamilymedicine.com
5870,www.fairmontfamilydental.com
5871,www.lamarcountyschools.org
5872,www.manningchildrens.org
5873,www.hardemanhealth.org
5874,www.french-creek.net
5875,www.fentonmedical.com
5876,www.lasvegaspostacute.com
5877,www.excelcarewayne.com
5878,www.kunahealthcare.com
5879,www.greenbriarrnc.com
5880,www.fmcaz.com
5881,www.mankatoclinic.com
5882,www.gecbklyn.org
5883,www.hrhcare.org
5884,www.lifebanc.org
5885,www.longtermcentersgroup.com
5886,www.laimagingxray.com
5887,www.gilahealth.com
5888,www.grantrehabilitationcarecenter.com
5889,www.encompasshealth.com
5890,www.hugomedicalclinicok.com
5891,www.kidneyinstitutes.com
5892,www.hillcrestrhc.com
5893,www.heritagesquaredixon.com
5894,www.malheurmemorial.com
5895,www.healthynorth.org
5896,www.hrhwellness.com
5897,www.empres.com
5898,www.harborvalleyhr.com
5899,www.halstadlivingcenter.com
5900,www.grassvalleychamber.com
5901,www.jtk-imaging.com
5902,www.hillcrestnursingcenterms.com
5903,www.fairviewmanor.net
5904,www.gracepediatrics.net
5905,www.halecountyhospital.com
5906,www.emeraldsouthwest.com
5907,www.kintegra.org
5908,www.greatschools.org
5909,www.litchfieldarc.org
5910,www.lonestarfamily.org
5911,www.gracemed.org
5912,www.hotspringshealth-nc.org
5913,www.elmsrhc.com
5914,www.lakeside.health
5915,www.gemmaservices.org
5916,www.foxsubacute.com
5917,www.lebanoncountypa.gov
5918,www.holmesccsd.org
5919,www.icmsvh.org
5920,www.emanueltherapycenter.com
5921,www.lapinehealth.org
5922,www.loganmedicalgroup.com
5923,www.imsaindy.org
5924,www.hhhcare.org
5925,www.lindamarrehab.com
5926,www.kiowahillshrc.com
5927,www.knutenelson.org
5928,www.hamiltonarmshc.com
5929,www.hollenbeckpalms.com
5930,www.evhmc.com
5931,www.mapleheightshome.com
5932,www.klinegalland.org
5933,www.loganacres.com
5934,www.jessicashouse.org
5935,www.hamptonregionalmc.com
5936,www.evergreenfamilymedicine.com
5937,www.greenwoodnursinghome.com
5938,www.lakesidehealthclinic.com
5939,www.hchmd.org
5940,www.lhschillicothegov.com
5941,www.fortpaynepeds.com
5942,www.joeanneburginhealth.org
5943,www.horizondiagnosticservices.com
5944,www.islandsnr.com
5945,www.hnncsb.org
5946,www.iowadonornetwork.org
5947,www.foxvalleydialysis.com
5948,www.landmarkofplaquemine.com
5949,www.kaiserfamilypractice.org
5950,www.fiverivershealthcenters.org
5951,www.indianhillsmanor.com
5952,www.holdenmanorhr.com
5953,www.extendedcarehs.com
5954,www.lifescapesd.org
5955,www.hmnursing.com
5956,www.fidelityhcc.com
5957,www.hallmarkpekin.com
5958,www.grandviewhome.org
5959,www.jonbeccare.com
5960,www.emeraldhcc.com
5961,www.guidance-center.org
5962,www.elwha.org
5963,www.leessummitplace.com
5964,www.haymountrehab.com
5965,www.evansvillemanor.com
5966,www.mainstreetphysicaltherapyrigby.com
5967,www.fiveoaksrehab.com
5968,www.epilepsy-ohio.org
5969,www.genevarehabnursing.com
5970,www.fosterhealthandrehab.com
5971,www.longhornvillage.com
5972,www.highlandparkwc.com
5973,www.greenoaksnursingandrehabilitation.com
5974,www.jenkins.k12.ky.us
5975,www.healthpointchc.org
5976,www.greenbriarnc.com
5977,www.eufaulamanornursingcenter.com
5978,www.englishvalleycarecenter.com
5979,www.fhcboise.com
5980,www.livingstonecdc.com
5981,www.kovs.ks.gov
5982,www.highridgehouse.org
5983,www.lishcare.org
5984,www.litchfieldhrc.com
5985,www.heritageestates-gering.com
5986,www.horizoncmhc.com
5987,www.faithlutheranhomeosage.com
5988,www.healthfirstfr.org
5989,www.mardencompanies.com
5990,www.hallmark-hc.com
5991,www.ltcnews.com
5992,www.gcrexcel.com
5993,www.lakewestrehab.com
5994,www.hobartnursingandrehab.com
5995,www.fountainbleaunursing.com
5996,www.madisonpointecc.com
5997,www.havenhomesseniorliving.org
5998,www.juliancenter.org
5999,www.liberty-resources.org
6000,www.lgar.org
6001,www.landingsofwesterville.net
6002,www.groveofnorthbrook.com
6003,www.langdonkeene.com
6004,www.lonetreeretirementcommunity.com
6005,www.halescornerscarecenter.com
6006,www.jackson-hospital.com
6007,www.hbrhc.com
6008,www.greenacreshealth.org
6009,www.jlas.org
6010,www.jcbdd.com
6011,www.fallscitycc.com
6012,www.greenhurst.net
6013,www.lakecountyil.gov
6014,www.kendallhrc.com
6015,www.h2health.com
6016,www.lincolncountynursing.com
6017,www.freeclinics.com
6018,www.highlandsrhc.com
6019,www.ihcrc.org
6020,www.housecallsofva.com
6021,www.grafton.org
6022,www.independencehealthsystem.org
6023,www.jredc.org
6024,www.hifrequencyimaging.com
6025,www.homeless-healthcare.org
6026,www.gladstonecare.com
6027,www.marbridge.org
6028,www.harmonymarshalltown.com
6029,www.libertyxray.com
6030,www.livingwellhcmn.com
6031,www.hillcresthrc.com
6032,www.horizonmedpedsclinic.com
6033,www.lifespanhealth.com
6034,www.lutherancommhome.org
6035,www.lake.care
6036,www.freseniuskidneycare.com
6037,www.gardencountyhealth.org
6038,www.fcctaylorsville.com
6039,www.harmonyhousenursingandrehab.com
6040,www.grandmanor.org
6041,www.englishvillageok.com
6042,www.gulfcoasthealthandrehab.com
6043,www.firlanecare.com
6044,www.encoremedicalspa.com
6045,www.lifespringhealthsystems.org
6046,www.holyspiritretirementhome.com
6047,www.eohospital.com
6048,www.madisonhealthcenter.com
6049,www.inglis.org
6050,www.elkcrossingnursingrehab.com
6051,www.heartlandmiamidialysis.com
6052,www.josephinecc.com
6053,www.homewoodghc.com
6054,www.hcanj.org
6055,www.longtermcarehospitals.com
6056,www.heritage1886.org
6057,www.empoweringabilities.org
6058,www.envisionus.com
6059,www.hamakua-health.org
6060,www.highlandsatpittsford.org
6061,www.llojibwe.org
6062,www.familycarewalkinclinic.com
6063,www.gastongov.com
6064,www.inhcf.com
6065,www.holstonmedicalgroup.com
6066,www.harmonychicago.com
6067,www.holladayparkplaza.org
6068,www.maplemanorchristianhome.org
6069,www.lakewoodrhc.com
6070,www.hamiltonhealth.com
6071,www.grenadalivingcenter.com
6072,www.lakeparkltc.com
6073,www.heritagecenterrehab.com
6074,www.isabellahealth.org
6075,www.hometown-clinic.com
6076,www.franklinnh.net
6077,www.gardenaconvalescentcenter.com
6078,www.herefordhouse.com
6079,www.heritageamarillo.com
6080,www.lakelandhcr.com
6081,www.fraser.org
6082,www.logancenter.org
6083,www.grovelagrangepark.com
6084,www.latrouve.com
6085,www.greatrivercare.com
6086,www.lamoillehealthpartners.org
6087,www.hgs-utica.com
6088,www.lakeregioncorp.com
6089,www.landmark-dv.com
6090,www.hcmcf.org
6091,www.harrishealth.com
6092,www.geisingerbehavioral.com
6093,www.fullcircleidaho.org
6094,www.jenningsterrace.com
6095,www.littlerock.af.mil
6096,www.jackson-hinds.com
6097,www.kidsdevelopmentalclinic.com
6098,www.lutheransunsethome.org
6099,www.hhhn.org
6100,www.heritagemanorslidell.com
6101,www.manetchc.org
6102,www.janfrances.com
6103,www.lwhealthcare.com
6104,www.landmarksouthnursingandrehab.com
6105,www.hendersontx.com
6106,www.lcdp.org
6107,www.getcare.ssmhealth.com
6108,www.hermitagehealthcenter.com
6109,www.harborchc.org
6110,www.lmamh.org
6111,www.kort.com
6112,www.firstchc.org
6113,www.evergreenrehabga.com
6114,www.hubbardcarecenter.org
6115,www.keystonecarecenter.com
6116,www.glen-meadows.net
6117,www.foxdalevillage.org
6118,www.franklincoc.org
6119,www.fchc.org
6120,www.excelcarecenter.com
6121,www.keyrehab.net
6122,www.innerwisdom.com
6123,www.lodgeatbrookline.com
6124,www.knoxvillerehabhospital.com
6125,www.livingwaterclinic.com
6126,www.gladstone.k12.or.us
6127,www.fouroaksctr.com
6128,www.greenecountyhospital.com
6129,www.irvinenursingandrehab.com
6130,www.mansfield.org
6131,www.glenwoodspringshealth.care
6132,www.erparc.com
6133,www.lutheranlifevillages.org
6134,www.garrardchamber.org
6135,www.kenwoodhealthandrehabilitation.com
6136,www.goodshepherdcommunities.org
6137,www.lamesarehab.com
6138,www.lafayette-care.net
6139,www.lakepointwichita.com
6140,www.elkriverhroffayetteville.com
6141,www.haymsalomonhome.com
6142,www.hollandcommunityhealthcenter.org
6143,www.jacksonclinic.com
6144,www.highlandhomenursing.com
6145,www.lhgs.org
6146,www.guidinghands.org
6147,www.heritageofhudson.net
6148,www.kyfam.com
6149,www.glenwoodcare.com
6150,www.ioofhome.com
6151,www.macclennyrehab.com
6152,www.mackinawtrailpediatrics.com
6153,www.hicommunityhealthcenter.org
6154,www.lfpc.net
6155,www.lifeincorporated.com
6156,www.hancockschools.net
6157,www.fairviewrehab.com
6158,www.fidelityhomedialysis.com
6159,www.esrh.org
6160,www.jefferson-healthcare.net
6161,www.horizonbh.org
6162,www.gfho.org
6163,www.hoffmanncenter.org
6164,www.harvardcreek.com
6165,www.kenoshacounty.org
6166,www.goodsamhwc.org
6167,www.lafayettenursingrehab.com
6168,www.gibsonhealthandrehab.com
6169,www.lewistontransitionalcare.com
6170,www.kidneyspa.com
6171,www.healthysmileslansingdentist.com
6172,www.lakeviewhousema.com
6173,www.hoolalahui.org
6174,www.kirklandcare.com
6175,www.margatehealth.com
6176,www.laurelhc.org
6177,www.hutchclinic.com
6178,www.eskaton.org
6179,www.legacyatcollegehill.com
6180,www.glenoaksslc.com
6181,www.highmoresd.org
6182,www.inspirahealthgroup.com
6183,www.kutzseniorliving.org
6184,www.eriecommunityfoundation.org
6185,www.harrismedicalgroup.com
6186,www.libbyofcascadia.com
6187,www.lincolnsquarerehab.com
6188,www.kencrest.org
6189,www.florencenursingandrehab.com
6190,www.libertyhealthandwellness.com
6191,www.mapleheightsbehavioral.com
6192,www.highlandcourtrehab.com
6193,www.lyngblomsten.org
6194,www.hipaaspace.com
6195,www.heritageokc.com
6196,www.highcountrycommunityhealth.com
6197,www.gillespiehrc.com
6198,www.jamhihealthandwellness.org
6199,www.everettcenter.com
6200,www.glensfalls.com
6201,www.leisurehomestead.com
6202,www.jenningsohio.org
6203,www.kodiakchc.org
6204,www.libertyvillemanor.com
6205,www.klamathtribalhealth.org
6206,www.guardiancarerehab.com
6207,www.haciendaoakshc.com
6208,www.houstonhousecares.com
6209,www.gulfshorecc.com
6210,www.elkhavennursinghome.com
6211,www.mapbt.net
6212,www.landmarkofbardstown.com
6213,www.harborvillage-health.com
6214,www.granadapostacute.com
6215,www.fyzical.com
6216,www.hudsonbayhealthandrehab.com
6217,www.gsphealth.org
6218,www.harborhealthcare.org
6219,www.legacyatsalina.com
6220,www.englewoodhealthandrehab.com
6221,www.elkadercarecenter.com
6222,www.heartofohiofamilyhealth.org
6223,www.hillcresthc.com
6224,www.elkriverhrofwinchester.com
6225,www.inpatient-rehab.org
6226,www.hpkaty.com
6227,www.ils-k12.org
6228,www.liveoakrehab.com
6229,www.gallatinmanor.com
6230,www.eriefamilyhealth.org
6231,www.levatsanantonio.com
6232,www.liahonaacademy.com
6233,www.lakeridgesenior.org
6234,www.limaconvalescenthome.com
6235,www.geaugadd.org
6236,www.hhs.texas.gov
6237,www.hcset.com
6238,www.heritagemanorhouma.com
6239,www.guthriecottages.com
6240,www.hunterscreekrehab.com
6241,www.grovestcharles.com
6242,www.innovationscmhc.com
6243,www.henrycty.com
6244,www.flemingcountyhospital.com
6245,www.laurabaker.org
6246,www.jointrejuve.com
6247,www.johnsondialysis.com
6248,www.familyres.org
6249,www.mantachieclinic.org
6250,www.kingofprussianursingandrehab.com
6251,www.gasconademanor.org
6252,www.faulktonsd.com
6253,www.fcaknox.org
6254,www.harlemunited.org
6255,www.fronterahcn.org
6256,www.hampshirehigh.com
6257,www.fortvalleyhealthandrehab.com
6258,www.hammond.k12.in.us
6259,www.esperanzahealth.org
6260,www.jeffersonregionalspecialty.com
6261,www.maplewoodsn.org
6262,www.lavidallena.com
6263,www.locklandschools.org
6264,www.hendersonnursingandrehab.com
6265,www.lakeviewnursing.com
6266,www.lodihealthcare.com
6267,www.highlandsnandr.com
6268,www.lakelandvillageassociates.org
6269,www.losfelizhc.com
6270,www.legacyhc.com
6271,www.ireneworthamcenter.org
6272,www.kenaitze.org
6273,www.lovelandhealthcarecenter.com
6274,www.gbvillage.com
6275,www.generationsgaither.com
6276,www.levattownpark.com
6277,www.highplainschc.net
6278,www.greenepointhealth.org
6279,www.kentcounty.com
6280,www.glenhavenhealthcare.com
6281,www.lakeviewhc.com
6282,www.grmedicalcenter.org
6283,www.lochhaven.com
6284,www.johnknoxmanor.com
6285,www.knoxkyschools.com
6286,www.harmonycenter.org
6287,www.highbanks-care.net
6288,www.fcch.net
6289,www.hudsonelms.com
6290,www.lahuntingtonhcc.com
6291,www.lfchd.org
6292,www.manta.com
6293,www.ercc.biz
6294,www.hannibalmobilediagnostics.com
6295,www.goodshepherdblair.com
6296,www.getpowerback.com
6297,www.grovefoxvalley.com
6298,www.loganhealthcarefoundation.com
6299,www.lfrehab.com
6300,www.expresscareofleesburg.com
6301,www.elwoodcarecenter.com
6302,www.luthermanor.org
6303,www.giftoflife.org
6304,www.jirdc.org
6305,www.lakesidephysicians.com
6306,www.jble.af.mil
6307,www.hardin.kyschools.us
6308,www.healthpoint-tx.com
6309,www.ihmslc.org
6310,www.glenwoodbehavioral.com
6311,www.hcfmed.org
6312,www.kahalanui.com
6313,www.jkv.org
6314,www.houghtonmcf.com
6315,www.gibault.org
6316,www.lakeareapt.com
6317,www.limestonehf.com
6318,www.hjmc.org
6319,www.havench.com
6320,www.findhelp.org
6321,www.knollswestpostacute.com
6322,www.incytediagnostics.com
6323,www.liveatwhitestone.org
6324,www.lexfamilypractice.com
6325,www.holdregehomes.org
6326,www.fryecarephysicians.com
6327,www.hhmhealth.org
6328,www.lakevillagerehab.com
6329,www.laurellwoodhc.com
6330,www.jamestownnr.com
6331,www.landmark-mc.com
6332,www.hollyheights.net
6333,www.ivycourtskillednursing.com
6334,www.lunamedicalclinicpllc.net
6335,www.lookingglass.us
6336,www.hrchc.org
6337,www.familyhealthcarebovina.com
6338,www.expressmobilediagnostic.com
6339,www.hyndmanfhc.com
6340,www.fpgi.org
6341,www.heartlandlr.com
6342,www.foresthillsrhc.com
6343,www.familycarepanhandle.com
6344,www.gogebicmedicalcare.com
6345,www.goldenagemanor.com
6346,www.healthquestgroup.com
6347,www.friendshipvillageiowa.com
6348,www.hospital-data.com
6349,www.heritagephysicaltherapy.com
6350,www.gardnerrehab.com
6351,www.hurlbutcare.com
6352,www.kwanghewon.org
6353,www.gallatinmt.gov
6354,www.fourcountyhealth.org
6355,www.krccnet.com
6356,www.longviewrehabhospital.com
6357,www.evergreenhrc.org
6358,www.gracehomeinc.com
6359,www.elizabethscott.org
6360,www.lifelinerenalcare.com
6361,www.jointcommission.org
6362,www.frankeatseaside.org
6363,www.kimballfarmsnursingcare.org
6364,www.kictribe.org
6365,www.haciendainc.org
6366,www.ilcorp.org
6367,www.mainlinehealth.net
6368,www.grandjivante.com
6369,www.fcpotawatomi.com
6370,www.floridaorthosurgeons.com
6371,www.libertynursingcenters.com
6372,www.fairoakslodge.org
6373,www.habershamga.com
6374,www.johnstown-pointe.net
6375,www.hartsfieldvillage.com
6376,www.fhcofcamden.com
6377,www.fnch.org
6378,www.ifcweb.org
6379,www.greenfieldsnf.com
6380,www.heightst.com
6381,www.fairlawnarchbold.com
6382,www.lccc.us.com
6383,www.jhccenter.org
6384,www.interiorcommunityhealth.org
6385,www.foxchasewc.com
6386,www.kentcityschools.org
6387,www.lakepediatrics.org
6388,www.greenfieldsgeneva.org
6389,www.hickorymanor.net
6390,www.harrodsburghealthandrehab.com
6391,www.kidnaroundtherapytx.com
6392,www.innerscreeknursingandrehab.com
6393,www.highmorehealth.com
6394,www.highlandpark-alliance.com
6395,www.holytrinityrehab.org
6396,www.loganelm.com
6397,www.eldoradoclinic.com
6398,www.lauracsaunderselementary.com
6399,www.hillcrestcarectr.com
6400,www.fmchastings.com
6401,www.evergreenccs.org
6402,www.lsschool.org
6403,www.goldenyearswi.com
6404,www.extendedcarefs.com
6405,www.lawrencecountynursing.com
6406,www.ignitemedicalresorts.com
6407,www.goldenyearshc.com
6408,www.foresthavennursingcenter.com
6409,www.lakeparkrehab.com
6410,www.enniscourt.com
6411,www.lgmanor.org
6412,www.grouphomesonline.com
6413,www.magnoliamanorinman.com
6414,www.firstcoastobgyn.com
6415,www.hendricksbehavioralhospital.com
6416,www.estellinesd.com
6417,www.luminishealth.org
6418,www.lcmcf.org
6419,www.hgpmh.org
6420,www.kendal-crosslands.org
6421,www.highland-hcc.com
6422,www.lenaliving.com
6423,www.foresthavennursingandrehab.com
6424,www.jenkinscare.org
6425,www.landishomes.org
6426,www.madison-grove.com
6427,www.garfieldhealthcenter.org
6428,www.empowering-people.net
6429,www.greenhillscommunity.org
6430,www.falconslanding.org
6431,www.laclinicanm.com
6432,www.hollisparkmanor.org
6433,www.fhcenters.org
6434,www.independentlivingservicesboise.com
6435,www.havenofdayton.com
6436,www.jeffersonchc.org
6437,www.jacksonpurchasemedicalgroup.com
6438,www.harlanhrc.com
6439,www.fortunafamilymedicineinc.com
6440,www.greystonenursingandrehab.com
6441,www.indyhealthnet.org
6442,www.harmonydubuque.com
6443,www.fairviewcommunityhealth.org
6444,www.emeraldlegacypointe.com
6445,www.harborlakesnursingandrehabilitation.com
6446,www.lakeviewmethodist.org
6447,www.independentoptions.org
6448,www.finddialysiscenters.com
6449,www.florenceparkcarecenter.com
6450,www.harborcarenh.org
6451,www.fairmeadowfertile.org
6452,www.heartoftheozarkshealthcare.com
6453,www.jenkinsmedicalcenter.com
6454,www.hickory-care.net
6455,www.ivfcmg.com
6456,www.hathornehhc.com
6457,www.lakewoodptot.com
6458,www.kphc.org
6459,www.heritagecommunity.com
6460,www.lincolnparkmanor.org
6461,www.lasantehealth.com
6462,www.goodshep-rushford.org
6463,www.kabulnh.com
6464,www.lakecumberlandphysicianpractices.com
6465,www.lrmcenter.com
6466,www.excelcareeh.com
6467,www.heliahealthcare.com
6468,www.eldonnursingrehab.com
6469,www.escambiaschools.org
6470,www.hatleyhealthcare.com
6471,www.lovarc.org
6472,www.elproyecto.us
6473,www.florentine-gardens.net
6474,www.highlandsguestcare.com
6475,www.fairacres.org
6476,www.genesisfamilyhealth.org
6477,www.hcam.org
6478,www.kidsfirst-peds.com
6479,www.hhsinc.net
6480,www.mainstreetfamilycare.com
6481,www.hopewellhealth.org
6482,www.homesteadhealthcenter.org
6483,www.hopecreeknrc.com
6484,www.iowaoeshome.com
6485,www.lighthouserehab.com
6486,www.imancentral.org
6487,www.fresnopace.org
6488,www.familycenters.org
6489,www.lifegift.org
6490,www.lakesideprimary.com
6491,www.heritagehealthcare.org
6492,www.farmersvillehr.com
6493,www.grandviewhealthcare.com
6494,www.healthcare-connection.org
6495,www.hys-erie.org
6496,www.magnoliamanornursingandrehab.com
6497,www.hickorycreekcare.com
6498,www.lacheim.org
6499,www.lasallecountyil.gov
6500,www.gladeswestrehab.com
6501,www.laughlin.af.mil
6502,www.jlukpt.com
6503,www.linwoodnursing.org
6504,www.libertymedicalclinic.com
6505,www.mariajosephccc.org
6506,www.jcmh.org
6507,www.francesville.net
6508,www.ibclinic.org
6509,www.hawthornglennc.com
6510,www.hillsidewellness.org
6511,www.greenviewhc.com
6512,www.longvalley.org
6513,www.lakecityfamilymedicine.com
6514,www.help4tn.org
6515,www.lavacamedcen.com
6516,www.humboldtfamilywalkinclinic.com
6517,www.hitzhome.com
6518,www.humphreyscountynursingcenter.com
6519,www.hopefamilyhealth.org
6520,www.handmaker.org
6521,www.evansmemorialhome.com
6522,www.khca.org
6523,www.lakewalesctr.com
6524,www.maisondumondelivingcenter.com
6525,www.grotonhealth.org
6526,www.goldengaterehab.com
6527,www.embassymanor.com
6528,www.enniscarecenter.com
6529,www.mantromobileimaging.com
6530,www.marianmanor.org
6531,www.flatrockhomes.org
6532,www.levatwinchester.com
6533,www.elicahealth.org
6534,www.irishouse.org
6535,www.gordonhealth.org
6536,www.hillcrestmo.com
6537,www.kingstoncourtnursingandrehab.com
6538,www.lifeshareoklahoma.org
6539,www.hawthornmed.com
6540,www.mahaskahealth.org
6541,www.justserve.org
6542,www.fmwic.com
6543,www.familyhealthcare.org
6544,www.hchcweb.org
6545,www.keystonetherapyservices.com
6546,www.genesisptgroup.com
6547,www.lacrossecounty.org
6548,www.embassyrcc.com
6549,www.maggievalleyrehab.com
6550,www.fairfieldsfuture.org
6551,www.jordanvalley.org
6552,www.landmarkofdesoto.com
6553,www.maplewoodctr.com
6554,www.laconianursinghome.com
6555,www.heartcityhealth.org
6556,www.harvestmanorhealthcare.com
6557,www.frazeecarecenter.com
6558,www.hamiltonparkrehab.com
6559,www.lifecareimaging.com
6560,www.jdchfasthealth.com
6561,www.hawaiipca.net
6562,www.familyhconline.com
6563,www.lakesideseniorcare.com
6564,www.elizabethfamilyclinic.com
6565,www.endeavorhealth.org
6566,www.epltachospital.com
6567,www.hawsehealth.com
6568,www.kingswoodsl.org
6569,www.fortunarehabwc.com
6570,www.glasgowgardens.com
6571,www.ftlauderdalehrc.com
6572,www.glacierchc.org
6573,www.eventidehome.com
6574,www.gmhcinc.org
6575,www.libertycareandrehab.com
6576,www.losbanosprimarycare.com
6577,www.fswellness.com
6578,www.lowndes-al.gov
6579,www.harrymeyeringcenter.org
6580,www.elkriverhrofardmore.com
6581,www.grandriverhealthcare.com
6582,www.libbyclinic.com
6583,www.gcbhs.com
6584,www.hinds.k12.ms.us
6585,www.jerseyshorenursingandrehab.com
6586,www.htstherapy.com
6587,www.hamptoncourtnursing.com
6588,www.hydenhrc.com
6589,www.hansenfamilyhospital.com
6590,www.harrogatelifecare.org
6591,www.keystoneruralhealth.com
6592,www.fairfieldhealth.org
6593,www.gtbindians.org
6594,www.floridean.com
6595,www.guardianrehab.com
6596,www.landmarkofacadiana.com
6597,www.manchesterrhc.com
6598,www.hopehealthandrehab.com
6599,www.libertyrehabhospital.com
6600,www.hattielarlham.org
6601,www.independentphysicaltherapy.com
6602,www.gulfpointe-plaza.com
6603,www.gvhc.org
6604,www.fergusonmedical.com
6605,www.fhclouisville.org
6606,www.ferncrest.com
6607,www.kidstlc.org
6608,www.madisoncountymt.gov
6609,www.mallorychc.org
6610,www.farh.org
6611,www.jcmg.org
6612,www.legacyatherington.com
6613,www.homewithmission.com
6614,www.fairfieldmedical.org
6615,www.goldenhealthcorp.com
6616,www.madison-healthcenter.com
6617,www.lach-la.com
6618,www.fargohcc.com
6619,www.heritagemanormandeville.com
6620,www.legacymanornursingandrehab.com
6621,www.glendale-medical.com
6622,www.emeraldtrace.org
6623,www.elderwood.com
6624,www.hfhcme.org
6625,www.familyclinicatthelake.com
6626,www.garrisonmh.com
6627,www.landmark-kt.com
6628,www.grovemanornursing.com
6629,www.manahawkin-health.com
6630,www.healthfirstchc.net
6631,www.gatewaybh.com
6632,www.hkscmd.com
6633,www.gacfhc.org
6634,www.fvdublin.org
6635,www.fau.edu
6636,www.lyndoncrossingsapartments.com
6637,www.healthgrades.com
6638,www.ironcountymcf.com
6639,www.lamarwarriors.org
6640,www.fishnwct.org
6641,www.liveonny.org
6642,www.genesishcc.com
6643,www.handsonasheville.org
6644,www.fargoelim.org
6645,www.heritagemanorvilleplatte.com
6646,www.hrwcompanies.com
6647,www.kcmanor.com
6648,www.hazardhrc.com
6649,www.grandportageband.com
6650,www.gardenviewcares.com
6651,www.fpcn.com
6652,www.frontiertherapy.com
6653,www.keesler.af.mil
6654,www.hisbranches.org
6655,www.magnoliaseniorcare.com
6656,www.grandellrehab.com
6657,www.hillcresthealth.com
6658,www.irvingparklrc.com
6659,www.fhcawv.com
6660,www.friendshipvillageaz.com
6661,www.hermitagecare.com
6662,www.maplecrestmanor.com
6663,www.jonesvillefhc.com
6664,www.fosston.com
6665,www.indeed.com
6666,www.inlandimaging.com
6667,www.harmonyuticaridge.com
6668,www.excelhm.com
6669,www.linkedin.com
6670,www.elliottnr.com
6671,www.hg-nh.com
6672,www.homeviewhealthandrehab.com
6673,www.hancockmanor.com
6674,www.esthervilleltc.com
6675,www.familyfirsthealth.org
6676,www.laurenscarecenter.com
6677,www.geercares.org
6678,www.independence-house.com
6679,www.greatlivin.com
6680,www.graybill.org
6681,www.hph.care
6682,www.glenwoodhealthcarecenter.com
6683,www.halemakua.org
6684,www.iahdny.org
6685,www.eldercrestrhc.com
6686,www.horizonscenter.org
6687,www.knoxhealth.com
6688,www.lifeskills.com
6689,www.kchnorthidaho.org
6690,www.hartwellhealth.org
6691,www.fredericksburgnephrology.com
6692,www.fourseasonshcc.com
6693,www.fundacionhospitalpediatrico.org
6694,www.kanecommunityhospital.com
6695,www.gilbertresidence.com
6696,www.greenwoodconnections.com
6697,www.excelcaremanalapan.com
6698,www.esperanzachicago.org
6699,www.heritagevillanursing.net
6700,www.glenviewterrace.com
6701,www.lagniappehealthcare.com
6702,www.kidzcarepeds.com
6703,www.germancentre.org
6704,www.lockportrehab.com
6705,www.hyox.com
6706,www.idfdn.org
6707,www.healthylivingfmc.com
6708,www.firesidecare.com
6709,www.kalakauagardens.com
6710,www.lumbertondental.com
6711,www.grantcountyschools.org
6712,www.huntingdonvalleynursingandrehab.com
6713,www.hopemedicalpr.com
6714,www.lampreyhealth.org
6715,www.gccfairfield.com
6716,www.lcpedsim.com
6717,www.lcnh.org
6718,www.kcifpa.com
6719,www.healthhelp.com
6720,www.lawrencedocs.com
6721,www.hgohio.com
6722,www.lafayetteextendedcare.net
6723,www.gladeviewcares.com
6724,www.friendshipvillagepa.com
6725,www.lincolncountycarecenter.com
6726,www.goodshepherdservices.org
6727,www.maplewoodsaukprairie.com
6728,www.elpasopulmonary.com
6729,www.maconchd.org
6730,www.goodshepherdvillage.org
6731,www.lakepointks.com
6732,www.lachc.com
6733,www.lomondrehab.com
6734,www.heritagecrossings.com
6735,www.harmonyliving.com
6736,www.lynbrookrehab.com
6737,www.hillandale.com
6738,www.grth.org
6739,www.fillinghome.org
6740,www.fountaincirclecare.com
6741,www.lentzpediatrics.com
6742,www.forestmanorcovington.com
6743,www.lowcountrypediatrics.com
6744,www.humphreymedicalclinic.org
6745,www.life-source.org
6746,www.focusonfunction.com
6747,www.elevationrehab.com
6748,www.jesmondnursing.com
6749,www.imhcc.net
6750,www.fhcn.org
6751,www.missionnursingandrehabilitation.com
6752,www.seattleymca.org
6753,www.moundvillemed.com
6754,www.oakwoodvillage.net
6755,www.nexusfamilyhealing.org
6756,www.rkmcare.org
6757,www.nvih.org
6758,www.paradigmsenior.com
6759,www.masonhealthandrehab.com
6760,www.shcofcleveland.com
6761,www.parkrose.k12.or.us
6762,www.mcguffeycares.com
6763,www.parksidehc.com
6764,www.paradigmatthecreek.com
6765,www.mohavelocal.com
6766,www.mountainvalleys.org
6767,www.schervier.com
6768,www.midwayrehab.com
6769,www.ruralhealthinc.org
6770,www.parkviewcarecenteroffremont.com
6771,www.methodisttransitional.com
6772,www.salemplacerehab.com
6773,www.oneidanursingandrehab.com
6774,www.montezumahealth.org
6775,www.providencehospitalsouthfield.com
6776,www.oceansidernc.com
6777,www.oakridgehomellc.com
6778,www.parkplacenursingandrehab.com
6779,www.ochrc.com
6780,www.murrayridgecenter.org
6781,www.pediatricsofwhidbey.com
6782,www.pleasantviewhome.com
6783,www.pleasantvnc.com
6784,www.meyercenter.org
6785,www.newnanhealthrehabilitation.org
6786,www.meadowbrookmanor.com
6787,www.rhdconsult.com
6788,www.orangecountygov.com
6789,www.rbclinic.org
6790,www.nlrb.gov
6791,www.nycnc.org
6792,www.polktherapy.com
6793,www.oakparkplace.com
6794,www.nmrc.ms.gov
6795,www.pdsdlab.com
6796,www.mercyhomeny.org
6797,www.parkviewsenior.org
6798,www.mesaglencc.com
6799,www.meridiancare-montevista.com
6800,www.schca.org
6801,www.riverwoodhealth.com
6802,www.plthc.org
6803,www.morrellnursingcenter.com
6804,www.shcatjeffersonmanor.com
6805,www.mountainhealthservices.com
6806,www.miwidocs.com
6807,www.parklawn.com
6808,www.meadowgreenrehabandnursing.com
6809,www.SaintLukesHospital.com
6810,www.ohow.com
6811,www.parkerhealthandrehab.com
6812,www.rauschclinics.com
6813,www.optimorthopedics.com
6814,www.misxray.com
6815,www.saberhealth.com
6816,www.rmdstexas.com
6817,www.portlandmaine.gov
6818,www.roselinncarecenter.com
6819,www.nfbl.sc.gov
6820,www.metrohomeshealthcare.com
6821,www.mitchell.k12.or.us
6822,www.mywheaton.org
6823,www.orangecityrehab.com
6824,www.molinahealthcare.com
6825,www.seaviewrehabwc.com
6826,www.schealthcenters.org
6827,www.mss.org
6828,www.sec.gov
6829,www.pavilionnsg.com
6830,www.nevillecenter.org
6831,www.oneidacountyhospital.com
6832,www.mchcc.org
6833,www.marimnhealth.org
6834,www.mghwv.com
6835,www.piedmontpeds.com
6836,www.mfpc.net
6837,www.metrowestrehab.com
6838,www.nctlc.org
6839,www.monroe-health.com
6840,www.rosevillehc.com
6841,www.mountsterlinghrc.com
6842,www.prrenalhealth.org
6843,www.moultonclinicdistrict.org
6844,www.newarkmanor.net
6845,www.mlpt.com
6846,www.parkwayhillsnursing.com
6847,www.neighborhoodriorancho.com
6848,www.quailridgelivingcenter.com
6849,www.perseushouse.org
6850,www.pivotphysicaltherapy.com
6851,www.methodisthome.org
6852,www.pchdtx.gov
6853,www.rossvillehc.com
6854,www.seniorsguide.com
6855,www.parkforestcarecenter.com
6856,www.murphyrehabandnursing.com
6857,www.mfcchealth.com
6858,www.mercyandtruth.com
6859,www.natchezadamsschooldistrict.org
6860,www.nhclv.org
6861,www.md.com
6862,www.shcatnorthhardin.com
6863,www.rphc.org
6864,www.myhfhc.org
6865,www.northlakecarecenter.com
6866,www.precisionhc.org
6867,www.pocahontashc.com
6868,www.shcofcarrollton.com
6869,www.pattersonca.gov
6870,www.roselanehome.com
6871,www.marksvillechamber.org
6872,www.omahaseniorcare.org
6873,www.pacesp.com
6874,www.norwalkwc.com
6875,www.noplacelikehomenc.com
6876,www.seniorcarewf.com
6877,www.myalliancehealth.org
6878,www.sarahareed.org
6879,www.rhrhcenter.com
6880,www.plumcreekmedicalgroup.com
6881,www.rossmemorial.com
6882,www.oceansidecc.com
6883,www.rivierapalmsrehab.com
6884,www.schoolhealthclinics.org
6885,www.riverhillshealth.org
6886,www.rehab1cci.com
6887,www.rosecranscc.com
6888,www.orchidhealth.org
6889,www.nvdonor.org
6890,www.newcastleplace.com
6891,www.prairieheightshealthcare.com
6892,www.markmcdonaldphysicaltherapy.com
6893,www.pioneerhcc.com
6894,www.opendoorhs.org
6895,www.multi-diagnostics.com
6896,www.northwestphysicaltherapy.com
6897,www.personfamilymedical.com
6898,www.perrycountynursing.com
6899,www.ranchocieloyc.org
6900,www.peterbeckercommunity.com
6901,www.mvhccares.org
6902,www.neohealth.org
6903,www.mcmcf.org
6904,www.ozarkphysicaltherapy.com
6905,www.millvalleycarecenter.com
6906,www.oak-pointe.net
6907,www.mariposachc.net
6908,www.sanjuanhillshc.com
6909,www.qsac.com
6910,www.peoples-clinic.com
6911,www.sanjoaquingeneral.org
6912,www.neshobacounty.net
6913,www.marklund.org
6914,www.miravistabhc.care
6915,www.rem-oh.com
6916,www.pinegrove-care.net
6917,www.shcofbremen.com
6918,www.oceanamcf.org
6919,www.parkplacemanor.com
6920,www.savannahcovemaitland.com
6921,www.pnhvale.org
6922,www.mmrcsl.org
6923,www.senecapl.com
6924,www.saybrook-landing.net
6925,www.northridgehealthrehabilitation.org
6926,www.marionboe.com
6927,www.mcnaughten-pointe.net
6928,www.priorityhealthcare.org
6929,www.radiationphysics.com
6930,www.openarmscare.org
6931,www.riverviewcarecenter.com
6932,www.nevinsfamily.org
6933,www.mohigh.org
6934,www.scottishpinesrehab.com
6935,www.myrehabetc.com
6936,www.orwpt.com
6937,www.nfpmedcenter.org
6938,www.rhsc.org
6939,www.poncacitynursingandrehab.com
6940,www.ozarknursingandrehab.com
6941,www.parkerlife.org
6942,www.resourcetreatmentcenter.com
6943,www.partnershipchc.org
6944,www.ohio.edu
6945,www.santamartahospital.org
6946,www.mississippicare.net
6947,www.shalomhealthcenter.org
6948,www.roguevalleymanor.org
6949,www.riversidegeneralhospital.org
6950,www.nemohealthcouncil.com
6951,www.shcathillcrest.com
6952,www.qualitytherapyservices.com
6953,www.oakridgecarecenter.com
6954,www.meadowridge.com
6955,www.shadylawnnursingandrehab.com
6956,www.nixanursingrehab.com
6957,www.saintanthonycares.com
6958,www.ridgeviewhrc.com
6959,www.pipershores.org
6960,www.midamericatransplant.org
6961,www.neurohopewellness.org
6962,www.parksprings.com
6963,www.rollingmeadowshealthandrehab.com
6964,www.oahucarefacility.com
6965,www.parkwestmed.org
6966,www.resourcecare.org
6967,www.physicaltherapypurcellville.com
6968,www.shawneefamilyhealthcenter.com
6969,www.ptchc.com
6970,www.ohiohillshealthcenters.com
6971,www.mtwcc.com
6972,www.primary-health.net
6973,www.ranchomiragehcc.com
6974,www.navarro-docs.com
6975,www.nwospeech.com
6976,www.merakey.org
6977,www.oaklandprimaryhealth.org
6978,www.scotthealth.org
6979,www.seniorvillageok.com
6980,www.rockcountyhospital.com
6981,www.rockwellnursinghome.com
6982,www.oxnardhc.com
6983,www.sch-hollywood.com
6984,www.momencemeadows.com
6985,www.phquitman.org
6986,www.presbyvillage.org
6987,www.ourhomeinc.org
6988,www.pediatricpracticeassociates.com
6989,www.nohn-pa.org
6990,www.scmedcenter.org
6991,www.salemhaven.com
6992,www.scheidlerclinic.com
6993,www.paramountseniorliving.com
6994,www.pinevillechildrensclinic.com
6995,www.milestonestx.com
6996,www.shafterurgentcare.com
6997,www.seniortlc.org
6998,www.mifanc.com
6999,www.remnorthdakota.com
7000,www.naturecoasthealthcare.com
7001,www.newriver.org
7002,www.sampsoncountync.gov
7003,www.nanakuligoldenhawks.org
7004,www.queenscp.org
7005,www.marianmanorhc.com
7006,www.sandyridgerehab.com
7007,www.schoolcraftcounty.net
7008,www.passlifeon.org
7009,www.sehcommunity.org
7010,www.mitchellcountyhospital.com
7011,www.pipestonehealth.org
7012,www.physiopt.com
7013,www.oakcreeksuites.com
7014,www.ptpros.com
7015,www.ops.org
7016,www.qmxmobilehealth.com
7017,www.sanlucaspr.org
7018,www.mozaicsl.org
7019,www.meadowsofnapavalley.org
7020,www.meusd.org
7021,www.shawmountainofcascadia.com
7022,www.sceniclivingcommunities.com
7023,www.sasbhealth.org
7024,www.mychangepoint.org
7025,www.mvcccommunityservices.com
7026,www.parkcenter.org
7027,www.riverviewhealthcarecenter.com
7028,www.ramseycounty.us
7029,www.nschi.org
7030,www.roolanhealthrehab.com
7031,www.onelegacy.org
7032,www.paradigmatthebrazos.com
7033,www.rolandparkhc.com
7034,www.qslmseniorliving.com
7035,www.phcx.org
7036,www.rehabassociates.com
7037,www.parkmanor-southbelt.com
7038,www.quailrunhc.com
7039,www.meadowbrookacres.net
7040,www.ourclinic.org
7041,www.nhsinc.org
7042,www.mountainmanorofpaintsville.com
7043,www.royalhealthgroup.com
7044,www.ncch.com
7045,www.pearlhinsdale.com
7046,www.redbudvillage.org
7047,www.redwoodpediatrics.com
7048,www.newaygomcf.org
7049,www.mcauleyhall.com
7050,www.maxumtherapy.com
7051,www.raeannsuburban.com
7052,www.shcatjacksonmanor.com
7053,www.salmonriverclinic.org
7054,www.ohcc.org
7055,www.opengateinc.org
7056,www.pittsburg-nursing.com
7057,www.mces.org
7058,www.northwoodlrh.org
7059,www.michaeldunncenter.org
7060,www.riversidefamilyclinic.com
7061,www.panahrc.com
7062,www.sacredhcc.org
7063,www.richwoodsr7.org
7064,www.mnhc.org
7065,www.phmc.org
7066,www.petersonparkhealthcarecenter.com
7067,www.riverridgerehab.com
7068,www.mississippivalleyhrc.com
7069,www.marinacare.com
7070,www.mcleancountyil.gov
7071,www.shcatsummerfield.com
7072,www.shakerplace.org
7073,www.sggfc.com
7074,www.perryltc.com
7075,www.neocrc.org
7076,www.mariareginanursing.com
7077,www.nativehealth.org
7078,www.maryscenter.org
7079,www.northbrookcr.com
7080,www.myfch.org
7081,www.mchp.care
7082,www.mhanation.com
7083,www.paviliononpico.com
7084,www.phntx.org
7085,www.mayfairmanorcares.com
7086,www.salud.pr.gov
7087,www.nbmchealth.com
7088,www.pioneerdr.com
7089,www.northshorehandr.com
7090,www.reachak.org
7091,www.mountstrita.org
7092,www.pcatexas.com
7093,www.pendletonrhc.com
7094,www.pgseo.org
7095,www.mmcarecenter.com
7096,www.redeemerseniorliving.org
7097,www.riverview-pointe.net
7098,www.piketonnursingcenter.com
7099,www.missionsinc.org
7100,www.northbeachrehab.com
7101,www.physicaltherapyinc.net
7102,www.sarasotabayclub.net
7103,www.oppfound.org
7104,www.rhcchealth.org
7105,www.ohca.com
7106,www.parktreechc.org
7107,www.red-rock.com
7108,www.rockcastlehealth.com
7109,www.rehabatshannondell.com
7110,www.remwestvirginia.com
7111,www.saintbarbaras.com
7112,www.paradigmatkountze.com
7113,www.sarahreed.org
7114,www.santarosarc.com
7115,www.mthcs.org
7116,www.mybethanyhome.org
7117,www.one80place.org
7118,www.myseniorcarefinder.com
7119,www.rfwic.com
7120,www.nevadahealthcenters.org
7121,www.outreachms.com
7122,www.paradigmatwoodwindlakes.com
7123,www.mcmurrayhills.com
7124,www.mlkhealthcenter.com
7125,www.salem-woods.net
7126,www.seniorlifecenter.org
7127,www.mariaparhamphysicianpractices.com
7128,www.rollingfields.com
7129,www.phhealthsf.com
7130,www.shcofgeorgetown.com
7131,www.metropolitanfhn.com
7132,www.morannursingandrehab.com
7133,www.middelok.com
7134,www.regency-pacific.com
7135,www.regencyheritagenursing.com
7136,www.parkvillecarectr.com
7137,www.oakland-rehab.com
7138,www.newarknj.gov
7139,www.pecantreerehabandhealth.com
7140,www.mhihealth.org
7141,www.qualitylifeservices.com
7142,www.senecarh.com
7143,www.primaryonehealth.org
7144,www.noyes-health.org
7145,www.proactivetherapy.org
7146,www.midwestrehab.net
7147,www.misericordia.com
7148,www.premiumhealth.org
7149,www.sanandreasregional.org
7150,www.optimacarecastlehill.com
7151,www.nativeconnections.org
7152,www.procarerehabilitation.com
7153,www.morgancountymedical.com
7154,www.pearlcitynursinghome.com
7155,www.nwpc.com
7156,www.merithousetoledo.com
7157,www.ridgecrestnursing.com
7158,www.ochc-milw.org
7159,www.notredamehealthcare.org
7160,www.mrcpinecrest.org
7161,www.ptstn.net
7162,www.nursingfacility.us
7163,www.premierprimarycareunioncity.com
7164,www.pointecoupeehealthcare.com
7165,www.mountainviewmedical.net
7166,www.rutherfordphysicianpractices.com
7167,www.plainviewcare.com
7168,www.ovhealth.org
7169,www.naamanscreek.org
7170,www.organ.org
7171,www.reliantcaremgmt.com
7172,www.rosebudhcc.org
7173,www.qualitydialysis.com
7174,www.plazahealthcare.com
7175,www.schryvermedical.com
7176,www.rivercityrehab.com
7177,www.riverviewpeds.com
7178,www.newwayservicesinc.com
7179,www.prairieridgehr.com
7180,www.oakleafsurgical.com
7181,www.pioneertrace.com
7182,www.mobilexusa.com
7183,www.shcatsunrisemanor.com
7184,www.seniorhomeservice.com
7185,www.pediatricassociates.com
7186,www.marrakechinc.org
7187,www.salemhomeks.org
7188,www.newhopetreatment.com
7189,www.orchardcreektc.com
7190,www.martinchildrensclinic.com
7191,www.shcofelizabethtown.com
7192,www.qbecf.com
7193,www.queencitynursingcenter.com
7194,www.mountainvalleyofcascadia.com
7195,www.prodigytransitionalrehab.com
7196,www.modestopediatrics.com
7197,www.msd3.org
7198,www.mariannarehab.com
7199,www.pmchc.org
7200,www.pinescare.com
7201,www.mountainviewofcascadia.com
7202,www.parkmanor-westchase.com
7203,www.myrutherfordregional.com
7204,www.nextstephc.com
7205,www.montgomerydentalcenter.com
7206,www.sfchealthcenter.org
7207,www.powerbackrehabtoyou.com
7208,www.shcatheritagehall.com
7209,www.mosholucares.com
7210,www.physicianstotalrehab.com
7211,www.pendletoncountyschools.com
7212,www.pediatricdoctortroyal.com
7213,www.opportunityhomes.org
7214,www.martincountyky.com
7215,www.monticellocampus.com
7216,www.nephroncorporation.com
7217,www.rensco.com
7218,www.mvchs.org
7219,www.pccsinc.org
7220,www.oaklandhgts.com
7221,www.sfsh.com
7222,www.mesaverdehealthcare.com
7223,www.quickvisiturgentcare.com
7224,www.pillarhealthcare.org
7225,www.phghouston.com
7226,www.santafecare.com
7227,www.oconto-health.com
7228,www.premierdialysis.com
7229,www.rcfhc.org
7230,www.moravianmanorcommunities.org
7231,www.medcentro.org
7232,www.mvnursing.net
7233,www.naplesrenalcarellc.com
7234,www.santacruzhealth.org
7235,www.roadrunnerradiology.com
7236,www.shannondaleknoxville.org
7237,www.progressivetherapyinc.com
7238,www.matagordamedical.com
7239,www.ohca.org
7240,www.rheum-care.com
7241,www.mhnrc.com
7242,www.riverstreethc.com
7243,www.pediatricprimarycareclinic.com
7244,www.mybreckhealth.org
7245,www.sainttherese.org
7246,www.pmxservices.com
7247,www.nchcvt.org
7248,www.performancetherapyms.com
7249,www.milacaelimmeadows.org
7250,www.myharmonyhealth.org
7251,www.meadowbrooksnr.com
7252,www.northernpineshealthcenter.com
7253,www.rockahc.org
7254,www.mystichealthcare.net
7255,www.marthatberry.org
7256,www.pactherapy.com
7257,www.riverside-health.com
7258,www.pacommunitycare.org
7259,www.rockfordcenter.com
7260,www.ourdailybreadhammond.org
7261,www.saratogabridges.org
7262,www.millcreekbehavioralhealth.com
7263,www.meadows-icfdd.com
7264,www.purcellsunset.com
7265,www.pinoakslivingcenter.com
7266,www.ozarkhealth.net
7267,www.nhps.net
7268,www.pilgrimplace.org
7269,www.mooselakevillage.org
7270,www.neighborhoodhealthtn.org
7271,www.selectphysicaltherapy.com
7272,www.rosewoodrcc.com
7273,www.oceanpointehealth.com
7274,www.myaccesshealth.org
7275,www.nilesnursing.com
7276,www.nicholasvillenr.com
7277,www.oakcreekrehab.com
7278,www.ourladyofhope.com
7279,www.richlandsource.com
7280,www.rollinggreenvillage.com
7281,www.onsiteimagingny.com
7282,www.oakridgeofplattsburg.org
7283,www.oakhillscarecenter.com
7284,www.parkmanor-cypressstation.com
7285,www.missionpalms.net
7286,www.reboundsportspt.com
7287,www.riceestate.org
7288,www.pspendleton.com
7289,www.mattapanchc.org
7290,www.morrisdialysis.com
7291,www.penobscotnation.org
7292,www.mycarehealthcenter.org
7293,www.poplargrove.care
7294,www.ruralrehabservices.com
7295,www.missionparkhc.com
7296,www.mrcmirador.org
7297,www.rvpcs.org
7298,www.ori-hawaii.com
7299,www.rosecrest.org
7300,www.orlando-rehabhospital.com
7301,www.nicolhome.org
7302,www.pontiaccare.com
7303,www.opportunityliving.org
7304,www.patapscohcr.com
7305,www.oaksnursingcenter.com
7306,www.orlandchildrenscenter.com
7307,www.saipanrenalcare.com
7308,www.pinellaspointrehab.com
7309,www.noshc.org
7310,www.promisingfutures.net
7311,www.quapawcr.com
7312,www.riversedgehealth.org
7313,www.renalis.com
7314,www.sauerhealthcare.org
7315,www.pptsm.com
7316,www.northpointhealth.org
7317,www.savoycarecenter.com
7318,www.santarosacarecenter.com
7319,www.remminnesota.com
7320,www.pleasantviewcarecenter.com
7321,www.sanbenitohealth.org
7322,www.payettehealthcareofcascadia.com
7323,www.pineridgerhc.com
7324,www.performanceplusrehab.com
7325,www.orchardhealth.org
7326,www.ocnursingrehab.com
7327,www.nmsportsmed.com
7328,www.rockvalleypt.com
7329,www.mooringspark.org
7330,www.premierdiabetescareandmedical.com
7331,www.njmasonic.org
7332,www.midlandslivingcenter.com
7333,www.meadowbrookcarectr.com
7334,www.narayanmedical.com
7335,www.peakvista.org
7336,www.rehabonehomecare.com
7337,www.pleasantonsouthhc.com
7338,www.pampaphysicaltherapy.com
7339,www.rivervalleyrehab.com
7340,www.newburghhealthcare.com
7341,www.ritchieschools.com
7342,www.richmondpostacute.com
7343,www.progressive-pt.com
7344,www.metroat1515.com
7345,www.rogershc.com
7346,www.reynos.com
7347,www.mchvt.org
7348,www.parkmanor-conroe.com
7349,www.meddiagnosticrehab.co
7350,www.premiercentralpediatrics.net
7351,www.perrycountynursingandrehab.com
7352,www.paradigmatfirstcolony.com
7353,www.palmvillage.com
7354,www.nnlm.gov
7355,www.montereau.net
7356,www.panorama.org
7357,www.plantationoaksnursingandrehab.com
7358,www.sanramonicfddh.com
7359,www.pineknollnursingandrehabilitation.com
7360,www.nwkidney.org
7361,www.scpccga.org
7362,www.mohawkmeadowsrehab.com
7363,www.peachtreemed.com
7364,www.radiologyimagingcenters.com
7365,www.recoveryteam.org
7366,www.mcmcfc.org
7367,www.riveroflifemission.org
7368,www.ricelandhealthcare.com
7369,www.pdcentersofamerica.com
7370,www.semrhi.com
7371,www.paradigmatwestbury.com
7372,www.prestonfamilymedical.com
7373,www.saludanursing.org
7374,www.myhaywoodregional.com
7375,www.olympiamc.com
7376,www.pinkbudnursingcenter.com
7377,www.newavenues.net
7378,www.phillipscountyretirement.org
7379,www.rescare.com
7380,www.ohiocountyhomes.org
7381,www.rivervalleyok.com
7382,www.nmphc.org
7383,www.northernlakesnursing.org
7384,www.reidhospital.org
7385,www.schsa.org
7386,www.mihcs.org
7387,www.parkavehc.org
7388,www.orangecountyglobalmedicalcenter.com
7389,www.newcourtland.org
7390,www.ptaclinic.com
7391,www.ml-healthcare.net
7392,www.nexion-health.com
7393,www.sbcc.edu
7394,www.puxiconursing.com
7395,www.rehabcenteratbristol.com
7396,www.rcchc.org
7397,www.parkcountyre2.org
7398,www.providencechc.org
7399,www.peoples-center.org
7400,www.northbendpostacute.com
7401,www.regencyparknursinghome.com
7402,www.plantationmanor.org
7403,www.radianceradiology.com
7404,www.newhopeofindiana.org
7405,www.northfloridarehabhospital.com
7406,www.princetonrehab.com
7407,www.mrccrestview.org
7408,www.our-lady-of-peace.com
7409,www.pclr.org
7410,www.nerad.com
7411,www.sacobaypt.com
7412,www.mvlife.org
7413,www.sandyparkcare.org
7414,www.pinecrestcares.org
7415,www.mountainsidehc.com
7416,www.rhnmc.org
7417,www.phsccenter.org
7418,www.nchcfqhc.org
7419,www.mobilehealthmap.org
7420,www.sevenacres.org
7421,www.metrohealthinc.org
7422,www.riverviewrehabcenter.com
7423,www.mohealthcare.com
7424,www.missioncareatholyoke.com
7425,www.pcsdms.com
7426,www.northbaypostacute.com
7427,www.rosegardennj.com
7428,www.newhorizonofnwf.org
7429,www.pottstownnursingandrehab.com
7430,www.rpsb.us
7431,www.pointlookoutnursing.com
7432,www.scvh.org
7433,www.oakparkhc.com
7434,www.seniorcareauthority.com
7435,www.palmcityrehab.com
7436,www.ossianhealthandrehab.com
7437,www.mtpca.org
7438,www.mountcarmelbehavioralhealth.com
7439,www.ohiovalleymanor.com
7440,www.sbepschools.org
7441,www.royalmanor.net
7442,www.multiculturalcc.com
7443,www.naranorthwest.org
7444,www.rbbhcc.org
7445,www.op.nysed.gov
7446,www.sewardhealthcenter.org
7447,www.nazarethlcc.com
7448,www.petersenhealthcare.net
7449,www.norwoodcrossing.org
7450,www.palmgardenscenter.com
7451,www.saintfrancisrehab.com
7452,www.mrccornerstone.org
7453,www.prismhealth.org
7454,www.rileychildrens.org
7455,www.pullmanregional.org
7456,www.parmacarecenter.com
7457,www.nmhealth.org
7458,www.primecarehealth.org
7459,www.nuroc-health.com
7460,www.rsi-nc.org
7461,www.pc3med.com
7462,www.paoniacare.com
7463,www.newfamilyhealthhi.com
7464,www.pearlelkgrove.com
7465,www.myphysio.com
7466,www.rockymountaintherapy.org
7467,www.nchcfa.org
7468,www.pshcks.org
7469,www.shcofeastlouisville.com
7470,www.schofieldcare.org
7471,www.saulttribe.com
7472,www.myheritagehealth.org
7473,www.shcofmonroecounty.com
7474,www.onelfs.org
7475,www.renviva.com
7476,www.royalpediatrics.net
7477,www.marramhealth.org
7478,www.peopleservingpeople.org
7479,www.northdalerehab.com
7480,www.nhcare.org
7481,www.pleasantridgemanor.com
7482,www.mchenrymedicalgroup.com
7483,www.parkmanorwi.com
7484,www.miraclehillhealthcare.com
7485,www.myalliancehealth.com
7486,www.riggshealth.com
7487,www.riogranderhc.com
7488,www.pchsmedclinic.org
7489,www.sechc.org
7490,www.rockawaydialysis.com
7491,www.parkviewreinbeck.com
7492,www.ochbuffalo.org
7493,www.shcofgreeneville.com
7494,www.outercape.org
7495,www.nuihc.org
7496,www.pinevillehospital.net
7497,www.sadlerhealth.org
7498,www.pinnaclesanford.com
7499,www.remiowa.com
7500,www.senecahealth.org
7501,www.sayrehealth.org
7502,www.mhhc.org
7503,www.regentcare.biz
7504,www.messiahlifeways.org
7505,www.shcofmccrearycounty.com
7506,www.nwhealth-services.org
7507,www.pillowclinicpllc.com
7508,www.okolona.k12.ms.us
7509,www.mtolivethomes.org
7510,www.mountosb.org
7511,www.ohmanfamilyliving.com
7512,www.mpachealth.com
7513,www.marvistahcwc.com
7514,www.sarasotapointrehab.com
7515,www.mercefamilyhealthcare.com
7516,www.satellitehealthcare.com
7517,www.normandysc.org
7518,www.roseviewnursingandrehab.com
7519,www.sharonlane.com
7520,www.paradigmattheoak.com
7521,www.northwoodchildren.org
7522,www.shcatparkwood.com
7523,www.noelachc.org
7524,www.mrsphysicaltherapy.com
7525,www.nocofamilyhealth.org
7526,www.mcbriderehab.com
7527,www.rncrhealth.org
7528,www.salemschools.com
7529,www.newhorizonstxk.com
7530,www.orchardviewhc.com
7531,www.ochsner-rehab.com
7532,www.ruralmedicalservices.org
7533,www.ottumwahealthgroup.com
7534,www.progressivecarecenters.com
7535,www.parkvillanursinghome.org
7536,www.seviervillehealthandrehab.com
7537,www.parkernrc.com
7538,www.shcatcolonial.com
7539,www.riverspringliving.org
7540,www.regencyhealthcare.com
7541,www.scandinaviancommunities.org
7542,www.riverviewmanorowego.com
7543,www.optimacarefountains.com
7544,www.ruthebcowl.org
7545,www.mobilityrehabilitation.com
7546,www.nevadamedicalclinic.com
7547,www.meadowbrookrehab.net
7548,www.mountainlands.org
7549,www.pmcotc.com
7550,www.mckinneymedicalcenter.com
7551,www.scahealth.org
7552,www.mtcomp.org
7553,www.parkmanor-cyfair.com
7554,www.pulaskihealthcarecenter.com
7555,www.metrolinanephrology.com
7556,www.ntsoc.com
7557,www.northlandlutheranwi.com
7558,www.monroviahcc.com
7559,www.sgmays.org
7560,www.mygcia.com
7561,www.mhealthfairviewpeds.org
7562,www.shastahealth.org
7563,www.mobileeyecare.com
7564,www.mjhs.org
7565,www.shcofbowlinggreen.com
7566,www.northwestchc.org
7567,www.mcmahontomlinson.com
7568,www.northridge-health.com
7569,www.millenniumtherapy.com
7570,www.rehabsouthsanantonio.com
7571,www.sarnoclinic.com
7572,www.myparkviewmedical.com
7573,www.shcatjeffersonplace.com
7574,www.riversidemanor.com
7575,www.medexdiagnosticservices.com
7576,www.pillarseniorcare.com
7577,www.seniorservicedirectory.com
7578,www.parisregionalhealth.com
7579,www.mlmcphysiciansgroup.com
7580,www.marinclinic.org
7581,www.onehealthcaresforall.org
7582,www.plumcitycare.com
7583,www.pascuayaqui-nsn.gov
7584,www.mentalhealthcenters.net
7585,www.myrhc.org
7586,www.newhopecommunity.org
7587,www.okdrs.gov
7588,www.neonhealth.org
7589,www.montgomeryfamilyclinic.net
7590,www.scihp.org
7591,www.portlandcare.net
7592,www.parkmanor-quailvalley.com
7593,www.oaklanewellness.com
7594,www.shcofmonteagle.com
7595,www.ridgecresthealthandrehab.com
7596,www.mvmgables.com
7597,www.parishealthgroup.com
7598,www.naturetrailhrc.com
7599,www.progbeg.com
7600,www.palatinenh.com
7601,www.odcinc.com
7602,www.premierofillinois.com
7603,www.mncare.org
7604,www.mountaintoprhc.com
7605,www.novacare.com
7606,www.salemlutheranhomes.org
7607,www.mtviewmanor.com
7608,www.newvanderbiltrehab.com
7609,www.samsphysicaltherapy.com
7610,www.masonpointeindependentliving.org
7611,www.shcofhartcounty.com
7612,www.potomaccenter.com
7613,www.omegahospital.com
7614,www.rrhsf.org
7615,www.parkmanor-humble.com
7616,www.rehabgv.com
7617,www.marquiscompanies.com
7618,www.orlandoseniorhealth.org
7619,www.paragonptandrehab.com
7620,www.sabancommunityclinic.org
7621,www.reddingpostacute.net
7622,www.ridgewoodmanornursingandrehab.com
7623,www.rainbowpediatricpc.com
7624,www.preferredmedgroup.com
7625,www.roswellnursingandrehabilitation.com
7626,www.monroecitymanor.com
7627,www.royalspringshcc.com
7628,www.newbrightoncarecenter.com
7629,www.scdhhs.gov
7630,www.pitriverhealthservice.org
7631,www.muskego-health.com
7632,www.nowcap.com
7633,www.pachaven.com
7634,www.pathwaysforyou.org
7635,www.sdaihc.org
7636,www.sckclinic.com
7637,www.northpointhc.com
7638,www.reliant-rehab.com
7639,www.rockcreekrhc.com
7640,www.shcatsummitmanor.com
7641,www.parklanenursinghome.com
7642,www.oaklandhc.com
7643,www.mchcky.com
7644,www.peachtreehillsplace.com
7645,www.northauburnskillednursing.com
7646,www.orangegrovecenter.org
7647,www.nhrny.org
7648,www.ptstoccoa.com
7649,www.rockwoodretirement.org
7650,www.nativehealthphoenix.org
7651,www.newvisionshs.org
7652,www.montecitohc.com
7653,www.ohlinc.org
7654,www.northwestnursingcenter.com
7655,www.northernexpresscare.org
7656,www.moultriecreekrehab.com
7657,www.sfserviceguide.org
7658,www.mpsdk12.net
7659,www.prosserhealth.org
7660,www.seguinchamber.com
7661,www.resortnh.net
7662,www.northhill.org
7663,www.prestonwoodrehab.com
7664,www.rosewoodhomemarket.com
7665,www.odessamedgroup.com
7666,www.mycmahealth.com
7667,www.marinanursing.com
7668,www.primaryhealthcarecenters.org
7669,www.marylanddiagnostics.com
7670,www.rcms-healthcare.org
7671,www.oriolhealthcare.com
7672,www.njsharingnetwork.org
7673,www.rcavonpark.net
7674,www.plazahealthcenter.com
7675,www.mckayhealthcare.org
7676,www.pchclinic.com
7677,www.seniorvillagerehab.com
7678,www.owenvalleyhcr.com
7679,www.salyersvillenursing.com
7680,www.mercyclinic.net
7681,www.nicklaushealth.org
7682,www.quincymedgroup.com
7683,www.maywoodhc.com
7684,www.pleasantvalleynursing.com
7685,www.rennesgroup.com
7686,www.renaissancerehab.org
7687,www.shawneecolonialestates.com
7688,www.nyakc.com
7689,www.peadd.org
7690,www.parkridgenursingcenter.com
7691,www.poudrecanyonhrc.com
7692,www.sargentcenter.org
7693,www.palmscc.com
7694,www.seamar.org
7695,www.parkviewwayland.com
7696,www.montgomery-medical.net
7697,www.moberlyphysicians.com
7698,www.serracenter.org
7699,www.plainviewmanor.com
7700,www.outreachindiana.org
7701,www.myprivia.com
7702,www.serenityrhc.com
7703,www.myomc.org
7704,www.prairieviewcampus.com
7705,www.renaissancehcr.com
7706,www.primeptsports.com
7707,www.meadowviewhr.com
7708,www.parcplacemedicalresort.com
7709,www.reserveatspringhill.org
7710,www.mcbethesda.com
7711,www.pikecreekhc.com
7712,www.ridgelandnrc.com
7713,www.nyfoundling.org
7714,www.mountainviewwomenshealth.org
7715,www.petersonrhc.com
7716,www.paradigmatfaithmemorial.com
7717,www.palmettocarecenter.com
7718,www.positivegrowthinc.org
7719,www.newglenoaks.com
7720,www.sanpablohc.com
7721,www.northcrestliving.com
7722,www.northeastmshc.com
7723,www.seniorhousingnet.com
7724,www.morriltonmedicalclinic.com
7725,www.npino.org
7726,www.radnet.com
7727,www.parksideellijay.com
7728,www.papeterson.com
7729,www.ptplusinc.us
7730,www.republicnursingrehab.com
7731,www.mini-cassiacarecenter.com
7732,www.riverbendhr.com
7733,www.pvs.k12.nm.us
7734,www.metrotherapyscc.com
7735,www.rivervalleyrhc.com
7736,www.neighborhoodhc.org
7737,www.rivervalleyhcw.com
7738,www.regionalphysicianservices.com
7739,www.novatc.org
7740,www.rns-watch.org
7741,www.pgacadiana.com
7742,www.mlchc.org
7743,www.shcoferin.com
7744,www.regionalhealthplus.com
7745,www.milpitascare.com
7746,www.onechc.org
7747,www.midlandml.com
7748,www.mentor-ridge.net
7749,www.nwhealthporter.com
7750,www.rivergarden.org
7751,www.meridiancaresa.com
7752,www.northfloridamedicalcenters.org
7753,www.midwest-health.com
7754,www.people-inc.org
7755,www.pvathens.org
7756,www.retirementranch.org
7757,www.movetobetterhealth.com
7758,www.positivedirectionsinc.org
7759,www.omnicanhelp.com
7760,www.mcdowell.k12.nc.us
7761,www.sfcommunityhealth.org
7762,www.maryleefoundation.org
7763,www.semohealthnetwork.org
7764,www.nickandmikept.com
7765,www.safelightfamily.org
7766,www.paradigmatstevens.com
7767,www.rentonhealthandrehabilitation.com
7768,www.novatohc.com
7769,www.myfhs.org
7770,www.mmdsmobilexray.com
7771,www.paacmd.com
7772,www.mcohio.org
7773,www.pvaustell.org
7774,www.ndvh.nd.gov
7775,www.schulmanandschachne.org
7776,www.oakbrookhealthandrehab.com
7777,www.marywoodnursingcarecenter.org
7778,www.olvhs.org
7779,www.meadowsonfairview.org
7780,www.opcc.org
7781,www.mycarecampus.com
7782,www.ourlegacyfl.org
7783,www.orangerehabilitation.com
7784,www.rsiphysicaltherapy.com
7785,www.overlook-mass.org
7786,www.rsbcihi.org
7787,www.saludschools.org
7788,www.pureviewhealthcenter.org
7789,www.mhmr.org
7790,www.opsam.org
7791,www.reginahealthcenter.org
7792,www.shawneechristianhealthcare.org
7793,www.marionunit2.org
7794,www.nmsh.state.ms.us
7795,www.newaldaya.org
7796,www.midgeorgiapeds.com
7797,www.prescotthousehc.com
7798,www.mcwheaton.com
7799,www.pesachtikvah.org
7800,www.presbyterianmanors.org
7801,www.rhgnc.org
7802,www.outreachhs.org
7803,www.mathiesenclinic.com
7804,www.nottinghamhealthandrehab.com
7805,www.meadowviewnursing.org
7806,www.ormondnursing.com
7807,www.norwalknursingandrehab.com
7808,www.sanantonionorthhc.com
7809,www.montgomerycountync.com
7810,www.rosecrance.org
7811,www.mirabellaportland.org
7812,www.pps.net
7813,www.newhorizonfhs.org
7814,www.northeastcenter.com
7815,www.minnesotahelp.info
7816,www.projecthome.org
7817,www.pediatricgroupllc.com
7818,www.querenciabartoncreek.com
7819,www.mindenfamilycarecenter.com
7820,www.shcofclarksville.com
7821,www.promenadehealthandrehab.com
7822,www.oeshome.org
7823,www.mountzionhrc.com
7824,www.paradisecreekofcascadia.com
7825,www.naturecoastpt.com
7826,www.sangabrielrehabcenter.com
7827,www.pbhospital.com
7828,www.oakdalecaringcenter.com
7829,www.selectrehab.com
7830,www.nakidneydocs.com
7831,www.riverbendhcc.com
7832,www.promenadenh.com
7833,www.neccmed.org
7834,www.oneworldomaha.org
7835,www.ruralhealthnetworkinc.com
7836,www.paradigmattheprairies.com
7837,www.renalspecialists.com
7838,www.saulttribehealth.com
7839,www.oaknoll.com
7840,www.phillipscountyks.org
7841,www.overbrookfriedlanderprograms.org
7842,www.premierradiology.com
7843,www.sandrockridge.com
7844,www.redeemerhealthcarecenter.org
7845,www.prideinc.org
7846,www.parkwaypavilion-health.com
7847,www.muskogeenursinghome.com
7848,www.professionalrehabassociates.com
7849,www.pnw.edu
7850,www.ohiochc.org
7851,www.modelresidentialhome.com
7852,www.selectis.com
7853,www.olehealth.org
7854,www.migrantclinician.org
7855,www.parkdalemanorhr.com
7856,www.pendletonmanor.org
7857,www.pchsweb.org
7858,www.mtairyrehab.com
7859,www.masonichomesky.com
7860,www.meadowparkrehab.com
7861,www.rollinghillshealthcare.com
7862,www.pmsnm.org
7863,www.scenicmountainmedical.com
7864,www.parkviewnursing.net
7865,www.pineviewcarecenter.com
7866,www.screening4life.us
7867,www.riversbendrc.org
7868,www.osagenursingcenter.com
7869,www.presidentialoaks.org
7870,www.saintjohnxxiiihome.org
7871,www.peachtreectr.com
7872,www.rockymountrehab.com
7873,www.pchcofguymon.org
7874,www.osceolahealthcare.org
7875,www.qualitytherapyproviders.com
7876,www.potawatomi.org
7877,www.riveroaksnursingandrehab.com
7878,www.oakhillmanorithaca.com
7879,www.secorahealth.com
7880,www.passaiccountynj.org
7881,www.midcoastseniorhealth.com
7882,www.nexcarehealth.com
7883,www.nyshfa-nyscal.org
7884,www.rouse.org
7885,www.mountcarmelliving.com
7886,www.rosshealthcare.com
7887,www.redoakhealthandrehabilitation.com
7888,www.poncatribe-ne.gov
7889,www.monroehosp.org
7890,www.orcfulton.com
7891,www.ngpg.org
7892,www.mmanornh.com
7893,www.ridgeviewmonroe.com
7894,www.shcofglasgow.com
7895,www.mydrrc.com
7896,www.nnva.gov
7897,www.neuromusculartherapyofsouthflorida.net
7898,www.naatp.org
7899,www.pennsylvaniakidneycare.com
7900,www.newcarecrivitz.com
7901,www.parkavedialysis.com
7902,www.prfiorg.com
7903,www.parkshoreestates.com
7904,www.samaritanbethany.com
7905,www.serenethoscare.com
7906,www.overlandterrace.com
7907,www.petalumapostacute.com
7908,www.meadowsparkhealth.org
7909,www.miok12.net
7910,www.rosewood-nursing.com
7911,www.mcpsmt.org
7912,www.ndnursing.com
7913,www.sachealth.org
7914,www.pathsinc.org
7915,www.parkviewrehabilitation.com
7916,www.meridian-radiology.com
7917,www.northstarfqhc.org
7918,www.mbssimagingmasters.com
7919,www.northparkpa.com
7920,www.plauchemd.com
7921,www.riverhavennursing.com
7922,www.ponderosavilla.com
7923,www.mountainviewnh.com
7924,www.omronursing.com
7925,www.northauroralrc.com
7926,www.ntrehab.org
7927,www.martin.kyschools.us
7928,www.oakviewhealth.org
7929,www.pagosamountainhospital.org
7930,www.prcmn.com
7931,www.oneidaindiannation.com
7932,www.rmcl.org
7933,www.pruitthealth.com
7934,www.oaklandparktrf.com
7935,www.randolphhome.com
7936,www.montgomeryvillenursingandrehab.com
7937,www.sanrafaelhc.com
7938,www.rosemeaddialysis.com
7939,www.morganfieldnursing.com
7940,www.pinnacleliving.org
7941,www.ridgewood-seward.com
7942,www.onecommunityhealth.org
7943,www.nchdcc.org
7944,www.oihn.org
7945,www.rrths.org
7946,www.maywoodtlc.com
7947,www.norridgegardens.com
7948,www.meansclinic.com
7949,www.shcofmemphis.com
7950,www.presbyterianseniorliving.org
7951,www.pickettcare.com
7952,www.midstatehealth.org
7953,www.palazzopostacute.com
7954,www.raleighortho.com
7955,www.saratogaretirement.org
7956,www.nps.gov
7957,www.midtownchc.org
7958,www.mtgrantgenhospital.org
7959,www.regentcare-thewoodlands.com
7960,www.pineeagleclinic.org
7961,www.montellocarecenter.org
7962,www.rismobilediagnostic.com
7963,www.riversidefoundation.net
7964,www.mcdonaldcolivingcenter.com
7965,www.northvillagepharmacy.com
7966,www.pediatricsplustn.com
7967,www.rsitherapy.net
7968,www.pinevillageks.org
7969,www.sabineurgentcare.com
7970,www.nantucket-ma.gov
7971,www.mykidneycenter.com
7972,www.riverbankpostacute.com
7973,www.newtonvillage.org
7974,www.mineralspringshc.com
7975,www.orchardvalleyhrc.com
7976,www.sbhc.us
7977,www.oaklawnrehab.com
7978,www.parc-fl.org
7979,www.parkmanor-tomball.com
7980,www.newfanerehab.com
7981,www.rockbridge.k12.va.us
7982,www.nyconnects.ny.gov
7983,www.riversidehealthrehabilitation.org
7984,www.mshsak.org
7985,www.pleasantscountyschools.com
7986,www.oxfordkids.com
7987,www.rsli.org
7988,www.seibhc.com
7989,www.oaktraceseniorliving.com
7990,www.pinkribbonmammo.org
7991,www.physicalrehabstl.com
7992,www.okmulgeeterrace.com
7993,www.novemberandassociatestherapy.com
7994,www.riverviewnursing.com
7995,www.pinersnursinghome.com
7996,www.sertomacenter.org
7997,www.minocqua.org
7998,www.northjerseydiagnostics.com
7999,www.samaritas.org
8000,www.raleighrehabhc.com
8001,www.sbfhc.org
8002,www.promisehealth.org
8003,www.nova.edu
8004,www.shcoffentresscounty.com
8005,www.mirabellaasu.org
8006,www.medallionservices.co
8007,www.palmmedicalcenters.com
8008,www.pgtigers.org
8009,www.parkviewhaven.com
8010,www.phoenixcrp.com
8011,www.newcc.health
8012,www.occupationaltherapyservices.net
8013,www.sclhealth.org
8014,www.piedmonthc.com
8015,www.millcreek-care.net
8016,www.montgomerychildrenscare.com
8017,www.nhnrc.com
8018,www.rockyridgemanor.com
8019,www.plateaupediatrics.com
8020,www.mundaynursing.org
8021,www.riverdellcc.com
8022,www.sandyspringsnursing.com
8023,www.oelwein.com
8024,www.rapid-ray.com
8025,www.royalvistacare.com
8026,www.ottawafamilyphysicians.com
8027,www.ridgewayrc.com
8028,www.rhc-pt.com
8029,www.proteusinc.net
8030,www.oldmillrehab.com
8031,www.scenicbluffs.org
8032,www.miaminursingcenter.com
8033,www.oakviewnursingandrehab.com
8034,www.royalparkhealthandrehab.com
8035,www.nulifedialysis.com
8036,www.martinschools.org
8037,www.sdfhc.org
8038,www.ridgecrestvillage.org
8039,www.mrccreekside.org
8040,www.plusinc.net
8041,www.oakridgerhc.com
8042,www.pueblochc.org
8043,www.sardiscommunitynursing.com
8044,www.sevenhills.org
8045,www.sharpviewrrc.net
8046,www.mountainviewmanor.biz
8047,www.sanilacmedicalcare.com
8048,www.ouachitanursing.com
8049,www.precisionhealthservices.com
8050,www.shcatrockford.com
8051,www.oakhammock.org
8052,www.royaloaksnursingandrehab.com
8053,www.seniorly.com
8054,www.shcofchapelhill.com
8055,www.max-rehab.com
8056,www.pccwellness.org
8057,www.moravianvillage.com
8058,www.ozanamhall.org
8059,www.scottishritepark.com
8060,www.pediatrictherapyassoc.com
8061,www.shcofmuncie.com
8062,www.missiondelacasa.com
8063,www.powderspringsnursing.com
8064,www.prairiemanor.org
8065,www.riveroakscares.com
8066,www.newportsubacute.com
8067,www.rhd.org
8068,www.meridiancenterforhealth.org
8069,www.ofrh.org
8070,www.sharecare.com
8071,www.riverview-health.net
8072,www.montgomerypeds.com
8073,www.oppent.org
8074,www.rushpt.com
8075,www.piercecare.org
8076,www.piggotthcc.com
8077,www.phila.gov
8078,www.orchardmanor.org
8079,www.prophysicaltherapyonline.com
8080,www.scottcollection.org
8081,www.schenectadycountyny.gov
8082,www.redlandshcc.com
8083,www.portlandschools.org
8084,www.parsonscenter.org
8085,www.richlandplace.com
8086,www.ohiohelps.org
8087,www.myamericannurse.com
8088,www.parkviewhavenfacilities.com
8089,www.shadyoakshc.com
8090,www.saludclinic.org
8091,www.mynhfw.org
8092,www.riversidecareandrehab.com
8093,www.sapphirerehab.com
8094,www.multicaretherapycenter.com
8095,www.networkforhope.org
8096,www.mobilityplusrehab.com
8097,www.ontariogrove.com
8098,www.moosehaven.org
8099,www.oakviewwaverlyhall.org
8100,www.mcs-nola.org
8101,www.newbridgehealth.org
8102,www.rvshc.org
8103,www.mcpotomac.com
8104,www.pelicanpeds.com
8105,www.mosaicinfo.org
8106,www.salude.com
8107,www.medamericarehab.com
8108,www.nhhca.org
8109,www.ocspecialtyhealth.com
8110,www.newdawnrehabcare.com
8111,www.pelicanvalleyseniorliving.org
8112,www.qliri.org
8113,www.morningstarcarecenter.com
8114,www.rockypointcarecenter.com
8115,www.mostellarmedical.org
8116,www.pennyroyalcenter.org
8117,www.nwaghc.com
8118,www.mpnnbh.org
8119,www.nstreetvillage.org
8120,www.pecanbayounursingandrehabilitation.com
8121,www.promontoryrehab.com
8122,www.mtbakercarecenter.com
8123,www.offeringhope.org
8124,www.mccameyhospital.org
8125,www.pearltillers.com
8126,www.parkriverestatescarecenter.com
8127,www.mariettanursing.com
8128,www.owsleycountyhealthcarecenter.com
8129,www.putnamcountytnhealthdept.com
8130,www.sanvicente.org
8131,www.meadowood.net
8132,www.mdwestmed.com
8133,www.mooseheart.org
8134,www.njeasternstar.org
8135,www.phoenixsrliving.com
8136,www.mrcthecrossings.org
8137,www.scenicrivershealth.org
8138,www.ocalaoaksrehab.com
8139,www.ppxray.com
8140,www.ouachitahealthcare.com
8141,www.mastersmanna.org
8142,www.riverwaysmanor.com
8143,www.martinmedicalctr.com
8144,www.seniorlivingguide.com
8145,www.missionhealthphysicians.org
8146,www.rutgers.edu
8147,www.nschc.org
8148,www.riveroaksok.com
8149,www.midwilshirehealth.com
8150,www.rivetusrehab.com
8151,www.olivebranchhealthrehab.com
8152,www.psocinc.com
8153,www.quailhavenvillage.com
8154,www.methodisthomes.org
8155,www.parkterracerehab.com
8156,www.mooretownrancheria-nsn.gov
8157,www.naomiheightsnursingandrehab.com
8158,www.shairecenter.com
8159,www.newhavencarecenter.org
8160,www.potosimanor.com
8161,www.sequoyahok.com
8162,www.recoveryconsultants.org
8163,www.reedcityschools.org
8164,www.openplacement.com
8165,www.rushspecialtyhospital.com
8166,www.sequimhealth.care
8167,www.seniorcare.com
8168,www.shcofelizabethton.com
8169,www.plantationrehab.com
8170,www.rehabdynamics.com
8171,www.serenityspringsrecovery.com
8172,www.pathfinderinc.org
8173,www.mmnrc.com
8174,www.sanjosehc.com
8175,www.reunionplazahealthandrehab.com
8176,www.mphci.com
8177,www.parkviewnursinghc.com
8178,www.seniorlifestyle.com
8179,www.menifeeglobalmedicalcenter.com
8180,www.mtnlaurel.org
8181,www.midtownmanor.net
8182,www.neomedcenter.org
8183,www.nshorehc.com
8184,www.shanoanspringsresidence.com
8185,www.patrickcountyfamilypractice.com
8186,www.millcreekofmagee.com
8187,www.meadowlark.org
8188,www.phoenixresidence.org
8189,www.pvrsdk12.org
8190,www.nazhome.org
8191,www.prairiehouselivingcenter.com
8192,www.oxfordphysicaltherapy.com
8193,www.resilireneuro.com
8194,www.mercyoutpatientclinic.com
8195,www.pdicare.com
8196,www.physicianscare.org
8197,www.ncdhp.com
8198,www.sanantoniowesthc.com
8199,www.newhopenursing.com
8200,www.merrimackcounty.net
8201,www.providenceswedishrehabhospital.com
8202,www.rivercitylivingcommunity.com
8203,www.pavilionatglaciervalley.com
8204,www.rhcnepa.com
8205,www.princetontransitionalcare.com
8206,www.morningstarliving.org
8207,www.schuylkillhc.com
8208,www.newhopefamilypractice.com
8209,www.pomonahc.com
8210,www.omnirehab.net
8211,www.qchc.org
8212,www.mccormickscreekhc.com
8213,www.oaksofhouma.com
8214,www.mshca.com
8215,www.prairiegrovehr.com
8216,www.pcsvcs.org
8217,www.morrobay.org
8218,www.rehabselect.net
8219,www.premierpediatricsla.net
8220,www.oaksofla.com
8221,www.northoaksobgyn.com
8222,www.sayrechristianvillage.org
8223,www.peacecarenj.org
8224,www.metrotampabay.org
8225,www.meadowviewrhc.com
8226,www.marquetteseniorliving.org
8227,www.prestonsburghealthcare.com
8228,www.pskc.net
8229,www.maryvillelivingcenter.com
8230,www.rehabhospitalofjennings.com
8231,www.myfchc.org
8232,www.ptkansas.com
8233,www.oakmontguestcare.com
8234,www.onwithlife.org
8235,www.pcswga.org
8236,www.rffhc.com
8237,www.missionhealthcommunities.com
8238,www.millcreekofpontotoc.com
8239,www.sanrafaelhealth.com
8240,www.sbchc.org
8241,www.portableservice.com
8242,www.nnhopes.org
8243,www.prairiecommunityhospital.com
8244,www.picak.org
8245,www.pacificcarenc.com
8246,www.montrosehealthcenter.com
8247,www.riverdalenursing.com
8248,www.psychcrime.org
8249,www.pacificcoastmed.com
8250,www.oakvillagehealthcare.com
8251,www.massgeneralbrigham.org
8252,www.santeehealthandwellness.com
8253,www.rrhc.org
8254,www.mfhcnj.org
8255,www.montbelvieurhc.com
8256,www.proactiveptperformance.com
8257,www.shastacascadehealth.org
8258,www.orthotx.com
8259,www.morgantowncare.com
8260,www.renalcaregroup.com
8261,www.michiganneurologyassociates.com
8262,www.saintjosephsvilla.org
8263,www.mcgivneyhealthcare.org
8264,www.oxleyparkhealth.org
8265,www.shcofhartford.com
8266,www.romaneagle.org
8267,www.roadrunnerxray.com
8268,www.professionalimagingnetwork.com
8269,www.mountaincitycare.com
8270,www.senecacountyfcfc.org
8271,www.rehabalabama.com
8272,www.meade.kyschools.us
8273,www.metropolitankidney.com
8274,www.parkerinstitute.org
8275,www.semhaven.org
8276,www.montereyhc.com
8277,www.projecthopecamden.org
8278,www.presbyterianhomes.org
8279,www.meadowviewregionalmedicalgroup.com
8280,www.mytricountypeds.com
8281,www.pasadenaparkhc.com
8282,www.oklahomamemory.com
8283,www.newriverhealthwv.com
8284,www.ourladyofthevalley.com
8285,www.matthewsmemorialnursing.com
8286,www.parkaveextendedcare.com
8287,www.rockland-ridge.net
8288,www.meadow-grove.net
8289,www.penacookplace.org
8290,www.nashospital.com
8291,www.phelpsmedicalgroup.com
8292,www.salemchristianhomes.org
8293,www.nursinghomes.com
8294,www.shcofkinston.com
8295,www.reddingmedicalimaging.com
8296,www.sanjuancapestrano.com
8297,www.rockhousetx.org
8298,www.millardcare.com
8299,www.maristhill.org
8300,www.pleasantmanornursing.com
8301,www.pendletonfamilymedicine.com
8302,www.osceolarhc.org
8303,www.pccek.com
8304,www.pchsak.org
8305,www.nehalembayhealth.org
8306,www.mirabellaseattle.org
8307,www.shawneehealth.com
8308,www.seasonshealthgroup.com
8309,www.parkmanor-thewoodlands.com
8310,www.northparkhealthandrehab.com
8311,www.redoakcc.com
8312,www.pcmcf.com
8313,www.netcarelifeandhealth.com
8314,www.riverviewatthepark.com
8315,www.nhscnj.org
8316,www.orionmhservices.com
8317,www.robertshealthcentre.com
8318,www.shadyacrescares.com
8319,www.pineyridge.net
8320,www.ptclinicparis.com
8321,www.monroesprings.com
8322,www.rmchealth.org
8323,www.radxmobile.com
8324,www.rydersrehab.com
8325,www.paradigmatsweeny.com
8326,www.mytruehealth.org
8327,www.nationalchurchresidences.org
8328,www.otmdc.org
8329,www.pvmnh.com
8330,www.morrowfamilyhealth.org
8331,www.pacificcarehome.com
8332,www.pinegrovehc.com
8333,www.riverside-rehabilitation.com
8334,www.pugetsound.care
8335,www.scvmobilexray.com
8336,www.sarahrobertsfrenchhome.org
8337,www.royaltreatmenthealthcare.com
8338,www.redhillsortho.com
8339,www.richsquarerehab.com
8340,www.riverbendhospital.com
8341,www.newtonclinic.com
8342,www.pioneercare.org
8343,www.maywoodrehab.com
8344,www.masimaging.com
8345,www.plantationmanornursingandrehab.com
8346,www.odysseyhouse.org
8347,www.medcarepediatric.com
8348,www.mobilexrayoflouisiana.com
8349,www.montg-pvillepediatric.com
8350,www.ohelfamily.org
8351,www.pdnnursing.com
8352,www.resthavennursingandrehab.com
8353,www.optimacareharborview.com
8354,www.nrha.us
8355,www.mlih.org
8356,www.pleasantvalleyhealthcare.com
8357,www.rnsb.k12.nm.us
8358,www.rise4me.com
8359,www.optalishealthcare.com
8360,www.scenic-pointe.net
8361,www.sakidney.com
8362,www.prescommunities.org
8363,www.ocalarehab.com
8364,www.myrtlesnursingcenter.com
8365,www.ohanapacific.com
8366,www.montgomeryfamilycare.com
8367,www.rapidespt.com
8368,www.sarahbraytonhc.com
8369,www.mobilehealth.com
8370,www.odinhrc.com
8371,www.moradaseniorliving.com
8372,www.providencehealthcare.org
8373,www.northstarmanor.org
8374,www.projectrenewal.org
8375,www.oxford-nursinghome.com
8376,www.pvida.net
8377,www.park-health.net
8378,www.shawneecare.com
8379,www.natchezpediatrics.com
8380,www.mccallschapelschool.org
8381,www.portorangerehab.com
8382,www.shchc.org
8383,www.omniimaging.com
8384,www.protectionvalleymanor.com
8385,www.southsoundbehavioralhospital.com
8386,www.warracresnursingcenter.com
8387,www.universityparkhc.com
8388,www.southpointnursing.com
8389,www.usrenalcare.com
8390,www.whv.org
8391,www.tieszenhome.com
8392,www.stjosephseniorhome.org
8393,www.ywcastl.org
8394,www.templecityhealthcare.com
8395,www.swhs-nc.org
8396,www.wfhcenter.org
8397,www.thebridgesankeny.com
8398,www.shermancountymedicalclinic.net
8399,www.visionsfamilyservices.org
8400,www.vineyardsatconcord.com
8401,www.westhavenstillwater.com
8402,www.vmpcares.com
8403,www.southfultondialysis.com
8404,www.stf.ms.gov
8405,www.warrenbarrlieberman.com
8406,www.tierrarose.com
8407,zearinghealthcarecenter.com
8408,www.storypoint.com
8409,www.westwoodnursingrehab.com
8410,www.stillwatersnf.com
8411,www.strasburgcarecenter.org
8412,www.turkeypeakreservoir.com
8413,www.thetempletonofcary.com
8414,www.vitals.com
8415,www.washington.kyschools.us
8416,www.stann-health.com
8417,zarrowpointe.org
8418,www.theheritageatlowman.org
8419,www.valleyhealthcolumbus.com
8420,www.wilsonseniorcare.com
8421,www.visitcarrollhouse.com
8422,www.woodcrestpostacuterehab.com
8423,www.theclinicinc.org
8424,www.simedical.org
8425,www.wolfespeechtherapy.com
8426,www.sisd.net
8427,www.stpatricksresidence.org
8428,www.westvalleyhc.com
8429,www.sunnybrookrehab.com
8430,www.stanthonysf.org
8431,www.springfieldrehab.com
8432,www.theestateshc.com
8433,www.timelymission.com
8434,www.umfs.org
8435,www.westreadingnursingandrehab.com
8436,www.silvertonofcascadia.com
8437,www.tri-cityhealth.org
8438,www.tlc-selma.com
8439,www.stallanthealth.com
8440,www.straffordcarecenter.com
8441,www.titonkacarecenter.com
8442,www.weingart.org
8443,www.thetherapyvillage.com
8444,www.virginia.edu
8445,www.valleyviewhr.com
8446,www.stpatrickshome.org
8447,www.tlc-columbus.com
8448,www.vistawoodscarecenter.com
8449,www.shencommhealth.com
8450,youthvillages.org
8451,www.votgseniorliving.com
8452,www.stjohnsunited.org
8453,www.woodlandshealth.net
8454,www.watersofchesterfield.com
8455,www.sunnysidemanornj.com
8456,www.sterlingvillage.org
8457,www.waunetacarecenter.com
8458,www.shcofterrehaute.com
8459,www.youthfortomorrow.org
8460,www.youthhome.org
8461,www.thevalleyrhc.com
8462,www.tongieterrace.com
8463,www.willowbendatmarion.com
8464,www.stonemountainhealthservices.org
8465,www.stephenvilletexas.org
8466,www.tylercircleofcare.org
8467,www.stlukessurreyplace.com
8468,www.thejordancentercare.com
8469,www.windsorhealthcarecenter.com
8470,www.womenscarelakecumberland.com
8471,www.thepatientchoice.com
8472,www.sjhealth.org
8473,www.wilbercarecenter.com
8474,www.visionprofessionals.com
8475,www.youthlinkmn.org
8476,www.stonegates.com
8477,www.theriversgrossepointe.com
8478,www.vistacommunityclinic.org
8479,www.touchmark.com
8480,www.shcofridgely.com
8481,www.watersofspringfield.com
8482,www.twinfallstransitionalofcascadia.com
8483,www.trumanhc.com
8484,www.theclubhrc.com
8485,www.westburyschools.org
8486,www.sunlifehealth.org
8487,www.treyburnrehabilitation.com
8488,www.ttuhsc.edu
8489,www.winthrophealth.org
8490,www.uihi.org
8491,www.summermeadows.care
8492,www.sherwoodnr.com
8493,www.teamrms.com
8494,www.solanocounty.com
8495,www.westminstershoresfl.org
8496,www.viewwoodhealth.com
8497,www.valorhealth.org
8498,www.wheelerclinic.org
8499,www.wheelinghealthright.com
8500,www.tchcc.com
8501,www.whittencenterfriends.org
8502,www.storox.org
8503,www.stadiumhc.com
8504,www.wyndridgehealthandrehab.com
8505,www.VictorianVillage.com
8506,www.vonderliethlivingcenter.com
8507,www.stlouiskidneycare.com
8508,yonkersrehab.com
8509,www.trinityrehab.net
8510,www.thesuiteshc.com
8511,www.wncchs.org
8512,www.southparkinn.org
8513,www.spacecoasthealthcenters.org
8514,www.sunshineptc.org
8515,wyndmoorhillshc.com
8516,www.shmrehab.com
8517,www.sherwood-oaks.com
8518,www.unitedmobilexray.com
8519,yellowstonesurgerycenter.com
8520,www.taylor.kyschools.us
8521,www.sndohio.org
8522,www.thompsonmedicalclinic.com
8523,www.zepfcenter.org
8524,www.spsd.net
8525,www.suring-health.com
8526,www.spanish-meadows-brownsville.com
8527,www.tebra.com
8528,www.trilliumwoodslcs.com
8529,www.smrc.ms.gov
8530,www.stewartmedicalcare.com
8531,www.tiffanyhallrehab.com
8532,www.twinlakestherapyandliving.com
8533,www.wadleyregionalmedicalcenter.com
8534,www.wiltonhrc.com
8535,www.texanacenter.com
8536,www.taylorcommunity.org
8537,www.stmarysalexandria.org
8538,www.thevillageatrockville.org
8539,www.theoaksmonroe.com
8540,yellow-pages.us.com
8541,www.westernpasportsmed.com
8542,www.washington-care.com
8543,www.spectrumdialysis.com
8544,www.villagemanorofcascadia.com
8545,www.torreypinescare.com
8546,www.thematherevanston.com
8547,www.southlakevillagerehab.com
8548,www.talberthouse.org
8549,www.stagnescares.com
8550,www.tracyhealthcare.com
8551,www.stmaryskids.org
8552,www.trinityhealthandwellness.net
8553,www.watersofcheatham.com
8554,www.skiatooknursinghome.com
8555,www.southwestphysicaltherapy.com
8556,www.visitmariesmanor.com
8557,www.westbrookschools.org
8558,www.springcreekrehab.com
8559,www.temeculaprimarycare.com
8560,www.somersetridgehc.com
8561,www.springtreerehab.com
8562,yorkhealthpa.com
8563,www.soonermobilexray.net
8564,www.urgentcaresouthinc.com
8565,www.villageshalom.org
8566,www.thefcpt.com
8567,www.thibodeaupt.com
8568,www.whiteriverlodgecare.com
8569,www.whitehorsevillage.org
8570,www.wtfs.org
8571,www.steppingstonearkansas.com
8572,www.thewilliamsporthome.com
8573,www.tricountyri.org
8574,www.taravista.care
8575,www.sunrise.org
8576,www.uptowncarecenter.com
8577,www.stmaryrehabilitationhospital.com
8578,www.stjohnkronstadt.com
8579,www.yorkhcwc.com
8580,www.theguesthousebr.com
8581,www.thegrovewoodland.com
8582,www.silverheightscare.org
8583,www.talihinamanor.com
8584,www.woodstocknursingandrehabilitation.com
8585,www.stvincentmedgroup.com
8586,www.stbh.org
8587,www.stoddardbaptisthome.org
8588,www.trinidadrhc.com
8589,www.smokyhillhealthandrehabilitation.com
8590,www.tnpathfinder.org
8591,www.swhranchosprings.com
8592,www.thechildrenscliniccg.com
8593,www.tacomanursingrehab.com
8594,www.wachusettrnc.com
8595,www.sierraclinic.org
8596,www.touchpointsatchestnut.com
8597,www.thecrystalheights.com
8598,www.stgeorgeclinic.org
8599,www.thepavilionop.com
8600,www.theellingtonofrayne.com
8601,www.weavermedicine.com
8602,www.ticenter.org
8603,www.venetian-gardens.net
8604,www.thecentersar.com
8605,www.springvalleyliving.org
8606,www.unitedrenalservices.com
8607,yanceyvillerehab.com
8608,www.woods-medical.com
8609,www.westminsterlakelandfl.org
8610,www.waterviewnursingandrehab.com
8611,www.wilsonmedical.com
8612,www.townofwellington.com
8613,www.tcmanor.com
8614,www.spencelegacyfamilyclinic.com
8615,www.westongroupinc.com
8616,www.sunriver.org
8617,www.tennesseefamilyclinic.com
8618,www.wvc.edu
8619,www.westfordhousehc.com
8620,www.standrewsplace.org
8621,www.theoppt.com
8622,www.sunnyacreshome.org
8623,www.soboba-nsn.gov
8624,www.tlha.org
8625,www.stmaryshome.org
8626,www.wesleyanhealthandrehab.com
8627,www.shcofprimacy.com
8628,www.stmmercy.org
8629,www.transraynm.com
8630,www.southernpeaksrtc.org
8631,www.warrenbarrsouthloop.com
8632,www.watersofmiddletown.com
8633,www.thechildrenshomecinti.org
8634,www.timberland-ridge.net
8635,www.wchealth.org
8636,www.theguilfordhouse.com
8637,www.southriverdevelopment.org
8638,yohsc.com
8639,www.sir-nsn.gov
8640,www.shelbysnf.com
8641,www.sunrisecommunityhealth.org
8642,www.walshhealthcarecenter.com
8643,yakimahousing.org
8644,www.syhealth.org
8645,www.socorroschools.org
8646,www.westneph.com
8647,www.uintahhealthcaressd.org
8648,www.southgateliving.net
8649,www.sunrisevistahealth.com
8650,www.sundancenursing.com
8651,www.stepworks.com
8652,www.yelp.com
8653,www.tennovalafollette.com
8654,www.willowcreeknursingandrehab.com
8655,www.tubman.org
8656,www.socialcirclenursingandrehabilitation.com
8657,www.southwoodatnorwell.com
8658,www.skldcare.com
8659,www.townandcountryhealthandrehab.com
8660,www.stoddardbaptistglobal.org
8661,www.whitman-walker.org
8662,www.westresthaven.com
8663,www.sherwoodurgentcare.com
8664,www.wcmh.net
8665,www.sinairesidences.com
8666,www.welcometomonarchlanding.com
8667,www.sterlingmanornursing.com
8668,www.uptacare.org
8669,www.sycamore-run.net
8670,www.villa-siena.org
8671,www.trcsherman.org
8672,www.taylorville-snr.com
8673,www.williamscountyoh.gov
8674,www.villagemedical.com
8675,www.stmaryofthewoods.com
8676,www.sublettehospitaldistrict.org
8677,www.stonemtn.org
8678,www.thecedarsrc.com
8679,www.washingtonoddfellowshome.com
8680,www.thecoveofcascadia.com
8681,www.woodburnpediatric.com
8682,www.team-iha.org
8683,www.wallingfordnursingandrehab.com
8684,www.sunnygrovega.com
8685,www.taylorglencommunity.org
8686,www.windsormeade.org
8687,www.taborhills.org
8688,www.tbrphysicaltherapy.com
8689,www.wlch.org
8690,www.westminstervillage.com
8691,www.stlukehs.com
8692,www.watersofmckenzie.com
8693,www.voa.org
8694,yorkviewrehab.com
8695,www.valleyviewvillage.org
8696,www.westminstersuncoastfl.org
8697,www.stjosephhome.org
8698,www.tutwilerclinic.org
8699,www.watersofgallatin.com
8700,www.sunnlakemedicalgroup.com
8701,www.valleyviewskillednursingandrehab.com
8702,www.vladpediatrics.com
8703,www.themanorhealth-rehab.com
8704,www.wheatstatemanor.org
8705,www.stjosephchateau.com
8706,www.st-lukesnursingcenter.com
8707,www.southernute-nsn.gov
8708,www.visitparksidemanor.com
8709,www.wilmamed.com
8710,www.stjosephmanorhr.com
8711,www.universityparknursing.com
8712,yajf.org
8713,www.westparkawc.com
8714,www.wabassorehab.com
8715,yourpeaktherapy.com
8716,www.watersofindianapolis.com
8717,www.thegraybrier.org
8718,www.uwhealthrehabhospital.com
8719,www.tampageneralrehabhospital.com
8720,www.spectrumcareacademy.com
8721,www.themanorpb.com
8722,www.southcovemanor.org
8723,www.thegroveatthelake.com
8724,www.swmvh.com
8725,www.wilmermedical.com
8726,www.thecedarsportland.org
8727,www.smhmo.org
8728,www.smartstartpediatrics.com
8729,www.sudburypines.com
8730,www.townofhoosick.org
8731,www.watersofrisingsun.com
8732,www.toiyabe.us
8733,www.traylorporterhealthcare.com
8734,www.stjosephofharahan.com
8735,www.vermilionhealthcarecenter.com
8736,www.stdavidscenter.org
8737,www.westsidecarectr.com
8738,yourfamilymedicalclinic.com
8739,www.walkerrehab.com
8740,www.willowridgecare.com
8741,www.southernoakspawnee.com
8742,www.vistasnf.com
8743,www.thewaterford.com
8744,www.wclynchburg.org
8745,www.stannehome.org
8746,www.winnchc.org
8747,www.thomsonmcduffiechamber.com
8748,www.sundialmanor.com
8749,www.washoetribalhealth.com
8750,www.westmeadeplace.com
8751,www.sterling-village.com
8752,www.thelodgeattangipines.com
8753,www.southshorenr.com
8754,www.thecommonsinlincoln.com
8755,www.windsorhouseinc.com
8756,www.shcofroanokerapids.com
8757,www.willistonhealth.com
8758,www.watersofprinceton.com
8759,www.watersofunioncity.com
8760,www.southerntherapyservices.com
8761,www.southernpointeliving.com
8762,www.villarosanursingandrehab.com
8763,www.watersofdillsboro.com
8764,www.tiffanysquare.com
8765,www.silverspringnursing.com
8766,www.southsidechs.org
8767,www.travis.af.mil
8768,www.wjcs.com
8769,www.templehealth.org
8770,www.watermarkcommunities.com
8771,www.stpaulchildren.org
8772,www.thecarterclinic.com
8773,www.willowparkhealthcare.com
8774,yahwehmedical.com
8775,www.thecresthealthcare.com
8776,www.unionparishchamber.org
8777,www.shcofrogersville.com
8778,www.wellspringofcascadia.com
8779,www.tendercarega.org
8780,www.txindependencehealthplan.com
8781,www.tosa1.org
8782,www2.osfhealthcare.org
8783,www.yourtownhealth.com
8784,www.wurtlandnr.com
8785,www.stjohnsliving.org
8786,yorktownrnc.com
8787,www.speightfamilymedical.net
8788,www.unioncityurgentcare.com
8789,www.sjlivingcenter.org
8790,www.sogamds.com
8791,www.stoneridgeretirement.com
8792,www.townofvici.com
8793,www.wbhrc.com
8794,www.terracehrc.com
8795,www.solonretirementvillage.com
8796,www.singletonhealthcenter.com
8797,www.sound.health
8798,www.walnutridgenursing.com
8799,www.shcofspencercounty.com
8800,www.summitnursingcenter.com
8801,www.swoffordandhalma.com
8802,www.swarmc.org
8803,www.usphs.gov
8804,www.ugmtc.org
8805,www.tpfcinc.com
8806,yumamobilexray.com
8807,www.taylorcountyhealth.org
8808,www.watersofnewcastle.com
8809,www.shieldsnursingcenters.com
8810,www.steelvalleyportablexray.com
8811,www.thebridgeny.org
8812,www.upstatefamilyhealthcenter.org
8813,www.winningwheels.com
8814,www.theamsterdamatharborside.com
8815,www.tarzanatc.org
8816,www.stevehuttonmd.com
8817,www.theoakscarecenter.com
8818,www.threepointsclinic.com
8819,www.thecurtishome.org
8820,www.tristatemobilexray.net
8821,www.sunburynursingandrehab.com
8822,www.waterfordcountryschool.org
8823,www.sunsethomeinc.com
8824,www.tuscany-gardens.net
8825,www.shsrhc.com
8826,www.stmarkvillage.org
8827,www.sojournseneca.com
8828,www.sunsethavenoc.com
8829,www.whitescreekctr.com
8830,www.whiteplainscare.com
8831,www.thepinesnursing.com
8832,www.southbeltkc.com
8833,www.traylorhealth.com
8834,www.warrenbarrlincolnpark.com
8835,www.vitadox.com
8836,www.thegardenshealthcare.com
8837,www.standrewsvillage.com
8838,www.willametteview.org
8839,www.viennanursingrehab.com
8840,www.traditionsmemory.care
8841,www.washingtonrehab.care
8842,www.suncresthealthcareinc.com
8843,www.watersofsmyrna.com
8844,www.tcdiagnostics.com
8845,www.siskiyoupediatricclinic.com
8846,www.stlukelh.com
8847,www.vhca.org
8848,www.stsmpt.com
8849,www.thewesleycommunity.org
8850,www.southernhillshealthcare.com
8851,www.theshepherdscenter.org
8852,www.watertownrnc.com
8853,www.thebradleyhome.org
8854,www.tsh.org
8855,www.soledadmedicalclinic.com
8856,www.solvhealth.com
8857,www.toomeyresidential.org
8858,www.wellnessandmaternity.net
8859,www.stonebridgebehavioral.com
8860,www.tcfmedicine.org
8861,www.trumanlakemanor.com
8862,www.visitsunsethome.com
8863,www.ucdavisrehabhospital.com
8864,www.villagebh.com
8865,www.sunnyviewnursinghome.com
8866,www.villageofeastharbor.org
8867,www.stauntonhrc.com
8868,www.villageatheritageoaks.com
8869,www.unitedhelpers.org
8870,www.westlibertynr.com
8871,ynhs.org
8872,www.watersofscottsburg.com
8873,www.sunshineclinic.org
8874,www.uaurgentcare.com
8875,www.stllc.org
8876,www.trentonhealthandrehab.com
8877,www.wkprogressivecare.com
8878,www.tvfammed.com
8879,www.woodlandhills.info
8880,www.warrenbarrorlandpark.com
8881,www.siouxfalls.gov
8882,www.sonorabehavioral.com
8883,www.windemerepark.com
8884,www.terrell.k12.ga.us
8885,www.tmce.net
8886,www.villageoflebanon.com
8887,www.visittroymanor.com
8888,www.tunicahealth.com
8889,www.techcarexray.com
8890,www.watermanvillage.com
8891,www.threecrownspark.org
8892,www.shdistrict.com
8893,www.sunriserehabpt.com
8894,www.sitrin.com
8895,www.vancesc.com
8896,www.wwmanor.org
8897,www.washcohospital.com
8898,www.svmc.net
8899,www.thekennedycollective.org
8900,www.us-diagnostics.com
8901,www.stonerehabandseniorliving.com
8902,www.vikingmanor.com
8903,www.sunnysidenursing.com
8904,www.sunrise-snr.com
8905,www.trinity-hill.com
8906,www.theadmiral.org
8907,www.thegroveofskokie.com
8908,www.wesleylife.org
8909,www.smokymountainurgentcare.com
8910,www.whitesidehealth.org
8911,www.sunshinepedsofocala.com
8912,www.visitsouthhamptonplace.com
8913,www.standingstonecare.com
8914,www.ucpcleveland.org
8915,www.spokesman.com
8916,www.stonebelt.org
8917,www.uofmhealth.org
8918,www.willowhealthcare.com
8919,www.shcofsouthpittsburg.com
8920,www.thellf.org
8921,www.springvillepediatric.com
8922,www.weavermedicalcenter.com
8923,www.zacharymanornursingandrehab.com
8924,www.tullahomapediatrics.com
8925,www.silverstatepediatricsnf.com
8926,www.skylinehc.com
8927,wynwoodrehab.com
8928,www.thelodgeatlane.com
8929,www.winslowcampusofcare.com
8930,www.wolfeborobayhc.com
8931,www.urbanhealthplan.org
8932,www.wabashvalleyhealthcenter.org
8933,www.srs.ks.gov
8934,www.thpmedicare.org
8935,www.stocktonnursing.com
8936,www.southwoodmiddleschool.org
8937,www.walkermethodist.org
8938,www.spectracareincpt.com
8939,www.signaturehealthinc.org
8940,www.thelakewoodvilla.com
8941,www.tugrivermedical.com
8942,www.westjanischhcc.com
8943,www.theshannongray.org
8944,yccac.org
8945,www.solarahospitals.com
8946,www.westernsnt.com
8947,www.watersofgeorgetown.com
8948,www.tuckerrehab.com
8949,www.xpressmobilexrayofohio.com
8950,www.southtexashealthsystem.com
8951,www.viewsofburlington.com
8952,www.standre.org
8953,www.thca.org
8954,www.ywcahartford.org
8955,www.shorepointmedicalgroup.com
8956,www.southernfamilyhealthcare.com
8957,www.walterborofamilypractice.com
8958,www.wcsnrc.com
8959,www.southerntracerehab.com
8960,www.sunsetlakehrc.com
8961,www.taylorhcg.org
8962,www.susquehannafamilyhealth.com
8963,www.stonehilldbq.com
8964,www.unionplazacarecenter.com
8965,www.tworiversmedicalclinic.com
8966,www.suffolkrha.org
8967,www.welllifenetwork.org
8968,www.springcitycare.com
8969,www.trinityrehabilitationandsportsmedicine.com
8970,www.unionpsd.org
8971,www.vernonrhc.com
8972,www.wesleywoods.net
8973,www.sheffieldcc.com
8974,www.stuartcommunitycare.com
8975,www.spiritrustlutheran.org
8976,www.trinityvillageretirement.com
8977,www.windsoranaheimhc.com
8978,www.shilohhr.com
8979,www.twinriversrehab.com
8980,www.warrenbarrbuffalogrove.com
8981,www.wecare-inc.org
8982,www.wholisticservicesinc.com
8983,www.tuscanyvillagecare.net
8984,www.trhs.org
8985,www.themeadowsnursing.com
8986,www.trinityrhc.com
8987,www.summithealthandrehab.com
8988,www.yucaipahillspostacute.com
8989,www.watersofwinchester.com
8990,www.waterviewlodgellc.com
8991,www.wilmingtoncc.org
8992,www.wichita-primarycare.com
8993,yorkmanor.heartway.org
8994,www.theclarkclinic.com
8995,www.watersofcovington.com
8996,www.stjosephrehab.com
8997,www.womenscareobgyn.com
8998,www.voachesapeake.org
8999,www.thresholds.org
9000,www.uvaldehealthcarerehab.com
9001,www.tomagwa.org
9002,www.wallawallaclinic.com
9003,www.stthomaschc.org
9004,www.trivistarehab.com
9005,www.stmarysvilla.com
9006,www.tachc.org
9007,www.thegrovehc.com
9008,www.xrayathome.com
9009,www.williamsburghrc.com
9010,www.wilsonscreeknursingrehab.com
9011,www.thegarlands.com
9012,www.texascaredialysis.com
9013,www.slandchc.com
9014,www.shcofrockwood.com
9015,www.sunrisemanorrehab.com
9016,www.therapyinstitute.net
9017,www.theseabrook.com
9018,www.tenvitalservicesnm.org
9019,www.templemanornursinghome.com
9020,www.threepillars.org
9021,www.stjohnsplaceofarkansas.com
9022,www.therapeutic-innovations.com
9023,www.twinlakeshc.com
9024,www.wellsentialhealth.org
9025,www.stelizabethphysicians.com
9026,www.vancefamilymedicine.com
9027,www.wentworthrehab.com
9028,www.yourfhc.org
9029,wyndemerelcs.com
9030,www.stlouismi.com
9031,www.stonebrookrehab.com
9032,www.stresscareclinic.com
9033,www.ucc-homes.org
9034,www.woodcrestrehabilitation.com
9035,www.texascitytx.gov
9036,www.westcecilhealth.org
9037,yuccafamilymedicalcare.com
9038,www.toledo.com
9039,www.wisconsinillinoisseniorhousing.org
9040,www.sunrisecountrymanor.com
9041,www.theheritagecenter.com
9042,www.visitmonticellohouse.com
9043,yubacitypostacute.com
9044,www.wattshealth.org
9045,www.webbermedical.com
9046,www.sweethomechinook.com
9047,www.tschc.com
9048,www.thayercountyhealth.com
9049,www.stchristophersimaging.com
9050,www.stonehengeutah.com
9051,www.vhnursing.com
9052,www.trinityterrace.org
9053,www.stacyvillecnh.com
9054,www.sheridanml.com
9055,www.transitionshealthcarellc.com
9056,www.stjameshouse.org
9057,www.thecovenantofgreentownship.com
9058,www.westminsterbaldwinpark.com
9059,www.stpatricksmanor.org
9060,www.stcam.com
9061,www.wakullaurgentcare.com
9062,www.vanburenhr.com
9063,www.touchpointsatmanchester.com
9064,www.wythephysicianpractices.com
9065,www.themha.org
9066,www.vistaparkhealth.org
9067,www.thefamilypartnership.org
9068,www.stpaulseniors.org
9069,www.whitneynursing.com
9070,www.tenninruralhealthclinic.com
9071,www.warrentonmanor.com
9072,www.tlcchatsworth.com
9073,www.wilmingtontreatment.com
9074,www.villachildrenstherapy.com
9075,www.thetherapygroup.com
9076,www.universityretirement.org
9077,www.ssm-rehab.com
9078,www.shoreacrescc.com
9079,www.simpsonsenior.org
9080,www.westminsteroaksfl.org
9081,www.somervillefamilymedicine.com
9082,www.tlcathome.org
9083,www.southwindatspearville.com
9084,www.stpauls1867.org
9085,www.wellnessptcare.com
9086,www.sunlakespt.com
9087,www.springvalleypostacute.com
9088,www.westbrookacres.com
9089,www.stlucieco.gov
9090,www.westvueinc.org
9091,www.wsfpa.com
9092,www.watersofbatesville.com
9093,www.sjeswp.org
9094,www.woodwardsnt.com
9095,www.wellfullypacc.org
9096,www.watersoflebanon.com
9097,www.skylinenursingcenter.com
9098,www.vernonhomes.org
9099,www.thehighlands.org
9100,www.ybgr.org
9101,www.vidanthealth.com
9102,www.uwyo.edu
9103,www.westbrookhealth.org
9104,www.sunnysidevillage.org
9105,www.tularechamber.org
9106,www.yvfwc.com
9107,www.theramedicrehab.com
9108,www.shsdc.org
9109,www.swlahealth.org
9110,www.wearecp.org
9111,www.washingtonsquarehealthcare.com
9112,www.willowshealthcare.com
9113,www.stamfordhosp.com
9114,www.windhamhousems.com
9115,www.theterraceatdenisonsnf.com
9116,wyhs.wcsrams.org
9117,www.thecypressofraleigh.com
9118,wyomingbh.com
9119,www.whitefoord.org
9120,www.themeadowshc.com
9121,www.springhills.com
9122,www.vshwc.org
9123,www.themckendree.com
9124,www.sproutalaska.org
9125,www.watersofhartfordcity.com
9126,www.tririvershc.com
9127,www.unisonhealth.org
9128,www.womenshealthclinics.net
9129,www.wycohealth.com
9130,www.wfall.org
9131,www.theatlantes.com
9132,www.tensashealth.com
9133,www.yakimachildrensvillage.org
9134,www.ycimaine.org
9135,www.sjmbrockton.com
9136,www.tripolinursingandrehab.com
9137,www.vancrest.com
9138,www.spokanefalls.care
9139,www.threecrossesregional.com
9140,www.thegrovepostacute.com
9141,www.sprengerhealthcare.com
9142,www.yumanursingcenter.com
9143,www.southvalleycare.com
9144,www.wavi.org
9145,www.tehamacohealthservices.net
9146,www.sunnyacres.org
9147,www.waynechc.org
9148,www.shrewsburyhc.com
9149,www.westparkhc.com
9150,www.westmorelandcare.com
9151,www.spvclc.org
9152,www.wellcarecommunityhealth.org
9153,www.southernseniorliving.org
9154,www.watersoffortwayne.com
9155,yorktownmanorhealthcare.com
9156,www.tricountynh.org
9157,www.wynfieldparkhealth.org
9158,www.westover.afrc.af.mil
9159,www.yazook12.org
9160,www.towerbehavioralhealth.com
9161,www.wpinesnursing.com
9162,www.unitedmethodisthomes.org
9163,www.zufallhealth.org
9164,www.wilsonnursing.com
9165,www.twincountyphysicianpractices.com
9166,www.viewridgecare.com
9167,www.visitindianacountypa.org
9168,www.silverspringscare.com
9169,www.traymore.com
9170,www.thomasvillept.com
9171,www.vmmcinc.org
9172,www.sihb.org
9173,www.tcchinc.org
9174,www.texastech.edu
9175,www.x-rayonwheels.com
9176,www.somersetpediatrics.com
9177,www.thepalace.org
9178,www.southmarinhealth.com
9179,www.zebulonrehab.com
9180,www.siloamschools.com
9181,www.usc.edu
9182,www.startzmanclinic.org
9183,www.valleyview.org
9184,www.switzerland-county.com
9185,www.southeasthealth.org
9186,www.sligocreekhcr.com
9187,www.suttoncommunityhome.com
9188,www.vvmnursing.com
9189,youthopportunity.com
9190,www.villageplacehrc.com
9191,www.sunnyridgenursingrehab.com
9192,www.vhi.org
9193,www.tiptonoakmanor.com
9194,www.ventanabybuckner.com
9195,www.verandagardens.net
9196,www.stonegatenursingandrehabilitation.com
9197,www.vistagranderhc.com
9198,www.smhcsf.org
9199,www.theelmshc.com
9200,www.thompsonfallschamber.org
9201,www.ststephensmpls.org
9202,www.wakitachc.com
9203,www.wesleyvillagemacomb.com
9204,www.westgatenursing.net
9205,www.waveny.org
9206,www.trueman-pointe.net
9207,www.thepalmsatflorence.com
9208,www.watersofmuncie.com
9209,www.thurstonwoods.org
9210,www.starcityschools.com
9211,www.tridenthealthsystem.com
9212,www.warrenbarroaklawn.com
9213,www.villaatblueridge.com
9214,www.westminstertowersfl.org
9215,www.westburyofconyers.com
9216,www.twc.texas.gov
9217,www.zebulonparkhealth.org
9218,www.tuskawillarehab.com
9219,www.threeriversmedicalclinic.net
9220,www.vidaysalud.org
9221,www.tanhealthcare.org
9222,www.westburyofjackson.com
9223,www.wadsworth.org
9224,www.ssha.us.com
9225,www.stewartcogov.com
9226,www.sunrisepediatricstn.com
9227,www.stfrancismanor.com
9228,www.wilmingtonhc.com
9229,www.sterlingsurgical.net
9230,www.universityparkok.com
9231,www.watersofbristol.com
9232,www.svhc.org
9233,www.wshc.org
9234,www.spearfishcanyonhc.com
9235,www.stjosephmedicalclinic.com
9236,www.thebostonhome.org
9237,www.southviewacres.com
9238,www.theharriscenter.org
9239,www.stjamesrehab.com
9240,www.wolfelivingcenter.com
9241,www.wshcd.org
9242,www.uniongen.org
9243,www.stratfordvillapostacute.com
9244,www.uhrehabhospital.com
9245,www.visitlch.org
9246,www.tennovajefferson.com
9247,www.thevillageatnorthrise.com
9248,www.topsidemanor.org
9249,www.stmarysdyouville.org
9250,www.spjstseniorliving.com
9251,www.siena-gardens.net
9252,www.sotstherapy.com
9253,www.valleyrenal.org
9254,www.uttyler.edu
9255,www.vinsonhall.org
9256,www.southerntennessee.com
9257,www.voascla.org
9258,www.windsorhealthcare.org
9259,www.stdominicvillage.org
9260,www.snakeriverpediatrics.com
9261,www.watersofmartinsville.com
9262,www.superiorbh.com
9263,www.washingtonregionalmedical.org
9264,www.taylor-residences.org
9265,www.villeplattepediatrics.com
9266,www.viliving.com
9267,www.theavenuecarecenter.com
9268,www.verrazanonursinghome.com
9269,www.sherrillhouse.org
9270,www.tohelpeveryone.org
9271,www.sphs.org
9272,www.stjosephvillaomaha.com
9273,www.westhamlinroughriders.com
9274,wytheville.carringtonplaces.com
9275,www.snfmanagementservices.com
9276,www.thestewpot.org
9277,www.sihf.org
9278,www.viacarela.org
9279,www.wcbay.com
9280,www.sthcs.org
9281,www.womenschoiceaward.com
9282,www.sunriseseniorliving.com
9283,www.tanglewoodhealthandrehabilitation.com
9284,www.srmt-nsn.gov
9285,www.touchpointsatbloomfield.com
9286,www.theosborn.org
9287,www.thefamilyphysiciansiola.com
9288,www.unityhrc.com
9289,www.stonewallhospital.org
9290,www.sunporchdodge.org
9291,www.siumed.org
9292,www.sheridancountyks.gov
9293,www.uhc.com
9294,www.thundermisthealth.org
9295,www.specialkidstn.com
9296,www.stjh.org
9297,www.shellpoint.org
9298,www.westburyofmcdonough.com
9299,www.tristatechc.com
9300,www.voa-gny.org
9301,www.southernoaksnursingandrehab.com
9302,www.valleyviewhealthcarefacility.com
9303,www.specialtree.com
9304,www.unitedrehabservicespc.com
9305,www.whmcfamily.com
9306,www.twinriversnursing.com
9307,www.watersofsweetwater.com
9308,www.townsendparkhealth.org
9309,www.southernspringsrehab.com
9310,www.vantagerehabshen.com
9311,www.vaughanmedicalgroup.com
9312,www.theponcecc.com
9313,wyomingps.org
9314,www.shcofsouthlouisville.com
9315,www.stridechc.org
9316,www.terraceofkissimmee.com
9317,zhs.sfhs.org
9318,www.thecourvilles.com
9319,www.specialhealth.org
9320,www.westhollywoodhc.com
9321,www.wcchc.com
9322,www.stpetenursingrehab.com
9323,www.sylvanshoreshc.net
9324,www.umih.com
9325,www.springcreekterrace.net
9326,www.watersofgreencastle.com
9327,www.wellspacehealth.org
9328,www.sterlingplacebr.com
9329,www.trinityhealthseniorcommunities.org
9330,www.stepbystepusa.com
9331,www.winfieldresthaven.com
9332,www.simplymdimaging.com
9333,www.washtownshiphc.com
9334,www.springfieldclinic.com
9335,www.yborcityrehab.com
9336,www.stfrancisnursinghome.org
9337,www.windsorparknh.com
9338,www.trilliumfamily.org
9339,www.villaserenahealthcare.com
9340,www.waldronhc.com
9341,www.whrcare.com
9342,www.silexcommunitycare.com
9343,www.triareahealth.org
9344,www.sunharbormanor.com
9345,www.sundancedialysis.com
9346,www.yukiookutsustateveteranshome.org
9347,www.tandemhealthsc.org
9348,www.speechandlanguagecenter.com
9349,www.vdh.virginia.gov
9350,www.valleyviewgreeneia.com
9351,www.stanthonyparkhome.com
9352,www.southshorerehab.net
9353,www.sullivancountynh.gov
9354,www.todosclinic.org
9355,www.wesleywillows.org
9356,www.watersofwabashwest.com
9357,www.tjregionalhealth.org
9358,www.zoominfo.com
9359,www.yeledshalompediatrics.com
9360,www.star-center.org
9361,www.vmrc.org
9362,www.vantagepointresidences.org
9363,www.uniteddoctorsfmc.com
9364,www.sjlhome.com
9365,www.wilmotcarecenter.com
9366,www.westminsterwinterparkfl.org
9367,www.viptherapyfl.com
9368,www.suffieldrhc.com
9369,www.utrgv.edu
9370,www.westorangenursing.com
9371,www.visitcountrymeadows.com
9372,www.tepeyachealth.org
9373,www.woodlandsllc.com
9374,www.vumc.org
9375,www.watersofcliftyfalls.com
9376,www.ucsf.edu
9377,www.warrenbarrnorthshore.com
9378,www.terroshealth.org
9379,www.shelteredvillageil.com
9380,www.tchdnow.org
9381,www.valleyvista.org
9382,www.stjameslivingcenter.com
9383,www.traditionshealthrehabilitation.org
9384,www.sierrasalemchristianhomes.org
9385,www.templerehabhospital.com
9386,www.vhcwv.org
9387,www.warrenhavenhc.com
9388,www.woodlandsok.com
9389,www.theplaceinfo.com
9390,www.wesleypines.org
9391,www.waynehealthcares.org
9392,www.telhai.org
9393,www.warrenvancechc.org
9394,www.springfieldvilla.com
9395,www.wvmuncie.com
9396,www.vuepointdx.com
9397,www.tennovagreaterknoxvilledocs.com
9398,www.wellingtonplacedecorah.com
9399,www.yourptc.com
9400,www.unityhealthbolivar.com
9401,www.urgentteam.com
9402,www.watersoflagrange.com
9403,www.stcamillusmedicalcenter.com
9404,www.springharborseniorliving.org
9405,www.westpicoterrace.com
9406,www.whereyoulivematters.org
9407,www.uthsc.edu
9408,www.unitedhealthcenters.org
9409,www.vernonclinic.com
9410,www.yukonok.gov
9411,www.sunnyside.cc
9412,www.trmccnursinghome.com
9413,www.tlc-palestine.com
9414,www.whca.org
9415,www.stantonnursingandrehabilitation.com
9416,www.ypsirehab.com
9417,www.tougaloo.edu
9418,www.sunshineacadiana.com
9419,www.valleyviewhealth.org
9420,www.warrencountytn.gov
9421,www.visitcrestviewhome.com
9422,www.sierravistahealth.com
9423,www.upstatecp.org
9424,www.viewsofmarion.com
9425,www.southeastpediatrics.com
9426,www.theredwoods.org
9427,www.windridgenursingandrehabilitation.com
9428,www.thegardensatmonroe.com
9429,www.sigourneyschools.com
9430,www.townehouse.org
9431,www.stclarelivingcommunity.org
9432,www.svchs.com
9433,www.vipservices.org
9434,www.walnutcreeknc.com
9435,www.sheridan-health.com
9436,www.symbral.org
9437,www.springsrescuemission.org
9438,www.sunshine.org
9439,www.southcoastglobalmedicalcenter.com
9440,www.stmaryhc.com
9441,www.theagapeclinic.org
9442,wyomissing-health.com
9443,www.shilohtreatmentcenter.com
9444,www.wvwc.edu
9445,www.st-aug.edu
9446,www.whiteoakcenterhc.com
9447,www.tennovanewport.com
9448,zahavhc.com
9449,www.valleyviewsnf.com
9450,www.stjohnsofalbertlea.org
9451,www.wingfieldnursingandrehab.com
9452,www.theellis.com
9453,www.smcclinic.org
9454,www.winterpediatrictherapy.com
9455,www.theorchardsofcascadia.com
9456,www.sjcphs.org
9457,www.susquehannahc.com
9458,www.whitehallofdeerfield.com
9459,www.wisheklivingcenter.com
9460,www.thegroveofevanston.com
9461,www.themanorvt.org
9462,www.therapyjackson.com
9463,www.thevillageiw.org
9464,www.sylacaugapediatrics.com
9465,www.westminstervillageinc.com
9466,www.theivyatdeerlodge.com
9467,www.wilshireokc.com
9468,www.youthranch.org
9469,www.suclinica.org
9470,www.yakutathealth.org
9471,www.woodbriarseniorliving.com
9472,www.uams.edu
9473,www.thelodgeofwr.com
9474,www.winslowhousecarecenter.com
9475,www.southalabamamedicalclinic.com
9476,www.shepherdofthevalley.com
9477,www.wallerisd.net
9478,www.washingtonhealth.com
9479,www.sikestonconval.com
9480,www.wilshirept.com
9481,www.unityhealthcare.org
9482,www.thefloatinghospital.org
9483,www.wolverinehs.org
9484,www.volarehcm.com
9485,www.siloamhc.com
9486,www.willowbrooknursingcenter.com
9487,www.swissvillage.org
9488,www.specialtymonroe.com
9489,www.yellowstoneriverhc.com
9490,www.urgentcare.com
9491,www.westmorelandplace.com
9492,www.wel.org
9493,www.southerntennesseemedicalgroup.com
9494,www.ultramobileimaging.com
9495,www.timberridgerehab.com
9496,www.villavalenciarehab.com
9497,www.thornapplemanor.com
9498,www.southcentralfoundation.com
9499,www.specialtyrehabhospital.com
9500,www.valleyhealthpartners.org
9501,www.summitclinic.org
9502,www.westmorelandcountypa.gov
9503,www.tranow.com
9504,www.vanguardmedcorp.com
9505,www.yorknorthnursingandrehab.com
9506,www.southlandhealthrehabilitation.org
9507,www.stoneridgelcs.com
9508,www.shcofputnamcounty.com
9509,www.trilliumhealth.org
9510,www.tuttlecarecenter.com
9511,www.stewartvillecarecenter.com
9512,www.springsok.com
9513,www.themchd.com
9514,www.sjhsys.org
9515,www.shepherdofthehillsliving.com
9516,www.wrpt.org
9517,www.stocktonks.com
9518,www.shoalwaterbay-nsn.gov
9519,www.wigglesrehab.com
9520,www.terraceviewcare.com
9521,xeniarehab.com
9522,www.swanncare.org
9523,www.xrays247.com
9524,www.thevillageatorchardridge.org
9525,www.trinityregionalrehab.com
9526,www.warrentn.com
9527,www.wolfecountyhrc.com
9528,www.shingletownmedcenter.org
9529,www.stclaremanor.com
9530,www.tishomingomanor.com
9531,www.stallingscourtnursingandrehabilitation.com
9532,www.vfhc.org
9533,www.swchc.org
9534,www.woodlandcountrymanor.net
9535,www.successrehab.com
9536,www.tenbroeckrehab.com
9537,www.usdentalservice.com
9538,www.thecarolton.com
9539,www.teamability.org
9540,www.sstar.org
9541,www.welcomehouseinc.org
9542,www.speechtherapycincinnati.com
9543,www.usnews.com
9544,www.weakleycountynursinghome.com
9545,www.terracescc.com
9546,www.ssmphysicaltherapy.com
9547,www.wdhospital.org
9548,www.westsidecares.com
9549,www.unitedchurchhomes.org
9550,www.ucmresidentialservices.com
9551,zoomphysicaltherapy.com
9552,www.starrregionalmedicalgroup.com
9553,www.theclublakegibson.com
9554,yorbalindabayshire.com
9555,www.sierralakesrehab.com
9556,www.woods.org
9557,www.thestrategies.net
9558,www.sonomaoptometrycenter.com
9559,www.sholom.com
9560,www.woodburyhealthandrehab.com
9561,www.threerivershealthcare.com
9562,www.upfh.org
9563,www.willardcarecenter.com
9564,www.spartahealthrehabilitation.org
9565,www.tlcnea.com
9566,www.siennacare.net
9567,www.vernonhc.com
9568,www.watersofjohnsoncity.com
9569,www.thegardensatdepugh.org
9570,www.washcowisco.gov
9571,www.springviewmedicalgroup.com
9572,www.woodlawncarecenter.com
9573,www.sumterpediatrics.com
9574,www.themayflower.com
9575,www.tulaliphealthsystem.com
9576,www.thegardenscr.com
9577,www.watertonplaza.com
9578,www.treutlencountyhealth.org
9579,www.villahealthcare.com
9580,www.synergyxray.com
9581,www.spheremobilexray.com
9582,www.tcmcf.org
9583,www.therapro.org
9584,www.tampachc.com
9585,www.tonhc.org
9586,www.smchc.org
9587,www.styoustina.org
9588,www.texasmobileradiology.com
9589,www.valleyspringshc.com
9590,www.waynecountyhealthy.com
9591,www.wellnesscarecenterstx.com
9592,www.texashealthmansfield.org
9593,www.xpressray.com
9594,www.southsidekidneyclinics.com
9595,www.watersofperu.com
9596,www.urbanpeak.org
9597,www.sminursingandrehab.com
9598,www.valleyviewmanorrehab.com
9599,www.wakerobin.com
9600,www.upmedicalgroup.com
9601,www.tabitha.org
9602,www.woodhavenhealthcare.com
9603,www.totaltherapeutics.com
9604,www.wilsonphysicianservices.com
9605,www.westsidechs.org
9606,xpresswellnessurgentcare.com
9607,www.terraceofjacksonville.com
9608,www.walnutstreethealth.com
9609,www.stmargarethall.com
9610,www.southhaven-wahoo.com
9611,www.sunshinemeadows.org
9612,www.showmelocal.com
9613,www.trihci.org
9614,www.vermonthc.com
9615,www.thechildrensclinic.org
9616,www.smnci.org
9617,www.southlandintegrated.org
9618,www.westminsterwoodsfl.org
9619,www.valleyvillage.org
9620,www.thenathanielwitherell.org
9621,www.wellchild.org
9622,wylieer.com
9623,www.watersofsullivan.com
9624,www.studenthealth.ucla.edu
9625,www.therapycentralrehab.com
9626,www.valenciagardenshealth.com
9627,yorkvilledialysis.com
9628,www.ucfs.org
9629,www.theleaves.org
9630,www.victoriakidney.com
9631,www.shcofnorfolk.com
9632,www.taylortherapy.com
9633,www.tcchealth.org
9634,www.welcometosedgebrook.com
9635,www.vernoncountywi.gov
9636,www.southtexashealthsystemmcallen.com
9637,www.swflinc.com
9638,www.tennovaclarksville.com
9639,www.umpquahealth.com
9640,www.uzrc.org
9641,www.theregencyok.com
9642,www.tls-nm.org
9643,www.theguardianhc.com
9644,www.villamarianursing.com
9645,www.waterview-pointe.net
9646,www.statpxray.com
9647,www.southernkidney.org
9648,www.svwc.org
9649,www.spartansburgmedical.com
9650,www.townsenmemorial.com
9651,www.theterracesatbonitasprings.com
9652,www.unitedprimarycaretn.com
9653,www.wintershealth.org
9654,www.trinityfamilyhealth.net
9655,www.warrenbarrgoldcoast.com
9656,www.yavapaihealth.com
9657,www.siumed.edu
9658,www.sonarx.com
9659,www.sunrisehealthinfo.com
9660,www.tfhc.org
9661,www.village-germantown.com
9662,www.smithlifecommunities.org
9663,www.valledelsol.com
9664,www.tiospayetopa.org
9665,www.thevillagesrehab.com
9666,www.snydervillage.com
9667,www.shelleyfamilymedicalcenter.com
9668,www.sunsetseniorliving.org
9669,www.sprhs.org
9670,www.wpnursing.com
9671,www.shippensburghc.com
9672,www.sjfmc.org
9673,www.watersofgainesboro.com
9674,www.sunterrasprings.com
9675,www.surprisebehavioralhealth.com
9676,www.wellbrookeofcrawfordsville.com
9677,www.watersofdunkirk.com
9678,www.walnutcreekcampus.com
9679,www.stjoemanor.net
9680,www.windsorhillsnursingcenter.com
9681,www.thehealingplace.org
9682,www.ssd2.org
9683,www.vitalcarerehab.com
9684,www.theanderson.com
9685,www.thenewhomestead.org
9686,www.valleymanor.net
9687,www.startcorp.org
9688,www.waynecountycarecenter.com
9689,www.watersofcolumbiacity.com
9690,www.shcofportland.com
9691,www.swbfhc.org
9692,www.universitynursingandrehabilitationathens.com
9693,www.terraceofstcloud.com
9694,www.tfc-crowley.com
9695,www.sterlingoaksrehab.com
9696,www.sunporchsmith.org
9697,www.traversehealthclinic.org
9698,www.theelmsmacomb.com
9699,yardleyrehab.com
9700,www.tricitiesdialysis.com
9701,www.sheridanrehabcenter.com
9702,www.watersoftipton.com
9703,www.thedraliclinic.com
9704,www.weisercareofcascadia.com
9705,www.stevensparkhealth.org
9706,www.waverlyheights.org
9707,www.winnfieldpt.com
9708,www.westsidehealth.org
9709,www.westward-heights.com
9710,www.uscpds.com
9711,www.slps.org
9712,www.sumnerplacecare.com
9713,www.tbchs.org
9714,www.waycrosshealth.org
9715,www.zerbesisters.com
9716,www.suncresthcc.com
9717,www.touchstone-communities.com
9718,www.theridgepostacute.com
9719,www.ucrhealth.org
9720,xraysondemand.com
9721,www.thompsoncff.org
9722,www.yorksouthnursingandrehab.com
9723,www.shnrc.com
9724,www.tmcone.com
9725,www.whitemountainhealth.org
9726,www.wheatmanor.com
9727,www.wilkensmedicalgroup.com
9728,www.wmyhealth.org
9729,www.vidrineclinic.com
9730,www.thegablesonpelham.com
9731,www.watersedge-health.com
9732,www.taylors-pointe.net
9733,www.woodbridgecarecenter.com
9734,www.willowvalleycommunities.org
9735,www.stfrancoismanor.com
9736,www.tlcnursingcenter.com
9737,www.topangaterrace.com
9738,www.windcresthc.com
9739,www.uwfmrpcasper.com
9740,www.thelutheranhome.org
9741,www.whitneymedicine.com
9742,www.sinkingspringnursingandrehab.com
9743,www.westminsterstaugustinefl.org
9744,www.unitypsych.com
9745,www.tradewindsnwi.org
9746,www.unitedpioneerhome.org
9747,www.westviewcottages.com
9748,www.sutherlandltc.com
9749,yumakidney.com
9750,www.stillhopes.org
9751,www.stjamessanteefhc.com
9752,www.wcotb.com
9753,www.windrosehealth.net
9754,www.whitneycenter.com
9755,sunshinechildrenshome.org
9756,web.prescott.org
9757,subacuteautumnlake.com
9758,well-more.com
9759,titusvillehealthandrehab.com
9760,theorchards.net
9761,ticevalleypa.com
9762,www.adamsvillectr.com
9763,theheritageky.com
9764,uwlowcountry.org
9765,windmillmanor.com
9766,valleyviewhoustonmn.com
9767,thevillagesofdallas.com
9768,tohelpeveryone.org
9769,wilshirerehab.com
9770,vandenberg.tricare.mil
9771,westernslopehealthcenter.com
9772,tricitiesnursing.com
9773,windsorhrc.com
9774,westwoodpostacute.com
9775,tribaldialysis.fortpecktribes.org
9776,villageatmorrisonscove.org
9777,srnctx.com
9778,wisteriagardensnursinghome.com
9779,virginiahighlandscrc.com
9780,suttonpark.net
9781,wellnesspointe.org
9782,veteranshome.stonybrookmedicine.edu
9783,urbanhealthplan.org
9784,trinityseniorservices.org
9785,thespringssearcy.com
9786,sunflowerparkhealth.com
9787,troycarecenter.com
9788,sunsetmanorcare.com
9789,southgatehealthcare.com
9790,wfmamedicalclinic.com
9791,watersofshelbyville.com
9792,thespringsjonesboro.com
9793,vvrconline.org
9794,willow-terrace.com
9795,thespringsbrinkley.com
9796,thewoodlandseastland.com
9797,www.acatmanchester.com
9798,visitoakview.com
9799,wisteriaplaceliving.com
9800,villagehealthandrehab.com
9801,welbrook.com
9802,sthspecialtysurgery.com
9803,wintonhills.cps-k12.org
9804,visitglenbrook.com
9805,wtlrecovery.com
9806,woodcrestrehab.com
9807,www.accessfhs.com
9808,summitcommonsrehab.com
9809,valleyviewpostacute.com
9810,vineyardcarecenter.com
9811,wrayhospital.org
9812,www.addabbo.org
9813,stonebridgeseniorliving.com
9814,vierrafallschurch.com
9815,tatespringshealth.com
9816,trinityelms.net
9817,wcrmc.com
9818,southern7.org
9819,umc.edu
9820,texannursingandrehab.com
9821,vancouverspecialty.com
9822,southwestnursingcenter.com
9823,thefamilyurgentcare.com
9824,www.achn.net
9825,tulsanc.com
9826,southlandhealthcare.com
9827,thehealthcareresortkc.com
9828,trinitywv.com
9829,uphome.org
9830,texvet.org
9831,uaii.org
9832,watersofmemphis.com
9833,thearcinhawaii.org
9834,wvsubacute.com
9835,www.addisonpointe.com
9836,theparamountrehab.com
9837,windsorcypressgardens.com
9838,southplainshealth.org
9839,www.ahearnandassociatesmedical.com
9840,totalphysicaltherapy.com
9841,springhillsnf.com
9842,westhamptonrehab.com
9843,woodley.hattiesburgpsd.com
9844,wsdms.warrensd.org
9845,tuckermanrehab.com
9846,www.admirals-pointe.net
9847,villaatthepark.com
9848,winterhavenhealthandrehab.com
9849,www.aegisoutpatient.com
9850,sulzbacherjax.org
9851,willowpasshc.net
9852,universitycarecenter.com
9853,thegrandhealthcare.com
9854,wlcfirm.com
9855,tarrytownrnc.com
9856,verandarehab.com
9857,specialkindofcaring.org
9858,westminsteraustintx.org
9859,veterans.nv.gov
9860,thompsonhouse.info
9861,www.active-physicaltherapy.com
9862,westerly.royalhealthgroup.com
9863,spanishforkrehab.com
9864,timberwoodrehab.com
9865,willowspringsrehab.com
9866,villageliving.org
9867,udialysis.com
9868,vernonhealthandrehab.org
9869,wrightrehabcenter.com
9870,stillwater-care.com
9871,villaatgreenlakeestates.com
9872,waynecountynursinghome.org
9873,veterans.networkofcare.org
9874,spokanehrc.com
9875,timberlawn.com
9876,wcv.org
9877,stoneypointhealthcare.com
9878,tlc4blind.org
9879,whatleyhealth.org
9880,woodhouseinc.org
9881,westparkrehabandliving.com
9882,www.advanceddallas.com
9883,tierraestehc.com
9884,southlandhealthcarecenter.com
9885,stjudenhc.com
9886,www.achome.org
9887,vvseniorlife.com
9888,vvhc.org
9889,sunwestchoice.com
9890,sunhealth.org
9891,william-beaumont.tricare.mil
9892,thundercareandrehab.com
9893,tearememorialclinic.com
9894,timberpointhealthcare.com
9895,stbarnabashealthsystem.com
9896,victorianpa.com
9897,twinoakscare.com
9898,valleyviewrhc.com
9899,www.agingcommunity.com
9900,sunmarnursing.com
9901,welloneri.org
9902,wheatonvillagecare.com
9903,tidewaterpt.com
9904,www.acadiancare.com
9905,stelizabethnursing.com
9906,washingtoncenter.com
9907,spectrahealth.org
9908,westparkrn.com
9909,stauntonrehab.com
9910,wves.buncombeschools.org
9911,southcaremed.com
9912,www.advenacherryvale.com
9913,www.acatcherryhill.com
9914,thepearlrehabcenter.com
9915,www.aclifepoints.org
9916,wesleycourt.com
9917,vasonacreek.com
9918,springcreekhealthcare.org
9919,theloftrehab.com
9920,spinalrehabclinic.com
9921,www.actionphysical.com
9922,thegardenshrc.com
9923,vistagrandevilla.com
9924,thecedars.org
9925,watervillecares.com
9926,tcv.net
9927,valleypointehc.yolocare2.com
9928,villaatthebayhc.com
9929,www.actg.org
9930,wmchealthcenter.org
9931,sullivanny.gov
9932,williamsporthrc.com
9933,twilightacres.net
9934,westerncarolinarescue.org
9935,www.abercornrehab.com
9936,southernpinesrehab.com
9937,wesleychoice.org
9938,tillamookchc.org
9939,westhillsvillage.com
9940,winshipgreencenterrehab.com
9941,www.advancedhomedialysis.com
9942,stratford-living.com
9943,villaatborgessplace.com
9944,taggs.hhs.gov
9945,stgeorgehealthcarecenter.com
9946,www.abcmcorp.com
9947,valleycommunityservices.org
9948,tristateclinics.org
9949,vintagehealthcarecenter.com
9950,theoaksofclearwater.com
9951,tn211.myresourcedirectory.com
9952,westgableshealthcare.com
9953,winmedinc.org
9954,tallasseehealthandrehab.com
9955,tx02201707.schoolwires.net
9956,winterparkcrc.com
9957,transitionssc.org
9958,thehallmark.org
9959,ues.upshurschools.com
9960,www.advenaclaycenter.com
9961,thespringscreekside.com
9962,windsorrehabilitation.com
9963,web.carhc.org
9964,usptrehab.com
9965,townview.net
9966,villaranchobernardo.com
9967,winstonmanornursing.com
9968,westviewhealth.com
9969,villagardenshealthcenter.org
9970,veteranvillagesc.com
9971,towerlodgecare.com
9972,sterling.bsfhc.org
9973,westchesterhc.com
9974,westcovinamc.com
9975,westlandvhc.com
9976,wesleymanor.org
9977,waylandrehab.com
9978,totalrehabtx.com
9979,sunsetvillapa.com
9980,stjosephresidence.com
9981,surprisehealthcare.com
9982,southsidebh.org
9983,thesavoyrehabcenter.com
9984,theellisonjohntcc.com
9985,wdrecoverycenters.com
9986,stgerardcampus.org
9987,sunviewhealth.com
9988,victoriacarecenter.com
9989,stelizabethrehab.com
9990,thespringseldorado.com
9991,sunsetridge.com
9992,umchealth.com
9993,thenurturingcenter.org
9994,sunrisepointhrc.com
9995,vvh.vermont.gov
9996,wellsltc.com
9997,suncitypa.com
9998,thegroverehab.com
9999,summitatplantsville.com
10000,totalfamilymedical.com
10001,stedmondshome.org
10002,valhallapa.com
10003,stonebridgecenterhc.com
10004,valleycareandrehab.com
10005,web.brrh.com
10006,uhgc.org
10007,uticaparkclinic.com
10008,wcrichmond.org
10009,southridgevillagenursingandrehab.com
10010,southmountainhrc.com
10011,valleyrehabhc.com
10012,trinity-manor.com
10013,sunrisehaven.org
10014,thehealthychoiceclinic.com
10015,sunharborhc.com
10016,westminstercanterbury.org
10017,tuscanyvillagenursing.com
10018,threeriversmidlands.org
10019,springmillhc.com
10020,thebriarwood.com
10021,web.aspirejohnsoncounty.com
10022,sundancecreekpa.com
10023,steelcitymedicalcenter.com
10024,sunnyvalepostacute.com
10025,stedna.com
10026,theterraceatmtogden.com
10027,williamstowncommons.org
10028,wdialysis.com
10029,whitehousehealthcare.com
10030,windsormonterey.com
10031,varietycare.org
10032,sunvalleyrehab.com
10033,sunnyviewcarecenter.com
10034,universalkidneycenters.com
10035,towsonhc.com
10036,viaquestinc.com
10037,stephensonnursingcenter.org
10038,thriverehabpearland.com
10039,wsmcmed.org
10040,wesleychc.org
10041,southplattehrc.com
10042,whisperinghillsnwh.com
10043,terraceglenvillage.com
10044,striverehab.com
10045,westhartfordhealth.com
10046,wesleytowers.com
10047,valeriemanorhcc.com
10048,www.abilitiesservices.org
10049,sycamoreheightsrehab.com
10050,wicomiconursinghome.org
10051,villacresthcc.com
10052,ubhhospital.com
10053,texhomachristiancare.com
10054,www.abbeydelray.com
10055,tybeeislandnh.com
10056,timberlinehealth.com
10057,totaltherapyfl.com
10058,thepreservevoa.org
10059,westhavenhc.com
10060,suncoastprimarycarespecialists.com
10061,www.accelahc.com
10062,springcreekcenter.com
10063,willowwoodpac.com
10064,thewrightcenter.org
10065,urinyc.org
10066,sri.ernesthealth.com
10067,vidorhealth.com
10068,valleyseniorliving.org
10069,thegrovehrc.com
10070,urbandalehealthcare.com
10071,vibrancetx.org
10072,woodlakenursingcare.com
10073,thespringsmagnolia.com
10074,wacenter.org
10075,willow-crossing.com
10076,sunrisenursinghealthcare.com
10077,uesrnc.com
10078,thespringspremier.com
10079,suburbandiagnostics.com
10080,twilighthc.com
10081,tricountymedicalclinic.com
10082,wellspringsgilbert.com
10083,templememorialpediatric.com
10084,southmainclinic.com
10085,taylorhcg.org
10086,southforkrivertherapyandliving.com
10087,wood-lawn.org
10088,stillwatercreekok.com
10089,tamarack-ridge.net
10090,vetras.com
10091,towerhillhealthcare.com
10092,stillwaterbillingsclinic.com
10093,starbuckmedical.com
10094,timberlanehealthandrehab.com
10095,towernursing.com
10096,westwoodhillscare.com
10097,wchnursing.com
10098,visitcreekview.com
10099,thewellbridgegroup.com
10100,vivaxray.com
10101,totalphysicaltherapyandrehabilitation.com
10102,willowcreekwr.com
10103,specialtyhcr.com
10104,thehillspostacute.com
10105,tpcri.com
10106,tcmedcenter.org
10107,valley-widehealth.org
10108,thehealthcareresortcs.com
10109,wahiawahealth.org
10110,windsorplaceslc.com
10111,vaidenclc.cesltc.com
10112,windwoodfarm.org
10113,vantageptonline.com
10114,stfranciscarecenter.com
10115,uicsl.org
10116,victorian-manor.com
10117,thelegacyseniorcommunities.org
10118,ultraximaging.com
10119,tcdiagnostics.com
10120,wchsystems.com
10121,www.abbeydelraysouth.com
10122,thegrandpavilionrc.com
10123,theoaksatbartlett.com
10124,www.agworker.org
10125,superiormobileimaging.com
10126,summit-hills.com
10127,windsorskilledcare.com
10128,warmspringsfoundation.org
10129,thespringsminecreek.com
10130,villageatgreene.com
10131,strawberrypatchclinic.com
10132,www.accura.healthcare
10133,thegrovecolumbia.com
10134,southvalleypostacute.com
10135,stgeorgerehab.com
10136,srsnf.com
10137,southernwindshospital.com
10138,thelegacyatboca.com
10139,springlakenursinghome.com
10140,westwoodpost.com
10141,themanorhc.com
10142,theguesthousenursinghome.com
10143,vanderbiltpediatricassociates.com
10144,thedaviscommunity.org
10145,universityplacenursing.com
10146,unmhealth.org
10147,windernursing.com
10148,theknolls.org
10149,willowridgerehabcenter.com
10150,therapyservicesllc.com
10151,thearborsnursing.com
10152,terraceofdelraycare.com
10153,versiti.org
10154,tutera.com
10155,springcreekrehabandnursing.com
10156,www.afev.us
10157,southgatecompletecare.com
10158,stjosephtrc.com
10159,thebelmontsnf.com
10160,sunsetvillahc.com
10161,ultracare-dialysis.com
10162,www.accesshealthwv.com
10163,summithrc.org
10164,templeviewcare.com
10165,villagecrestrehab.com
10166,themaplesbr.com
10167,summerhillseniorcommunity.com
10168,thegreenfields.org
10169,web.toledochamber.com
10170,sullivanparkcc.com
10171,thesanctuaryatthewoodlands.hub-24.com
10172,waterviewhills.com
10173,stilwellmemorial.com
10174,westtexasrehab.org
10175,theparcjoliet.com
10176,thegrovescenter.com
10177,vistahillshealth.com
10178,woodriverhealth.org
10179,windsorhampton.com
10180,sunnyvalegardens.com
10181,traillakenursing.com
10182,sunnyhillnursinghome.com
10183,williamsvillesuburbancare.com
10184,westlifewellness.com
10185,springmeadowsvhc.com
10186,vivohc.com
10187,wvps.buncombeschools.org
10188,thehighlandsowasso.com
10189,vetaffairs.sd.gov
10190,www.acgh.org
10191,www.achroanoke.org
10192,stanthonyhealthandrehab.com
10193,vahs.com
10194,thespringscamden.com
10195,vibrantcare.com
10196,whittierhc.com
10197,visitorchards.com
10198,sunshinehealthcareinc.com
10199,trinityhealthrehab.com
10200,thaliarehab.com
10201,wdnrc.org
10202,vhmass.com
10203,texomahealthcenter.com
10204,theriversiderehab.com
10205,tcahealth.org
10206,sunnyspringsrehab.com
10207,southernillinoiswellness.com
10208,valleyimaging.wixsite.com
10209,sprenkledrive.spiritrustlutheran.org
10210,thespringsgreersferry.com
10211,westminstervillagein.com
10212,www.5-startherapy.com
10213,stclarenewport.org
10214,sonorafamilypractice.org
10215,trhl.ernesthealth.com
10216,venicefamilyclinic.org
10217,trinityoaks.net
10218,winklercourt.com
10219,thepeaks.org
10220,www.acvillage.net
10221,www.adviniacare.com
10222,swopehealth.org
10223,uchcbronx.org
10224,theedenplace.com
10225,thepedcntr.com
10226,trabucohillspostacute.com
10227,therapynetwork.com
10228,westhoustonrehab.com
10229,versaillesrehab.com
10230,wsnrc.com
10231,willow-brook.org
10232,welc.wayne.kyschools.us
10233,tupperlakehealth.com
10234,treasurehillshealthcare.com
10235,vierahrc.com
10236,westhavencommunity.org
10237,valleyfallsterrace.com
10238,www.advanceddialysiscenter.com
10239,universalxrays.com
10240,westminsterec.com
10241,windsorcheviothills.com
10242,villagecreekwellnessandrehab.com
10243,unitedclinicsofky.com
10244,sunterracerehab.com
10245,wp.sbcounty.gov
10246,willowbrookpa.com
10247,universitycityrehabhc.com
10248,sugarlandcarecenter.com
10249,westbendrehab.com
10250,weissfamilycare.com
10251,stlukeshome.com
10252,thevillage.org
10253,teacch.com
10254,thetherapyplace.org
10255,thekidneycarecenter.com
10256,stratfordrehab.com
10257,sterlingcarehealth.com
10258,urbanrehab.org
10259,stinnett.leslie.kyschools.us
10260,tidewatertherapy.com
10261,stjanedechantal.madonna.org
10262,trezevantmanor.org
10263,www.advanced-cc.com
10264,waterfrontrhc.com
10265,southshoregary.com
10266,virginianavigator.org
10267,superiorhrc.com
10268,www.abshealth.com
10269,thrivealabama.org
10270,ucpark.org
10271,winchesterterrace.com
10272,sprainbrookmanor.com
10273,wacofamilymedicine.org
10274,windsormedicalcenter.com
10275,valleyskillednursingcenter.com
10276,vabeachhealthrehab.com
10277,svchc.org
10278,southhollandmanorhrc.com
10279,spurwink.org
10280,westbrookdialysiscenter.com
10281,waimanalohealth.org
10282,stpete.carringtonplaces.com
10283,vhclearlake.com
10284,thcplainfield.org
10285,stjosephsvhc.com
10286,wdes.upshurschools.com
10287,woodlandsplace.com
10288,vanhealthmed.com
10289,veteransvictoryhouse.com
10290,windsorelcamino.com
10291,uahs-services.com
10292,wakefieldcarecenter.com
10293,westhillsrehab.com
10294,thechesapeake.org
10295,vistasatbettendorf.com
10296,vopdocs.com
10297,southshorerc.com
10298,victorianursing.net
10299,themeadowsoffulton.com
10300,warnerhospital.org
10301,usdc.utah.gov
10302,valleypalms.com
10303,whisperwoodnursing.com
10304,ursdayton.org
10305,theoxfordrehabhealth.com
10306,tiffanycare.com
10307,thecenterfordiscovery.org
10308,surreyplacehealthandrehab.com
10309,windsorlanehome.com
10310,southwestcare.org
10311,willowridgerehab.com
10312,www.activephysicaltherapyandrehabservicesinc.com
10313,whitesborohealth.com
10314,terraceky.com
10315,thewoodlandshealthcare.com
10316,tuckerhousehealth.com
10317,thechateaurehab.com
10318,wfhcfl.org
10319,sunsetparkhcc.com
10320,stonycreekhealth.com
10321,windsorelmhaven.com
10322,tejashealthcare.org
10323,tke.matsuk12.us
10324,thecottageatwoodlandhills.com
10325,stcatherinescourthouse.com
10326,westmelbournehealthandrehab.com
10327,whitebirdclinic.org
10328,thespringsbatesville.com
10329,winnielnursing.com
10330,thehealthcareresortplano.com
10331,statenislandcc.com
10332,texasquickcare.com
10333,spectrumforliving.org
10334,whitneyoakscarecenter.com
10335,wiltonretirementcommunity.org
10336,wildwoodhealth.com
10337,totalhealthcenter.osu.edu
10338,stpetersrehab.com
10339,wlrs.org
10340,therapyworkstulsa.com
10341,www.agracesubacute.com
10342,thearc.org
10343,thepinesrehab.com
10344,torringtonnh.com
10345,web.pahsa.org
10346,westsidehouseofworcester.com
10347,southpointehealthandrehab.com
10348,stjrnc.com
10349,whitehouse-healthcare.com
10350,westarmtherapy.com
10351,willcountyhealth.org
10352,sterlingcountynh.net
10353,sunnyviewhealthcare.com
10354,www.actioncarerehab.com
10355,thatcherbrookrehab.com
10356,theorchardsmi.com
10357,www.adrianbay.com
10358,www.ahcfacilities.com
10359,sportherapy.com
10360,theclare.com
10361,theivyatdavenport.com
10362,welcomenursinghome.com
10363,sunriseretirement.com
10364,wellspringshealthcenter.com
10365,southernspecialtynursing.com
10366,westlake-center.com
10367,tce.catoosa.k12.ga.us
10368,wayland.royalhealthgroup.com
10369,valleyconvalescent.com
10370,themapleshealthandrehabilitation.com
10371,womenspavilionms.com
10372,trirehab.com
10373,wilsonrehab.com
10374,willowpointrehab.com
10375,whitestown.therestoracy.com
10376,southsidefamilycli.wixsite.com
10377,villahc.com
10378,wesleycommons.org
10379,southpointecrc.com
10380,southwesternhc.com
10381,thespringspinnacle.com
10382,westminstercommunitiesfl.org
10383,westfieldny.com
10384,windsorrosewood.com
10385,timbercrest.org
10386,uplandcare.com
10387,troyhealthandrehab.com
10388,viewheights.com
10389,wendellfoster.org
10390,willowvalleycnr.com
10391,willowspostacute.com
10392,svs.matsuk12.us
10393,widehorizonscare.com
10394,www.abh.org
10395,uchcla.org
10396,thestewarthealthcenter.com
10397,spanishhillswellness.com
10398,villassaratoga.com
10399,tristarcentennial.com
10400,swgahealthcareclinics.org
10401,vanduyncenter.com
10402,southviewcare.com
10403,twopalms-carecenter.com
10404,wchsbodyshop.weebly.com
10405,whisperingoakshealthandrehab.com
10406,vistahayward.com
10407,theglenridge.com
10408,wbms.beaufortschools.net
10409,wvrnc.com
10410,theoakswebsite.com
10411,villaatcitycenter.com
10412,theoliveleaf.com
10413,unitedcommunityhealth.com
10414,wedgwoodgardens.com
10415,tuliptreehealth.org
10416,tampicohcc.com
10417,tcaphysicaltherapy.com
10418,southparkeastokc.com
10419,wallacerehab.com
10420,thornecrest.net
10421,www.advancedcareofstjoseph.com
10422,stmonicarehab.org
10423,uirehabnj.com
10424,websterparkhealthcare.com
10425,vivohcuniversity.com
10426,thelegacyrehab.com
10427,whitehallboroughpa.com
10428,stcharlescarecenter.org
10429,sunland.org
10430,vanayerliving.com
10431,theheightspa.com
10432,webstermanorrehab.com
10433,villageatbrookwood.org
10434,willobell.com
10435,strawberrypointlutheranhome.com
10436,wiltonmeadows.com
10437,southbaypostacute.com
10438,uticarehab.com
10439,tboc.org
10440,venicehrc.com
10441,splendidotucson.com
10442,watertonhealthcare.com
10443,windsorcountrydrive.com
10444,willapaharborcare.com
10445,wvsnf.com
10446,uptowncrc.com
10447,surpass-living.com
10448,theshawhome.org
10449,tempepostacute.com
10450,southportnh.com
10451,veterans.idaho.gov
10452,villageltc.com
10453,thefriendlynursinghome.com
10454,stjog.org
10455,tchhsa.org
10456,stauntonclinic.com
10457,tygartvalleyhr.com
10458,westporthc.com
10459,stcatherinehealthcare.com
10460,swannanoavalleynhr.com
10461,stearnsrehabcenter.com
10462,stcatherinesfostoria.com
10463,thespringsmtvista.com
10464,westernhillshc.com
10465,thegreensatpinehurst.com
10466,springviewnr.com
10467,unhsinc.org
10468,villageofcridersville.com
10469,www.acfcaya.com
10470,waynecountryview.com
10471,sunrisehillcare.com
10472,thepinespostacute.com
10473,stellarliving.com
10474,valleynursingcenter.com
10475,stelizabethcommunity.org
10476,uvsh.ernesthealth.com
10477,thespringsavalon.com
10478,splitrockrehab.com
10479,sumpt.net
10480,symphonynetwork.com
10481,songbirdnursing.com
10482,web.columbus.org
10483,wshv.org
10484,wardeseniorliving.org
10485,tlc-pt.com
10486,umclinic.org
10487,therapeutic-solutions.com
10488,suffolkcountyny.gov
10489,themariancenter.net
10490,theprestonhealthcenter.com
10491,twinlakescomm.org
10492,windsorterracecare.com
10493,woodlakehc.com
10494,wrrh.ernesthealth.com
10495,williampenncc.com
10496,sugarlandsurgery.com
10497,southlandliving.com
10498,theglen.org
10499,valleypediatricandhealthclinic.com
10500,uthealtheasttexas.com
10501,stillhouserehab.com
10502,ulcbrookings.com
10503,thespringshc.com
10504,welbrookfarmington.com
10505,wellnessphysicalmedicine.com
10506,swmtchc.org
10507,unitedindianhealthservices.org
10508,williamsonmemorial.net
10509,westchicagocare.com
10510,southsuburbannursing.com
10511,themanor.elfindaleretirement.com
10512,waterburynh.com
10513,thehealthcareresorttopeka.com
10514,stjameshc.com
10515,southheritagehealthandrehab.com
10516,spokanehealthandrehabofcascadia.com
10517,stellamaris.org
10518,universityptonline.com
10519,starcommunityhealth.org
10520,twinpinesnorth.com
10521,valleycorf.com
10522,venturapa.com
10523,windsorpoint.com
10524,villadelsolpostacute.com
10525,timberlinepa.com
10526,thexraymemphis.com
10527,stjnrehab.org
10528,steckmedical.com
10529,ti-inc.org
10530,stjoseph-wy.org
10531,springgroverehab.com
10532,www.abbottnh.com
10533,wprnc.com
10534,uphamscornerhealthcenter.org
10535,visitmaplewood.com
10536,whitecountytn.gov
10537,terracinaseniorliving.com
10538,theatlasdom.com
10539,springtownparkrehab.com
10540,sunnyvista.org
10541,victorvalleyglobalmedicalcenter.com
10542,westsideoaksrehab.com
10543,www.actshealthservices.org
10544,tinker.tricare.mil
10545,watsontownhealth.com
10546,watersedgernc.com
10547,threeriversrehab.com
10548,www.4thcorporation.com
10549,theenclaverehab.com
10550,southbrookhealthcare.com
10551,westlakecare.com
10552,thevillagesoflapeer.net
10553,totalhealthcare.org
10554,washingtonseniorlivingllc.com
10555,villagesoflakehighlands.com
10556,spidpediatriccenter.com
10557,wilmington.cadiahealthcare.com
10558,wildewoodokc.com
10559,watertownhcc.com
10560,wcmcc.org
10561,thegilloddfellowshomeofvermontinc.org
10562,therapy-a.com
10563,spot-rehab.com
10564,www.60-west.com
10565,www.abingdoncare.com
10566,wagnermedicalclinic.com
10567,sterlinghealth.net
10568,villagehc.com
10569,spectrumphysicaltherapyct.com
10570,southcoastpa.com
10571,thespringsharrison.com
10572,tishomingoclc.cesltc.com
10573,westminstercommons.com
10574,threeriversmedicalgroup.com
10575,thelodgeattaylor.com
10576,woodsiderehabilitation.com
10577,truhealthky.com
10578,vpacare.com
10579,unicarechc.org
10580,unitycarenw.org
10581,windcresthealthandrehab.com
10582,tyndall.tricare.mil
10583,windingtrailspa.com
10584,stpetedialysis.com
10585,terracemanornursingandrehab.com
10586,stvincentrehabcenter.org
10587,uabcallahaneye.org
10588,westhomesteadk8center.net
10589,theelderpages.com
10590,villaatparkridge.com
10591,vivage.com
10592,windyhillsl.com
10593,therahealthwellness.com
10594,theracarerehabservices.com
10595,wilsonpinescare.com
10596,thebluffscolumbia.org
10597,www.ableinc.net
10598,surreynursing.com
10599,tribalhealth.fortpecktribes.org
10600,tlccarecenter.com
10601,stauntonhospital.org
10602,westernhome.org
10603,va.alabama.gov
10604,westminsterhealth.org
10605,walnutplacelcs.com
10606,www.accsv.org
10607,willowcreekhcc.com
10608,windsorelkgrove.com
10609,warrenmanor.com
10610,wheatridgepark.com
10611,www.ageility.com
10612,warsawmeadows.com
10613,westwoodvillagecare.com
10614,uchcaz.org
10615,tierrapinescenter.com
10616,timberridgeschool.org
10617,stellarnursinghomes.com
10618,stgerards.org
10619,vallevistarehab.com
10620,tockwotton.org
10621,vineyardshealth.com
10622,villagerehabcenter.com
10623,www.abqhch.org
10624,summerfordrehab.com
10625,www.acchealthcenters.org
10626,timberridgelcs.com
10627,themaplesatharbermeadows.com
10628,splg.org
10629,stjosephs.net
10630,winchestercmhc.com
10631,sugarloafmedical.com
10632,trendltc.com
10633,www.acrmcoh.com
10634,westgatehillshc.com
10635,sunrisenursing.com
10636,sunnysidehcc.com
10637,windsorsacramento.com
10638,theheightsrehab.com
10639,trinitygrove.net
10640,www.agapeawc.com
10641,sundalecare.com
10642,southampton.stonybrookmedicine.edu
10643,web.bocaratonchamber.com
10644,tablerockfamilycare.com
10645,trellisparadise.com
10646,theeleanor.net
10647,svhcs.org
10648,vibralifeelpaso.com
10649,summersmedaesthetics.com
10650,wellsnursinghome.org
10651,thehavenhome.org
10652,sthelenaparishhospital.org.tempdomain.com
10653,web.waterburychamber.com
10654,steemcc.org
10655,woodburywellness.com
10656,villageatgleannloch.com
10657,southamptonhc.com
10658,sonomaspecialtyhospital.org
10659,www.acatwhiting.com
10660,ubh.org
10661,www.aasehaugen.com
10662,www.acskylines.org
10663,tricountymobilexray.com
10664,stmarysharlem.com
10665,universityrehabilitation.com
10666,wahidmedical.com
10667,winchesterfamilypracticeky.com
10668,www.agapechc.org
10669,thehughescenter.com
10670,toltc.org
10671,www.advantiahealth.com
10672,stwilliamslivingcenter.com
10673,tabhealth.org
10674,victoriacrossingrehab.com
10675,stteresanursing.com
10676,thewillowsrehab.com
10677,washingtoncounty.colorado.gov
10678,taylorregional.org
10679,villatoscanarehab.com
10680,www.agilityhealthandrehabilitation.com
10681,uscnorriscancer.usc.edu
10682,stonemererehab.com
10683,windsorskyline.com
10684,willowcreekhealthcare.net
10685,themeadowsdallas.com
10686,themiltonhome.com
10687,sonvalley.net
10688,suncoast-chc.org
10689,summerfieldhealthcare.net
10690,whiteblossomcarecenter.com
10691,thecrossingatriverside.com
10692,wolfcreekcarecenter.com
10693,www.3h-la.com
10694,westchestercenter.com
10695,villagesquarehealthcarecenter.com
10696,trmoorestown.com
10697,vistarealpa.com
10698,wildewood-downs.com
10699,visitingcsnursingchicago.org
10700,tampalakes.com
10701,starhoustonphysicaltherapy.com
10702,vanwertmanor.com
10703,tsvh.org
10704,windsorvallejo.com
10705,westseattlees.seattleschools.org
10706,www.acadianacares.org
10707,windermerecommunity.net
10708,villapueblo.com
10709,vikidneycenter.com
10710,theheightsofsummerlin.com
10711,waterford.care
10712,tuffmemorialhome.com
10713,wentzlivingcenter.com
10714,villagesonmacarthur.com
10715,www.afp-idaho.com
10716,vicksburgch.com
10717,west.imsaindy.org
10718,wadsworthglen.com
10719,twinfountainshome.org
10720,willowwoodshcc.com
10721,www.abundantacrescr.com
10722,sudanmed.com
10723,westchestergardens.com
10724,universityparkhcc.com
10725,westgatecenterrehabalz.com
10726,uscga.edu
10727,wilkinshealthandrehabcommunity.com
10728,vadoh.myresourcedirectory.com
10729,whiteoaksrehab.com
10730,woodlandmanornursingandrehab.com
10731,sportspineclinic.com
10732,westfieldqc.com
10733,www.advancedmotiontherapeutic.com
10734,villalaspalmascares.com
10735,www.abbeyvillenursingandrehab.com
10736,windsorems.com
10737,westgaterehabilitation.com
10738,therapyprovider.com
10739,valleyofthemoonpa.com
10740,twelveclanshospital.com
10741,stjosephvilla.org
10742,thames.hattiesburgpsd.com
10743,withrow.cps-k12.org
10744,sumterhealthandrehab.com
10745,winterparkhouse.com
10746,sunsetmanor.yolasite.com
10747,verobeachcenter.com
10748,www.ahrcnyc.org
10749,starpt.com
10750,westviewhcc.com
10751,verland.org
10752,southhillspa.com
10753,thw.osu.edu
10754,tcrhs.buncombeschools.org
10755,tranquilityhomesllc.com
10756,transpecosnursing.com
10757,sunnyviewcenter.com
10758,specialtyhospitalcj.com
10759,trinitydialysisclinic.com
10760,southsidemedical.net
10761,treveccacenterrehab.com
10762,westchestervillagelenexa.com
10763,thestayton.com
10764,stonecreekhar.com
10765,woodlandgrovehrc.com
10766,thereservehealthcare.com
10767,wheelermission.org
10768,thespringstexarkana.com
10769,wbechs.beaufortschools.net
10770,whitehallrehabcenter.com
10771,weareinfinityhealth.org
10772,wbes.beaufortschools.net
10773,woodbinerehab.com
10774,theivyatgastonia.com
10775,stuartrehabcare.com
10776,tetonhealthcareofcascadia.com
10777,stfrancisrehabcenter.org
10778,www.acatmeadowsprings.com
10779,teresianhouse.org
10780,summitltc.com
10781,starcityrehab.com
10782,www.abbotthouse.org
10783,stteresarehabcenter.org
10784,springfieldrehabhc.com
10785,warnerrobinsrehabilitation.com
10786,terracecare.com
10787,thevillagehealthcarecenter.com
10788,www.afkpeds.org
10789,thewesleyan.org
10790,thetremontrehabcare.com
10791,windsortheridge.com
10792,valleyvcc.com
10793,villaattraversepoint.com
10794,theorchardpostacute.com
10795,www.adrcnj.org
10796,trinityrehabms.com
10797,www.3riverscommunityhealth.com
10798,warsawhealthandrehab.com
10799,twinoaksnh.com
10800,wathenahrc.com
10801,swantonvalley.com
10802,wallowamemorialmedicalclinics.org
10803,thebrazosofwaco.com
10804,woodsidepa.com
10805,stjamesplace.org
10806,welshhome.com
10807,springlakerehab.com
10808,www.addisonheights.com
10809,sportsrehabiowa.com
10810,villagepointhealthcare.com
10811,wsdsb.warrensd.org
10812,thesharon.org
10813,southernhand.com
10814,waterviewvillarehab.com
10815,theplazacare.com
10816,venturahrc.com
10817,whittierhillshealthcare.com
10818,truecare.org
10819,walnut-ridge.seniorliving-phs.com
10820,studiocityrehab.com
10821,villageatpennstate.org
10822,vistaridgenursing.com
10823,windsornorthlongbeach.com
10824,tranquilitynursingrehab.com
10825,wartburg.org
10826,theglebe.org
10827,udlab.siteassembly.com
10828,unityhealthonmain.org
10829,westwoodnc.com
10830,wresidential.com
10831,windsorgardenslosangeles.com
10832,theestatesarlington.org
10833,sunnyhillspostacute.com
10834,vistaviewpostacute.com
10835,valleyviewhealthandrehab.com
10836,thousandoakspostacute.com
10837,tyler.continuecare.org
10838,westhavennh.com
10839,sonterrahealthcenter.com
10840,vineyardsatfowler.org
10841,thespringsbroadway.com
10842,ucp-li.org
10843,themorrisoncommunities.org
10844,stelizabethsplacear.com
10845,vrhgateway.com
10846,sterlinghealthky.org
10847,vestalparkrehab.com
10848,tcmedicalmobile.com
10849,tangurecovery.com
10850,springsatstandrews.com
10851,www.abilis.us
10852,southsidegroupva.com
10853,thenormandy.com
10854,springsroadhc.com
10855,windsorgardenssandiego.com
10856,symphonynorthwoods.com
10857,vistapacificaent.com
10858,warren.yolopebble.com
10859,stedwardne.com
10860,wintergardenrehabilitation.com
10861,stantoncountyhospital.com
10862,villagenorthwest.org
10863,www.acatnorwood.com
10864,westoak.clinic
10865,tritonhealthcare.com
10866,therapypartnerspt.com
10867,sprlj.com
10868,twc-ms.com
10869,www.advancerehabks.com
10870,www.activephysicaltherapymi.com
10871,tvhc.org
10872,waynesboropar.com
10873,wheatlandshealthcarecenter.com
10874,ucpofmaine.org
10875,sunnyhillcarecenter.com
10876,www.advrehab.com
10877,stwilliamscarecenter.org
10878,stlcare.com
10879,woodlandpondnp.org
10880,www.aichc.org
10881,theramatrix.com
10882,westgategardenscarecenter.com
10883,thefirstrehab.com
10884,theopenhearth.org
10885,stonebridgeatmontgomery.org
10886,southeastrehabcare.com
10887,stjosephscenter.org
10888,unitedfamilymedicine.org
10889,ucp.org
10890,thehillcrestmanor.com
10891,westhillshealthandrehab.com
10892,www.adairvillage.net
10893,stonebrookhc.com
10894,www.advancedtherapygroup.org
10895,tmrbayarea.net
10896,windrivercares.com
10897,thespringshealth.com
10898,wwfhc.org
10899,twinbrookhcrc.com
10900,vsecommunities.org
10901,srs-usa.com
10902,www.ahstexas.com
10903,windsorskillednursing.org
10904,stanthonyscarecenter.com
10905,watersofroanhighlands.com
10906,thenextep.org
10907,southernusa.salvationarmy.org
10908,watersofhuntington.com
10909,trellischino.com
10910,ukiahpostacute.com
10911,taoshealthcare.com
10912,villaspringfield.com
10913,sunnysidecare.com
10914,trousdalelc.org
10915,vhhouston.com
10916,swanlakerehab.com
10917,upchealth.net
10918,southtexashealthsystembehavioral.com
10919,winnienr.com
10920,tapmedicine.com
10921,universitybehavioral.com
10922,valleyprohealth.org
10923,springvalenursing.com
10924,terrabellahealth.com
10925,vistacaredialysis.com
10926,victoriacares.com
10927,springcreeknursing.com
10928,therapyservicespc.com
10929,williamsburgrehab.com
10930,thegrgroupptchoicecare.com
10931,vetaffairs.la.gov
10932,springcreekhealthandrehab.com
10933,watermancanyonpa.com
10934,tanagerplace.org
10935,springcreekcare.com
10936,spanishtrailsrehabilitation.com
10937,ubhc.rutgers.edu
10938,wapakonetamanor.com
10939,springhill.carringtonplaces.com
10940,umcommunities.org
10941,westmorelandrehab.com
10942,sumtereasthrc.com
10943,sus.org
10944,springgatehc.com
10945,southogdenrehab.com
10946,trumbullregional.org
10947,vnachc.org
10948,stillwater-healthcare.com
10949,tarponbayoucenter.com
10950,springfieldohnursing.com
10951,the-orchards.com
10952,stgilesnursing.com
10953,txrehabspecialists.com
10954,thefamilyphysicaltherapy.org
10955,sunnyviewnursing.com
10956,thebrentwoodrehab.com
10957,thecolumnshc.com
10958,wecare.essexcountynj.org
10959,vicarslanding.com
10960,www.agrhodes.org
10961,transmedultrasound.com
10962,stewartphysicaltherapy.com
10963,valenciahillshr.com
10964,thespringspinebluff.com
10965,twinpinesnr.com
10966,watersofcastleton.com
10967,suburbanrehab.com
10968,thebroadwayelderliving.org
10969,windingwaters.org
10970,waterviewrehab.com
10971,wellingtonplaceliving.com
10972,vandermanplacehcc.com
10973,transatlas.callen-lorde.org
10974,swuhealth.org
10975,wellspringhealthcare.org
10976,unitedhealthcenters.org
10977,vibranthealthkc.org
10978,tap360health.org
10979,trevisocare.com
10980,westoverhillshealth.com
10981,tennesseedonor.org
10982,wwees.buncombeschools.org
10983,southbridgerehab.com
10984,theforum-seniorliving.com
10985,viradiology.com
10986,watersofrushville.com
10987,wsdes.warrensd.org
10988,thespringschenal.com
10989,transformingage.org
10990,willowspeds.ca
10991,springmountainrehab.com
10992,thespringsar.com
10993,tappahannock.carringtonplaces.com
10994,unionhealthcenter.org
10995,terrace-view.net
10996,walzemclinic.com
10997,thevillagejackson.com
10998,southwindatcrowley.org
10999,thelakesatmaumelle.com
11000,wondercityhc.com
11001,vgfriscorehab.com
11002,tmwihc.org
11003,springbrooknursing.com
11004,wvwl.org
11005,villagepeds.org
11006,steelvilleseniorliving.com
11007,watersofhuntingburg.com
11008,woodburypac.com
11009,www.acadiacenter.com
11010,whiteoakmanor.com
11011,www.advenabonnersprings.com
11012,stellamanornr.com
11013,tulanetotalhealth.com
11014,www.aberdeenseniorliving.com
11015,www.aabilities.net
11016,srmedicalcenter.org
11017,wetumpkahealthandrehab.com
11018,thecharteroak.org
11019,waldonhc.com
11020,winnfieldrehabcenter.com
11021,vhwmasscentral.com
11022,uthsc.edu
11023,uglhealth.org
11024,vanburencountytn.com
11025,sprhc.org
11026,tridentcare.com
11027,sonomapostacute.com
11028,sunrayhc.com
11029,theparkinplano.com
11030,thehealthcareresortleawood.com
11031,urgentcarenwastoria.com
11032,thomasresthaven.org
11033,suwanneevalleync.com
11034,sunnysidecarecenter.com
11035,springtreehealthrehab.com
11036,warroadseniorlivingcenter.com
11037,victoryhealthrehab.com
11038,whitepinefamilymedicine.org
11039,www.acateastfalls.com
11040,southcampuscc.com
11041,teamcarerehab.com
11042,waverlyrehab.com
11043,windomareahealth.org
11044,thesprings.biz
11045,unityhealthservicesga.com
11046,treasureislecarecenter.com
11047,treemonthealthcare.com
11048,theencoreatboca.com
11049,tallwoodscarecenter.com
11050,tzuchimedical.us
11051,vissersphysicaltherapy.com
11052,verdecommunityhealthcare.com
11053,www.aaphc.org
11054,taborservicesinc.org
11055,willowbendcare.com
11056,sterlinghcr.com
11057,springvalehealth.org
11058,villagesatsouthernhills.com
11059,stpaulelders.org
11060,wellspringlutheran.com
11061,whitneyrehab.com
11062,woodlawn-rehab.com
11063,trinitywoodstulsa.com
11064,wibauxcountynursinghome.com
11065,villapines.com
11066,southdadenursing.com
11067,staugustinehealthandrehab.com
11068,thehaventucson.org
11069,villaatgreatlakescrossing.com
11070,trainingroompt.com
11071,vieradelmarrehab.com
11072,stuarthrc.com
11073,villaatwestbranch.com
11074,thereserveatrichardson.com
11075,waterfordnursing.com
11076,transcendenthealthcare.com
11077,thespringsparkave.com
11078,tfrnc.org
11079,strh.ernesthealth.com
11080,www.actsretirement.org
11081,southorangehrc.com
11082,wecarehcc.com
11083,web.cakidneycare.org
11084,websterelementary.masd.k12.ms.us
11085,sunhealthcommunities.org
11086,thebradfordnursinghome.com
11087,tospt.com
11088,woodlandsspecialtyhospital.com
11089,south-river.org
11090,stmarksliving.org
11091,themeadowspa.com
11092,ummahealthca.org
11093,web.alohanursing.com
11094,thespringshillcrest.com
11095,unexpectedmodernism.com
11096,westernconvalescent.com
11097,villahrc.com
11098,wvnavigate.myresourcedirectory.com
11099,wellplan.com
11100,triadhealthsystems.com
11101,uhcenters.org
11102,southhavenhealthandrehab.com
11103,viewparkhealthcare.com
11104,srhealth.org
11105,www.360totalrehab.com
11106,watrehab.com
11107,wctsolutions.com
11108,westridgecarecenter.com
11109,watersofhobart.com
11110,westvillagepa.com
11111,windsorhealthrehab.com
11112,tabormanorcare.com
11113,trelliscentennial.com
11114,weltyhome.org
11115,www.acadianatreatmentcenter.com
11116,www.advancedsurgicaltechnology.com
11117,www.accessrehabcenters.com
11118,www.aaron-manor.net
11119,spectrumhs.org
11120,valleyoakscare.com
11121,springcreekhc.com
11122,stonesrivermanor.com
11123,sportspinewi.com
11124,sunrisehrc.com
11125,swedenvalleymanor.com
11126,union.floridahealth.gov
11127,www.acatparkside.com
11128,walton.floridahealth.gov
11129,vintagefairenursing.com
11130,teamhealthcareclinic.com
11131,thebristolrehab.com
11132,whisperingpinescare.com
11133,valleycommunityhospital.com
11134,tlhs.sfhs.org
11135,teaguenursingcare.com
11136,watersofrockport.com
11137,tanabell.com
11138,wvhl.org
11139,trussville.cavalierhealthcare.com
11140,villa-marin.com
11141,web.cambridgeohiochamber.com
11142,wesman.org
11143,waysidefarmnh.com
11144,thehalehandcenter.com
11145,veterans.ky.gov
11146,trilliumplacecare.org
11147,symphonyapplewood.com
11148,toprehab.com
11149,thephoenixrehab.com
11150,virginiagarcia.org
11151,watersofclinton.com
11152,wesbury.com
11153,westview.leoncarecenters.com
11154,universitypostacute.com
11155,tudoroaks.net
11156,swlphc.org
11157,springviewmanorhrc.com
11158,villascalabrini.com
11159,westviewnursing.com
11160,voyageshealth.com
11161,wfspa.org
11162,windsorwoodshealthandrehab.com
11163,woodlandvillagerehab.com
11164,tristatevillage.com
11165,woodwardcareertech.cps-k12.org
11166,westwoodhealthandrehab.com
11167,villaatrosecity.com
11168,thegrovecare.com
11169,washington.srcare.org
11170,www.aehchc.org
11171,universitypostacute.net
11172,woodlandcarecenter.com
11173,www.afterhoursimaging.com
11174,tschc.com
11175,www.accureadxrays.com
11176,theplacecos.org
11177,woodviewhome.com
11178,www.1stchoicetherapylaredo.com
11179,vistaknoll.com
11180,wellingtoncarecenter.com
11181,theterracecrystal.com
11182,southhealthandrehab.com
11183,sunnyviewrehab.org
11184,stottos.org
11185,warrensburgmanor.com
11186,watersedgerehab.com
11187,vnahealth.com
11188,www.adamsfarmliving.com
11189,westpointclc.cesltc.com
11190,vinelandpostacute.com
11191,westgardenapostacute.com
11192,sunriseclinicsnm.org
11193,sunrisepa.com
11194,stmc.org
11195,wileymission.org
11196,ultramx.com
11197,www.acmsinc.org
11198,thebradleycenter.org
11199,theestateshillsboro.org
11200,springdalehealthandrehab.com
11201,thehiddenlakes.com
11202,specialized-care.com
11203,southpointrehab.com
11204,susannawesleyrehab.com
11205,willowcreekrehab.com
11206,stanthonymedical.org
11207,www.ahd.com
11208,westwardtrailsnursing.com
11209,wmchealthjobs.org
11210,thecoveatlajolla.com
11211,timbersok.com
11212,winnparishmedical.ahmgt.com
11213,www.acswnc.com
11214,stgabrielchc.org
11215,winchestergardens.com
11216,westchestercommunityhealthcenter.org
11217,staywellhealth.org
11218,uvrc.com
11219,tari.myresourcedirectory.com
11220,whisperingcreek.org
11221,watersofsyracuse.com
11222,swedishcovenant.org
11223,stillwaterpostacute.com
11224,worcesterrehabcare.com
11225,spprehabilitation.com
11226,steerehouse.org
11227,srdlc.org
11228,sunarchacademy.com
11229,websteratrye.com
11230,thearlingtonofnaples.com
11231,speedoflightxray.com
11232,thirdstreetfamily.org
11233,www.acrestmor.org
11234,woods-edge.net
11235,vgallenrehab.com
11236,sunplexsubacute.cesltc.com
11237,thehealthcareresortolathe.com
11238,trinityplacealbemarle.net
11239,spinehola.com
11240,windmillvillagerehab.com
11241,willowbrookrhc.com
11242,woodlandskillednursing.com
11243,southcreekpa.com
11244,www.3cclinic.org
11245,winchesterhc.com
11246,trilogyhs.com
11247,surgerehab.com
11248,www.800xrayexam.com
11249,wrightshealthcare.com
11250,universityparknr.com
11251,stonebridge.wlcfirm.com
11252,thefountainviewcenter.com
11253,www.addiagnostics.com
11254,windsorcare.com
11255,thevirginiahome.org
11256,sythc.org
11257,villageorgetownhc.com
11258,virgilrehab.com
11259,vht.org
11260,welcomefamiliesnh.com
11261,winfieldseniorliving.com
11262,totallykidssvsh.com
11263,ssbdiagnostic.com
11264,www.af.mil
11265,southtexasruralhealth.com
11266,usd116.org
11267,valleyviewcare.com
11268,twinoaksrehab.com
11269,villasf.org
11270,tarzanahealthandrehab.com
11271,valleycommunityhealthcare.org
11272,wfallscare.com
11273,treemonthc.com
11274,texasnativehealth.org
11275,vethome.delaware.gov
11276,uppalmedicalcenter.com
11277,vialindabehavioral.com
11278,wingateliving.com
11279,springdalehealthcarecenter.com
11280,vsms.buncombeschools.org
11281,westoaksrehab.com
11282,southeastbehavioral.com
11283,watersofwabasheast.com
11284,woodsideseniorcommunities.org
11285,sunriseterracecc.com
11286,valleyhealth.org
11287,tendercarecc.org
11288,villahavenhealth.com
11289,www.agaveridgebehavioral.com
11290,vincentian.us
11291,westbrowardcare.com
11292,wilfordhall.tricare.mil
11293,www.agingchoices.com
11294,valleymanor-health.com
11295,thevosswoodnursingcenter.com
11296,woodlandcenter.com
11297,theoakspa.com
11298,www.acceleratepiscataway.com
11299,thelaurenwood.com
11300,staugcenterforliving.com
11301,villageontheisle.com
11302,villamariapostacute.com
11303,sunrisegroup.org
11304,windsorrehabcenter.com
11305,texomamedicalcenter.net
11306,www.abbeyseniorhealth.com
11307,springcreekhcc.com
11308,thesandsrehab.com
11309,willowbranchhealth.com
11310,westwoodhealthcare.com
11311,www.accessfamilycare.org
11312,thehowellhouse.com
11313,www.advenafountainview.com
11314,westwoodpac.com
11315,www.accesshealth.net
11316,thespringsbarrow.com
11317,twilighthomenr.com
11318,westmontmanorhrc.com
11319,themccoyhouse.com
11320,versability.org
11321,woodlandky.com
11322,webbcityhealthandrehab.com
11323,web.fayettevillear.com
11324,squirrelhillhealthcenter.org
11325,staugministries.org
11326,thevictoriacarecenter.com
11327,thriveahead.com
11328,tristatehealthandrehab.com
11329,thelafayette.net
11330,watsonvillepostacute.com
11331,squirrelhillwr.com
11332,wagnerheights.com
11333,wellaheadla.com
11334,thevillasatsunnyacres.com
11335,sunnyhillshc.com
11336,thespringspostacute.com
11337,westoaklandhealth.org
11338,uniquerhc.com
11339,thehillhealthcenter.org
11340,stilwellnursingandrehab.com
11341,woodlandparkcare.com
11342,unifiedtherapy.com
11343,synergypines.com
11344,spurgeonmanor.com
11345,whitehouseclinics.com
11346,swvhs.org
11347,theestateskeene.org
11348,we-care.org
11349,waikikihc.org
11350,villamesacc.com
11351,treytonoaktowers.com
11352,willowknoll-pa.com
11353,thepoverellocenter.org
11354,vallevistapostacute.com
11355,willistoncc.com
11356,westgatehillsrehab.com
11357,widowsnursing.com
11358,thrivehospital.com
11359,southeasthc.org
11360,victoriapostacute.com
11361,vineyardpostacute.com
11362,westpointcarecenter.com
11363,thelodgehrc.com
11364,turlocknursingcenter.com
11365,stjohnland.org
11366,womenshealthdanville.com
11367,wkmgprimarycare.com
11368,voorheespediatricfacility.com
11369,web.iarf.org
11370,thephoenixpostacute.com
11371,southerngracemed.com
11372,villaatsilverbellestates.com
11373,southmountainpostacute.com
11374,throgsneckrehab.com
11375,unioncommunitycare.org
11376,sterlinghealthrc.com
11377,watersofwakarusa.com
11378,thehealthplex.co
11379,woodsidehealthcarecenter.com
11380,thewaynecenter.com
11381,trilogytherapy.com
11382,valehealthcarecenter.com
11383,westcovinahcc.com
11384,stantoine.net
11385,waterfallhealth.com
11386,www.adamscountynursing.com
11387,woodridgeinterventions.org
11388,windsorpostacutehayward.com
11389,sovahphysicians.com
11390,williamsonhealthwellness.com
11391,vanburen.aps.edu
11392,umc.ua.edu
11393,therapyworks.com
11394,townofislesboro.com
11395,tupelorehabcenter.com
11396,princetonml.com
11397,orovillepostacute.com
11398,raymond-bliss.tricare.mil
11399,rainaimaging.com
11400,penneyretirementcommunity.org
11401,rehabplusdpt.com
11402,sanpedromanor.com
11403,nicholshome.com
11404,quitmancountyms.org
11405,providenceplacenc.com
11406,pclcare.com
11407,pacificanursing.com
11408,purerehabilitation.com
11409,riversidecenterrehab.com
11410,northwoodsnf.com
11411,regalcaretaunton.com
11412,oakridgeschools.org
11413,renalgroupohio.com
11414,palmgardenofocala.com
11415,pawtucketfallshc.com
11416,pgsnf.com
11417,odysseyhc.com
11418,northridgevillage.com
11419,resthavenhealth.com
11420,rivervalleydialysis.com
11421,palmettomedicalcare.com
11422,optimaldialysis.org
11423,pro-rehab.org
11424,paxmemphis.com
11425,royalpalmshealth.com
11426,radpt.com
11427,newoppinc.org
11428,onsiteimaging.net
11429,reservoircenterrehab.com
11430,myccnh.org
11431,sapphireatmyrtlepoint.com
11432,sanjuancarecenter.com
11433,newparisrhc.org
11434,mvahealth.org
11435,pasadenanursingcenter.com
11436,rrhwp.org
11437,pinesskillednursing.com
11438,rockdalehc.com
11439,nevhc.org
11440,pinesatplacerville.com
11441,palmvalleypa.com
11442,mwchc.org
11443,rustonrehabcenter.com
11444,panoramagardens.com
11445,ranchosecocare.org
11446,murrieta.lluh.org
11447,rinaldicares.com
11448,mulberryrhc.com
11449,northamptonpostacute.com
11450,riverviewrehabhc.com
11451,northtexasracquetclub.com
11452,omcoh.org
11453,primrosepostacute.com
11454,rvmc.org
11455,pvhme.org
11456,pecanvalleyhealth.com
11457,riverbendrehab.net
11458,riverwalkcarecenter.org
11459,rehabcenterofnorthhills.com
11460,norwood-pa.com
11461,salemhillsrehab.com
11462,ramchealth.com
11463,sandimasbayshire.com
11464,rosevillecarecenter.com
11465,prairieacrestx.com
11466,oklahomakidneycare.com
11467,northpointlexington.com
11468,mychn.org
11469,salmonbrookrehab.com
11470,nhccare.com
11471,nrcglenwood.com
11472,oakviewhrc.com
11473,rivertracecare.com
11474,pinewoodmanor.org
11475,pncfr.org
11476,palmbeach.floridahealth.gov
11477,northplattept.com
11478,pavilionnwh.com
11479,oakmont.srcare.org
11480,pineheightsbrattleboro.com
11481,sandpiperpa.com
11482,myaccessmedicalclinic.com
11483,ncltah.ernesthealth.com
11484,ryzerenalcare.com
11485,nachman.rpsb.us
11486,nthsclinic.com
11487,riovistapa.com
11488,pembrokehospital.com
11489,newwayswla.com
11490,palmgardenofjacksonville.com
11491,norwalkchc.org
11492,olympia-convalescent.com
11493,pacificgrovehc.com
11494,russellvillenr.com
11495,myadultdaycare.com
11496,mvcares.com
11497,riverfrontrehab.com
11498,pikepeds.net
11499,regencyvillagewebster.com
11500,oakridgegardens.com
11501,okkthc.com
11502,pineforesthc.com
11503,sandstoneheights.com
11504,oddfellowshome.com
11505,rivernursing.com
11506,oyler.cps-k12.org
11507,palmsbh.com
11508,normallifeinc.com
11509,resourcecenter.org
11510,sachemrehab.com
11511,palmgardenoftampa.com
11512,pearlelgin.com
11513,riverdalepa.com
11514,ricevillefamilycare.com
11515,northadamscommons.org
11516,sansimeonbythesound.org
11517,norwell.royalhealthgroup.com
11518,nbhs.buncombeschools.org
11519,practicecrown.com
11520,piquamanor.com
11521,salemhealthrehab.com
11522,olddominionrehab.com
11523,retireatcountryside.com
11524,pdihealth.com
11525,parkmeadowshrc.com
11526,ovphf.com
11527,newliferehab.com
11528,parksidelutheranhome.com
11529,ndltca.org
11530,robertleecarecenter.com
11531,mtstjoseph.org
11532,primewellnesschc.org
11533,potomacfalls-rehab.com
11534,northwoodrehab.com
11535,prorehabpt.org
11536,nhcoregon.org
11537,rwjms.rutgers.edu
11538,riverchasevillagems.com
11539,mounthollyrehabhc.com
11540,pelicanridgepostacute.com
11541,parkviewheightsnrc.com
11542,pilotpointcarectr.com
11543,premiermanatee.com
11544,ridgewoodrehab.com
11545,redcliffs-pa.com
11546,parkermed.com
11547,pasadenacarecenter.com
11548,nassauecf.com
11549,reimagineoc.org
11550,oldcheneyrehab.com
11551,orchardviewmanor.com
11552,sangabrielhealth.com
11553,pinevalleyrehab.com
11554,opphealthandrehab.com
11555,nrrs.ne.gov
11556,myuhi.org
11557,msl-denison.com
11558,redstone.org
11559,santaclaritapa.com
11560,riversedgerehab.com
11561,neffsvillerehab.com
11562,portsmouthrehab.com
11563,pillarscommunityhealth.org
11564,raeannhc.com
11565,oakscare.com
11566,rhnmd.com
11567,nyackridge.com
11568,rgvmxrays.com
11569,rhmsevier.com
11570,rosemontcenterhc.com
11571,occupational-therapy-and-rehabilitation-services.cmac.ws
11572,rockledgehrc.com
11573,santaferehab.com
11574,roselawnmanor.com
11575,rehabkcs.com
11576,rehabhospitals.ufhealth.org
11577,mvhealthcare.com
11578,northsportpt.com
11579,salinasvalleypa.com
11580,parkmanorbeecave.com
11581,nettletonschools.com
11582,rspseniorliving.com
11583,northidahomyo.com
11584,mri.ernesthealth.com
11585,nems.org
11586,nmcac4kids.org
11587,phoenixcenterhc.com
11588,oceanparkhcc.com
11589,pinnaclecanton.com
11590,pms.lcps.net
11591,petalhill.com
11592,newhighland.hardin.kyschools.us
11593,newbraunfelspeds.com
11594,pataskalaoaks.com
11595,northtexaskidney.com
11596,pleasantviewhealthcare.com
11597,orlandohealthandrehab.com
11598,parkvista.net
11599,mtvhs.org
11600,parkviewpostacute.com
11601,palazzohc.com
11602,oakparkrehabilitation.com
11603,sandalwoodrehab.com
11604,myabundantchristianlivingcommunity.com
11605,rmeadows.com
11606,riversidevillagehealthcare.com
11607,oakslakewood.com
11608,plymouthharbor.org
11609,pleasantviewscmcf.org
11610,pulaskihealthrehab.com
11611,northfieldvillagesnr.com
11612,nchhc.org
11613,mtlaurelhc.com
11614,northshorehealth.org
11615,mysticparkrehab.com
11616,nursing-rehab.com
11617,redcliffsrehab.com
11618,peakresourcesinc.com
11619,omahanursingandrehab.com
11620,pgst.nsn.us
11621,rosehavennursinghome.com
11622,northridgecare.com
11623,phillipsmanor.com
11624,redlandshealthcarecenter.com
11625,sanstonehealth.com
11626,overlooknursing.com
11627,northcountyseniorliving.com
11628,pompanodialysis.com
11629,saintjosephseniorliving.org
11630,northwilmington.cadiahealthcare.com
11631,palmettogeneral.org
11632,riversidehealthandrehab.com
11633,resortsatchesterrivermanor.com
11634,mymobilex.com
11635,nflpediatrics.com
11636,pleasanthillsclc.cesltc.com
11637,rooseveltcarecenter.com
11638,mspqrehab.com
11639,sacfw.org
11640,pagerehabcenter.com
11641,pensacolarehabilitation.com
11642,normandyterracehealthcare.com
11643,pcnebraskacity.com
11644,parkmanormckinney.net
11645,pfcnh.com
11646,palmerhc.wixsite.com
11647,pleasantviewnursinghome.org
11648,saintjameshealth.com
11649,providencepointehealthcare.com
11650,rivercrossingrehab.com
11651,mwtn.org
11652,ptrconline.com
11653,mylaposada.com
11654,provplace.com
11655,romenewyork.com
11656,picoriverahc.com
11657,parkviewhaven.org
11658,palmettosubacute.com
11659,pecan-grove.net
11660,progressivechc.org
11661,rivco.org
11662,myhealth.jpmorganchase.com
11663,regionalphysicaltherapy.net
11664,rhgnc.org
11665,pioneervalleyhealth.com
11666,resthavenyork.com
11667,neighborhealthcenter.org
11668,reedwoodpa.com
11669,santamariaelmirador.org
11670,nghcc.com
11671,pennypackhc.com
11672,northstuartpt.com
11673,regencyvhc.com
11674,palmsatsebring.com
11675,pmdxu.com
11676,primarycaremedicalcenter.com
11677,nduhospital.com
11678,mrhome.org
11679,santamartaretirement.com
11680,mtpleasanthr.com
11681,oceanviewmedical.org
11682,preftherapy.com
11683,nemvch.com
11684,pcofunion.com
11685,pikespeakpa.com
11686,pettigrewrehab.com
11687,rehabcenteronpico.com
11688,palmshoresbhc.com
11689,pms.lamarcountyschools.org
11690,provrehab.com
11691,ocracokehealthcenter.org
11692,regalcareharwich.com
11693,rpsnf.com
11694,mvrrh.ernesthealth.com
11695,resthaven.org
11696,pointemeadows.com
11697,pccumberland.com
11698,newamericanpt.com
11699,revivalrehabilitation.com
11700,royalpalmbeachhrc.com
11701,pavilionhealthcare.com
11702,qualitymedicalimaging.com
11703,palmettopatriotshome.com
11704,riograndehospital.org
11705,princegeorgehealthcarecenter.com
11706,regalcarequincy.com
11707,nursing.tamu.edu
11708,quantumrehabandnursing.com
11709,santarosapostacute.com
11710,royalplazahealthandrehabilitationofcascadia.com
11711,palosverdeshealthcarecenter.com
11712,nvhca.org
11713,pinesrutland.com
11714,pineridgenursing.com
11715,newhorizonshealthcare.org
11716,npxray.com
11717,riverpointcrest.com
11718,northwestchester.com
11719,pavilionrehab.com
11720,rivervistabh.com
11721,phcconline.org
11722,progressivecarecenter.com
11723,oaksatavon.com
11724,ospreypointrehab.com
11725,rivertonrehab.com
11726,parkdalerehab.com
11727,prairieoasishc.com
11728,mytgh.com
11729,pineridgepa.com
11730,neighborsdc.org
11731,prwch.com
11732,pcplattsmouth.com
11733,rehabatenglewood.com
11734,pineridgecarecenter.com
11735,renaissance.elizajennings.org
11736,oakknollhealthandrehab.com
11737,rockcanyonrehab.com
11738,pavilionatcrescentlake.com
11739,raytechxray.com
11740,palmspringshealthandrehabilitationcenter.com
11741,peacefulliving.org
11742,robertsonky.com
11743,northcentralmed.com
11744,orchardmanor.co.grant.wi.gov
11745,paramountconvalescent.com
11746,pontotochealthandrehab.com
11747,pinnaclenursing.com
11748,rwstroud.com
11749,presidential-pa.com
11750,reovista.com
11751,pcpueblo.com
11752,northbrooknursing.com
11753,parkway-rehab.com
11754,napleshrc.com
11755,roguecommunityhealth.org
11756,oakwoodcareandrehab.com
11757,rockcreekofottawa.com
11758,ocalahealthandrehab.com
11759,oges.lamarcountyschools.org
11760,nomshealthcare.com
11761,pennyanmanor.com
11762,premierperry.com
11763,osbornfamilyhealthcenter.com
11764,s-khome.com
11765,noblehcc.com
11766,pphfamily.org
11767,sanmarinohc.com
11768,movingforwardphysicaltherapy.com
11769,richmondhrc.com
11770,oakhollowhcm.com
11771,mrshc.org
11772,pacificcarecenter.com
11773,p3hp.org
11774,palmgardenoflargo.com
11775,parkvillagehealth.com
11776,optimumdiagnosticlaboratory.com
11777,okscmrc.org
11778,rcmofwashington.com
11779,palmgardenofclearwater.com
11780,regencyhcr.com
11781,rockyghc.com
11782,quality.dev.healthfinder.fl.gov
11783,rutherfordcountytn.gov
11784,rbhc.biz
11785,nbes.buncombeschools.org
11786,prhandpc.net
11787,nephrondialysis.com
11788,physicaltherapyinstitute.com
11789,mycanopy.org
11790,oaklandrehabhc.com
11791,northcountrymed.com
11792,mthopenazarene.org
11793,odcvc.com
11794,salisburyrnc.com
11795,ruhealth.org
11796,myfhc.org
11797,northhillshealthandrehab.com
11798,saltriver.org
11799,ms.godwinschools.org
11800,myupdox.com
11801,mtmacrinamanor.com
11802,polarishcc.com
11803,onecrosscommunity.com
11804,northern-manor.facilities.centershealthcare.org
11805,parkplacecare.com
11806,nazarethhealth.com
11807,rectornursing.com
11808,nemahacountyhospital.com
11809,rivercrestpa.com
11810,pearlorchardvalley.com
11811,parkplazacare.com
11812,nbms.buncombeschools.org
11813,oasiscenterrehab.com
11814,pinecreekrehab.com
11815,oakorchardhealth.org
11816,passamaquoddyhealth.org
11817,pleasantvalleyhealth.com
11818,rces.rheacounty.org
11819,nehalemcarecenter.com
11820,pontcare.com
11821,rosewoodreno.com
11822,oxfordrehabhc.com
11823,northwesthealthcare.net
11824,royaloaknursingcenter.com
11825,pompanohealthandrehab.com
11826,rosscountyhealth.org
11827,parkeviewrehab.com
11828,premiernursingcenter.com
11829,riverpointepostacute.com
11830,sanctamaria.org
11831,nspirehc.com
11832,northmobilerehabcenter.com
11833,palmgardenofwestpalmbeach.com
11834,ocoeeregional.com
11835,rainbowrivermedical.com
11836,phs.petalschools.com
11837,rockhillcarecenter.com
11838,pptanda.com
11839,pccnfc.org
11840,parkplaceelmhurst.com
11841,njkidneydoctors.com
11842,pembiliernursingcenter.com
11843,nowradiology.com
11844,portcharlotterehab.com
11845,olympiatransitional.com
11846,pinesatpoughkeepsie.com
11847,phghealthcare.com
11848,nh-tc.yoloboulder.com
11849,pacificislandspca.org
11850,premiermedicalocala.com
11851,prairievistavillage.com
11852,penpostacute.com
11853,oakgroverh.com
11854,premiermdclinic.com
11855,pccar.org
11856,plazaclc.cesltc.com
11857,regalcaregreenfield.com
11858,olshomes.org
11859,prd.icarol.com
11860,pediatricassociateswf.com
11861,physicaltherapynow.com
11862,newberryccrc.com
11863,progressivehealthus.com
11864,santaclarapostacute.com
11865,pearlnaperville.com
11866,rimcountryhealth.com
11867,sanjudaschc.org
11868,mytranswellness.org
11869,newmartinsvillehr.com
11870,sagecreekpostacute.com
11871,putnamrehab.com
11872,riverwoodcare.org
11873,okpca.org
11874,newportricheyrehab.com
11875,rosaclarkclinic.org
11876,programportal.hrsa.gov
11877,pleasantmeadows.org
11878,otterbein.org
11879,robinrunseniorliving.org
11880,pineyforestrehab.com
11881,ridgeviewrhc.com
11882,mscarecenteralcorn.com
11883,rehabilitationcentercheraw.com
11884,pinnaclenwh.com
11885,pcabsecon.com
11886,prairierehab.com
11887,nrcarkadelphia.com
11888,newhorizonsphysicaltherapy.com
11889,oaklandptrehab.com
11890,northerncardinalrehab.com
11891,oakridgehealthandrehab.com
11892,rushford.org
11893,pt-cpr.com
11894,parklanewesthealthcare.com
11895,pierzvilla.com
11896,palmterracecares.com
11897,pathwayfs.org
11898,nehca.org
11899,oakharbor.tricare.mil
11900,prco.mt.gov
11901,royalcare.com
11902,rose-trail.com
11903,salinahealth.org
11904,peachtreedialysis.com
11905,riverviewpostacute.com
11906,newhavennh.com
11907,regalheightshealthcare.com
11908,ohinj.org
11909,nightingalenrc.com
11910,ozarkhealthandrehab.com
11911,prsmichigan.com
11912,rothmanorthohospital.com
11913,riversidehealthrehabsc.com
11914,ridgevalleycnr.com
11915,offutt.tricare.mil
11916,orindacare.com
11917,oncincy.com
11918,nhchc.org
11919,pampamedicalgroup-tx.com
11920,riverbendnursing.com
11921,ptplusnj.com
11922,ridgewaymanorhealthcare.com
11923,piedmontpostacute.com
11924,sandsprings.us
11925,msstherapy.net
11926,playadelreycenter.com
11927,sanctuaryofohiovalley.com
11928,nepachc.org
11929,prattvillehealthandrehab.com
11930,oesny.org
11931,pearlevanston.com
11932,napapostacute.com
11933,northcentralpt.com
11934,royalgardenhealth.com
11935,riverwoodhrc.com
11936,parkvistaccrc.com
11937,pinellashc.com
11938,navasotanursing.com
11939,patewoodpa.com
11940,rossmoorpa.com
11941,northshorehealthcenters.com
11942,peppermintridge.org
11943,redriverimaging.com
11944,rainbowhealth.org
11945,reddyfamilymedicalclinic.com
11946,pchamilton.com
11947,oasisnursing.com
11948,rollinghills.us
11949,parkviewseniorliving.org
11950,ravallifamilymedicine.com
11951,richlandhillsrehab.com
11952,sandiegochildrensdentist.com
11953,nelsonchiro.net
11954,oakridgemanornursing.com
11955,oakmonthealthcarehumble.com
11956,rivergrovehealthandrehab.com
11957,penickvillage.org
11958,santecares.com
11959,salemtowne.org
11960,pioneerhousehc.com
11961,nvpx.net
11962,parkbendrehab.com
11963,nechc.com
11964,pearlmontclare.com
11965,parkgardensrnc.com
11966,pinesglensfalls.com
11967,nellasautumnlake.com
11968,rubywise.rpsb.us
11969,pleasanthillpa.com
11970,riverview-pa.com
11971,richmondpinescare.com
11972,oakcrestnursinghome.com
11973,ovphealthcare.org
11974,nursecareofbuckhead.com
11975,richmondgyn.com
11976,plazawesthrc.com
11977,riveridgehealth.com
11978,ourhmc.org
11979,rphome.org
11980,pikevillenursing.com
11981,regencynursingrehab.com
11982,ridgeview-village.com
11983,regencyhousewallingford.com
11984,parkvalleyinn.seniorcarecentersltc.com
11985,riverbendnr.com
11986,rowan.hattiesburgpsd.com
11987,quartzhillpostacute.com
11988,ramonanursing.com
11989,nwmrmc.org
11990,richlandpa.com
11991,rivervalleyhealthpa.org
11992,sandiegounified.org
11993,rivierahealthcare.com
11994,rosemontstonemountain.com
11995,mysticmeadows.com
11996,northwesthumanservices.org
11997,roselandchristianministries.org
11998,physiomedrehab.com
11999,pavilionatjacksonville.com
12000,ranchohc.com
12001,samrodgers.org
12002,mysfmc.com
12003,rhs.sfhs.org
12004,pickersgillretirement.org
12005,piedmonthillscnr.com
12006,parkviewmanorcare.com
12007,redmaplepediatrics.com
12008,renvillecountycommunityresidences.com
12009,newlondonrehab.com
12010,paynesvillehcc.com
12011,sanluistransitionalcare.com
12012,pineacresrehab.com
12013,sandhillsmedical.org
12014,ppaclinics.com
12015,robinsonrehab.com
12016,newhopevillage.org
12017,quaboagonthecommon.com
12018,neweastsidenursinghome.com
12019,newhealth.org
12020,nottinghamvillage.org
12021,parksidemanorstuart.com
12022,ohioadultcarefacilities.org
12023,rosarycare.org
12024,oakwoodmeadowsassistedliving.com
12025,pinehavencommunity.org
12026,piedmontdialysis.com
12027,rehabcenterofdesmoines.com
12028,redmondcareandrehab.com
12029,natchitochesrehabcenter.com
12030,odhc.org
12031,oakbrookhealthcenter.com
12032,pvkalona.com
12033,providerwire.com
12034,prudencecrandall.org
12035,russellcares.com
12036,paloaltonursingcenter.com
12037,pearlhillside.com
12038,rcghealthnetwork.com
12039,rehab1st.com
12040,rfgh.net
12041,rioatmissiontrails.com
12042,santaanita-convalescent.com
12043,piedmontcrossing.org
12044,piattcountynursinghome.org
12045,mxdxray.com
12046,riverviewphysicaltherapy.com
12047,myvantagecare.com
12048,pcmercer.com
12049,nckmed.com
12050,noblehorizons.org
12051,omnicenterrehab.com
12052,reactionphysicaltherapy.com
12053,rosehillrehabcenter.com
12054,pci-nsn.gov
12055,pleasantspringshealth.com
12056,northfieldretirement.net
12057,quabbinvalleyhealth.com
12058,portablemed.com
12059,rehabamericainc.com
12060,royalsuiteshealthcare.com
12061,rollinghillsseniorliving.org
12062,pinesutica.com
12063,powaycare.com
12064,sacredhearthome.org
12065,pavilionoh.com
12066,rockdaleestates.com
12067,nobleclinics.org
12068,parkcrescenthealth.com
12069,oaklandgrovehealthcare.com
12070,neighborhoodhealthsource.org
12071,potomacvalleyhc.com
12072,myrecord-stjoes.presencehealth.org
12073,riverviewhcg.com
12074,palmgardenofportstlucie.com
12075,professionaltherapeutics.com
12076,oakhillmonroecounty.com
12077,onsitemedimaging.com
12078,riveroakshcp.com
12079,pleasantviewcommunities.org
12080,parklanepa.com
12081,pue.lamarcountyschools.org
12082,quadcityptandspine.com
12083,resortsatbeaufort.com
12084,oakvillagecare.com
12085,optimumwellnesscenters.com
12086,rehabhere.live
12087,precisionimagingllc.com.s3-website-us-east-1.amazonaws.com
12088,normanpt.com
12089,multymedicalrehabilitationhospital.com
12090,promptsuccor.com
12091,riverrehab.com
12092,rosemanorrehab.com
12093,pinessnf.com
12094,parishealthandrehab.com
12095,nwechs.canutillo-isd.org
12096,rcindependence.com
12097,oakplainsacademy.com
12098,oconeepediatrics.com
12099,rockinghamcountyseniorliving.com
12100,richmondhealthcenter.com
12101,riverstonehealth.org
12102,pocahontasmedicalclinic.com
12103,myips.org
12104,rankinhealth.org
12105,rosewoodrhc.com
12106,phelps.northwell.edu
12107,pcmorrison.com
12108,riversideresthome.com
12109,opendoormedical.org
12110,prestera.org
12111,patrick.tricare.mil
12112,rolandparkplace.org
12113,rmcveteranshome.com
12114,prairiecrossing.net
12115,phoenixphysicaltherapy.com
12116,rockcreekhealth.com
12117,putnamridge.com
12118,mywallace.org
12119,rivervieweast.cps-k12.org
12120,prohealthga.com
12121,northmountain.net
12122,northrehabcenter.com
12123,promisechc.org
12124,regentsparkwinterpark.com
12125,murci.org
12126,ruthvenccc.com
12127,provocanyon.com
12128,parkview-cc.com
12129,pioneermanor.net
12130,mountcarmelcare.org
12131,mytcch.org
12132,mountascensionofcascadia.com
12133,northerndauphin.com
12134,riverbendnursingcenter.com
12135,palomasprings.com
12136,parkwoodretirementlcs.com
12137,saintcamillusurgentcare.com
12138,oakmontmanor.com
12139,neighborcare.org
12140,ridgeviewhealthcenter.com
12141,palmsmg.org
12142,overbrookcenter.com
12143,opencitieshealth.org
12144,rehabtustin.com
12145,palmbeachhcc.com
12146,presvillagenorth.org
12147,sandridgepa.com
12148,regionalclinic.org
12149,oceangardenscare.com
12150,nashvillecenterrehab.com
12151,pinnaclesouthportland.com
12152,rrmotonelementary.net
12153,parklandscc.com
12154,nationaldiabetesfoundation.org
12155,pearlstwo.com
12156,palomarheightsrehab.com
12157,nepc.org
12158,nomadradiology.com
12159,rossvillehrc.com
12160,mycri.org
12161,robinsonnr.com
12162,rockawaycc.com
12163,phsmobilexray.net
12164,rockymountaincare.com
12165,northamptonltc.com
12166,rivieredesoleilccc.com
12167,ohflac.wvdhhr.org
12168,novodialysis.com
12169,mustardseedfla.org
12170,nfbl.sc.gov
12171,rsac.fcsd.us
12172,pancarefl.org
12173,panolacountynursing.com
12174,orchardhospital.com
12175,rollinghillscare.com
12176,sapphireatriversedge.com
12177,prammd.com
12178,pinemeadowshcc.com
12179,orthopedic.io
12180,precisionimagingcenters.com
12181,portlavacaclinic.com
12182,safefutureaco.com
12183,pavilionky.com
12184,pacificmobileimaging.com
12185,mulberryhealth.com
12186,regoparkhealthcare.com
12187,ramona-rehab.com
12188,northcountryhealthcare.org
12189,rehabatportsmouth.com
12190,pennswood.org
12191,saintlukes.clinic
12192,nasvh.org
12193,safeharbormedlv.org
12194,peakcommunity.com
12195,rubindialysis.org
12196,rooseveltmedical.org
12197,parkmanorhealthandrehab.com
12198,oakhavenrehab.com
12199,pslrehabcare.com
12200,ovphealth.com
12201,rivervalleyfhc.com
12202,pelicanpointehealthcareandrehab.org
12203,pathfinderservices.org
12204,nghome.org
12205,saintjohnsmilw.org
12206,nextdoor.com
12207,northcrestnursinghc.com
12208,oakharborhealthcare.com
12209,rosemountaincarecenter.com
12210,oes.buncombeschools.org
12211,riverridgenursing.com
12212,oakmonthealthcarekaty.com
12213,roaringriverhr.com
12214,norwichrehab.com
12215,parkviewhrc.com
12216,santamariapostacute.com
12217,onehealthohio.org
12218,ranchwoodnursing.com
12219,ny.easterseals.com
12220,owyheehealth.com
12221,osbornhealth.com
12222,plantation-pointe.net
12223,regalcareworcester.com
12224,royalterracehealth.com
12225,parkwayhc.com
12226,pinevalleycommunity.org
12227,parkresthc.com
12228,rhahealthservices.org
12229,rhmpi.com
12230,princessannehealthrehab.com
12231,precisionxray.com
12232,peplinskigroup.com
12233,premiercarecenter.net
12234,rhclinic.org
12235,ridgecrestpa.com
12236,nyhomexray.com
12237,parkviewmanormn.com
12238,pelicanpointerehab.com
12239,pathwaypeds.com
12240,parsonshillrehab.com
12241,pebblenursing.com
12242,pickeringmanor.org
12243,pfhcc.com
12244,rulemecenter.com
12245,newsummithealth.com
12246,rhna.ernesthealth.com
12247,rosedalegreen.org
12248,olcenter.org
12249,partnershiphealthcenter.org
12250,northgatepostacute.com
12251,oceanridgepa.com
12252,mtogdennursing.com
12253,ripleycrossing.com
12254,ochonline.com
12255,pfh.org
12256,pruitthealth.com
12257,paddingtonplaceicf.com
12258,prismahealthchildrens.org
12259,rollinghillscarecenter.org
12260,northbridgehealthcare.com
12261,redwoodspostacute.com
12262,resortsatpooler.com
12263,oes.clay.k12.ky.us
12264,raeannwestlake.com
12265,northoaksseniorliving.com
12266,pcwall.com
12267,npiregistry.cms.hhs.gov
12268,nyconnects.ny.gov
12269,redwoodwomenscenter.com
12270,saintfrancisministries.org
12271,providers.chihealth.com
12272,rockrivercommunityclinic.com
12273,pediatricplaceuc.com
12274,regentsparkjacksonville.com
12275,parkwood-hc.com
12276,redriverya.com
12277,sabalhealthandrehab.com
12278,parkhousehealth.com
12279,pridetlc.com
12280,pmr.retirementcommunitysolutions.com
12281,restorerehabilitationcenter.com
12282,portsmouth.tricare.mil
12283,pasadenapa.com
12284,offers.umh.org
12285,sandgategardens.com
12286,nortonchildrens.com
12287,peabodyrc.org
12288,riverdalehcc.com
12289,pathwaysnursing.com
12290,mullicancarecenter.com
12291,ross-manor.com
12292,regentspark.care
12293,ntachc.org
12294,nlccwi.org
12295,pediatrics.jacksonhealth.org
12296,palmcoastsportsmedicine.net
12297,ptsinc.org
12298,roadsfoundation.org
12299,regentparkrehab.net
12300,resources.hhs.texas.gov
12301,oakriver-rehab.com
12302,riverwoodrehabcenter.com
12303,rittenhousepostacute.com
12304,ptandspeech.com
12305,pacificcarecenter.net
12306,ozarkschc.com
12307,oceanviewpostacute.com
12308,pes.petalschools.com
12309,roysecitymedicallodge.com
12310,northhillnursingandrehab.com
12311,pearlstcharles.com
12312,riverhillskerrville.com
12313,pampacare.com
12314,orchardhillrehab.com
12315,orchardviewpa.com
12316,peopleunitedofla.com
12317,onsiteradiography.com
12318,rowntreegardens.org
12319,riverside-nephrology.com
12320,msora.org
12321,ohvillage.com
12322,primaryplus.net
12323,rbjh.com
12324,northvinepostacute.com
12325,northbankrehab.com
12326,saintannenursing.com
12327,newvistapostacute.com
12328,perimetermed.com
12329,purchaseyouthvillage.com
12330,newburghcare.com
12331,pinescatskill.com
12332,oakwoodclc.cesltc.com
12333,northeastrehab.net
12334,mymbchc.org
12335,phealthcenter.org
12336,quantum-health.com
12337,rulevillerehabcenter.com
12338,olympicviewcare.com
12339,nearnorthhealth.org
12340,premierfamilycareinc.com
12341,northernlightsservices.org
12342,pinnaclenorthberwick.com
12343,oakgrovenursinghome.com
12344,riverfallspa.com
12345,paulhousehc.com
12346,progressivept.com
12347,ridgmarmedicallodge.com
12348,ridgewaypa.com
12349,pcmanor.com
12350,pomonavistacarecenter.com
12351,noadiagnostics.com
12352,parksidepar.com
12353,sandylakerehabandcare.com
12354,neighborhubhealth.org
12355,ontariohealthcarecenter.com
12356,msdh.ms.gov
12357,riverbluffhealth.com
12358,rms.rheacounty.org
12359,qliomaha.com
12360,nuestraclinicadelvalle.org
12361,neweastwoodrehab.com
12362,newyorkrehab.com
12363,mviewch.com
12364,rehabilitationassociatesinc.com
12365,palisadesrehab.com
12366,saddlebackportablexray.com
12367,ranchobellagiopa.com
12368,newarknursinghome.org
12369,rcchblackhills.com
12370,oakknoll1948.com
12371,oakwoodcare.com
12372,richardtonhealth.com
12373,orcasislandchamber.com
12374,msagardens.org
12375,newlebanonhc.com
12376,norfolkhealthrehab.com
12377,palmgardenofaventura.com
12378,queenannenh.com
12379,psychfinder.com
12380,northcountrynr.com
12381,parkviewkc.com
12382,sandpiperhrc.com
12383,reboundrehab.com
12384,prairieviewlutheran.com
12385,mtnrhr.com
12386,rehabatbayside.com
12387,nhc-charleston.tricare.mil
12388,riversidehealthrehab.com
12389,rwanadarko.com
12390,phcenters.org
12391,oaklandnursingandrehab.com
12392,riverchasehrc.com
12393,newmarkrehab.com
12394,parkviewnursing.org
12395,mtauburnobgyn.com
12396,msh.ernesthealth.com
12397,pickpeach.org
12398,rosenthalmontessori.rpsb.us
12399,narragansettindiannation.org
12400,ogms.lamarcountyschools.org
12401,sanctuaryhealthnetwork.com
12402,olphvb.org
12403,palmgardenshealthandrehab.com
12404,mycchrc.org
12405,ranchofamilymed.com
12406,sacpostacute.com
12407,northstarrpostacute.com
12408,omnifamilyhealth.org
12409,prairievillagehealthcare.com
12410,neweracommunityhealthcenter.com
12411,oakglenpa.com
12412,parkcenterrehab.com
12413,newhorizons-sfv.org
12414,norlitenursingcenter.com
12415,sandyrehab.com
12416,northportrehabilitation.com
12417,providers.munsonhealthcare.org
12418,rainbowrhc.com
12419,northwoodsl.com
12420,oakmanornr.com
12421,odeliahealthcare.com
12422,munstermedhc.com
12423,oremrehab.com
12424,riverridgelc.com
12425,oxfordms.chambermaster.com
12426,rhno.ernesthealth.com
12427,peakscarecenter.com
12428,plainview.northwell.edu
12429,praiowa.com
12430,palomarvista.com
12431,pineviewhc.com
12432,pinecresthc.com
12433,phsk.org
12434,pelicanpointehrc.com
12435,plaqueminesprimary.com
12436,queensnassaurehab.com
12437,owentonhealth.com
12438,randallstreetmedical.com
12439,preferredimg.com
12440,northcountryassociates.com
12441,plazarehabilitation.com
12442,poplarbluffchamber.org
12443,newhopemanor.org
12444,optage.org
12445,parkhighlandsnursing.com
12446,nrcmonticello.com
12447,sandstonehc.com
12448,restoreoutpatienttherapy.com
12449,phoenixmountain.com
12450,paramounthealth.net
12451,pleasanthillhealthandrehab.com
12452,newportmeadowshc.com
12453,opusrehab.com
12454,pineshealth.org
12455,oskaloosacarecenter.com
12456,northernoaksliving.com
12457,richmonduc.com
12458,quiburimission.com
12459,ravenswoodfhn.org
12460,riverterracerehab.com
12461,palmettofamilyhealth.com
12462,oaksatdenville.org
12463,onecommunityhealth.com
12464,physicaltherapysoct.com
12465,patersonchc.com
12466,northcampusrehab.com
12467,rosecitynursing.com
12468,oakviewinc.net
12469,procarebetter.com
12470,opwdd.ny.gov
12471,parhamhealthrehab.com
12472,rhsctn.com
12473,nrccrossett.com
12474,olera.care
12475,nhcac.org
12476,professionaltherapies.com
12477,rockvillerehab.com
12478,newhorizon.sd25.us
12479,renewalrehab.net
12480,psychiatry.msu.edu
12481,prairiemanorcare.com
12482,pacifichomecare.com
12483,mtnviewpa.com
12484,osceolacountyia.gov
12485,northwoodscenter.com
12486,premiermedical.clinic
12487,patriotheightshealthcare.com
12488,oakwoodhrc.com
12489,normandyhighschool.normandysc.org
12490,oasisrehabandnursing.com
12491,mvnrc.org
12492,ruralhs.org
12493,pineridgellp.com
12494,oakhill-center.facilities.centershealthcare.org
12495,oakparkoasishc.com
12496,munson.tricare.mil
12497,palmgardenofsuncitycenter.com
12498,professionaldialysiscenter.com
12499,noahhelps.org
12500,richlandcarecenter.com
12501,res.pcsdms.com
12502,performancetherapeutics.com
12503,princeton-manor.com
12504,rittercenter.org
12505,pcfairfield.com
12506,onioncreekrehab.com
12507,qualitycenterrehab.com
12508,ridgeviewpostacute.com
12509,nehd.org
12510,peakptandwellness.com
12511,ripleyhc.com
12512,rockinghorsecenter.org
12513,pcghfoundation.org
12514,rosedalerehab.com
12515,rehabriversedge.com
12516,physioworksinc.com
12517,mtcarmelseniorliving.com
12518,public.rescrf.com
12519,premierrehaboflasvegas.com
12520,northspringleesburg.com
12521,pineygrovecare.com
12522,nlasvegascc.com
12523,napavalleycarecenter.com
12524,othellocare.com
12525,mtgileadnc.com
12526,nanspointerehab.com
12527,saintmaryshome.org
12528,sagememorial.com
12529,ndhrehab.org
12530,pinetreenursing.com
12531,oneida-nsn.gov
12532,palaciosmidcoasthospital.org
12533,pinecrestguest.com
12534,rehabandhealthcarecenterofcapecoral.com
12535,sandstonehealthcc.com
12536,publichealth.santaclaracounty.gov
12537,pinemeadowshc.com
12538,sacodocs.com
12539,roseviewhc.com
12540,rollinghillsms.com
12541,rehabilitationandhealthcarecenteroftampa.com
12542,optimhealthsystem.com
12543,regencycarearlington.com
12544,physicaltherapy.bannerhealth.com
12545,royalgreenelementary.net
12546,mtvistahealth.com
12547,northlandhealthcenters.org
12548,northparkhealthcenter.com
12549,oicmedical.com
12550,santacruzpa.com
12551,nilescanyonpostacute.com
12552,orchardrnc.com
12553,prairiesunsethome.org
12554,pbrehab.org
12555,physicians.wustl.edu
12556,nephrology.wustl.edu
12557,parkvillagehealthcare.com
12558,oakgrovemanor.com
12559,pleasantvalleymanormo.com
12560,oakwoodgardenscarecenter.com
12561,pilgrimmanornursinghome.com
12562,packardhealth.org
12563,richwoodhc.com
12564,ncrh.ernesthealth.com
12565,premier-dialysis.com
12566,riverparkpostacute.com
12567,northwestcoloradohealth.org
12568,sansburycare.org
12569,nephroncorporation.com
12570,patriot-village.com
12571,parkplacehealthcare.org
12572,rockcreekcarecenter.com
12573,queenscare.org
12574,riseuprehabllc.com
12575,northernnevadahealth.com
12576,rolettecommunitycarecenter.com
12577,neahsi.com
12578,murrietahcc.com
12579,progressptclinics.com
12580,resthave.org
12581,premiertherapycenters.com
12582,newvistanursing.com
12583,physiciansdialysis.com
12584,nashvilletfs.org
12585,regeiscarecenter.com
12586,pms.petalschools.com
12587,ohioliving.org
12588,pircinc.org
12589,pchspitt.org
12590,salmonhealth.com
12591,pathwaysoftennessee.com
12592,ourladyoffatima.org
12593,rightcarehs.com
12594,sandspointrehab.com
12595,palacecarecenter.com
12596,parknh.com
12597,porterhillsvillage.mybrio.org
12598,palmgardenofverobeach.com
12599,sapphireatgracelen.com
12600,orwigsburghc.com
12601,refuahhealth.org
12602,phcwoods.com
12603,recovered.org
12604,pomonadialysis.com
12605,phciowa.org
12606,nacainc.org
12607,pmnrc.org
12608,premierofalice.com
12609,rennesgroup.mystagingwebsite.com
12610,prymed.org
12611,phxhealthohio.com
12612,parkerpostacute.com
12613,phppd.providence.org
12614,rothenberg.cps-k12.org
12615,northwayhealthandrehab.com
12616,northpointecc.com
12617,oakwoodky.org
12618,quincerehabcenter.com
12619,riohondo.us
12620,princetonnr.com
12621,peakviewbh.com
12622,northcanyon.org
12623,oakwoodhc.com
12624,nmtccoalition.org
12625,nacpt.com
12626,sanantoniowellnessandrehab.com
12627,pomeroyliving.com
12628,rehabilitationcenterofthepalmbeaches.com
12629,palmgardenoforlando.com
12630,parkviewrc.com
12631,paradiseelementary.rpsb.us
12632,sanjacintopa.com
12633,pearljoliet.com
12634,oakshealthcare.com
12635,riverviewestateshc.com
12636,nitherapy.com
12637,mulberrymanor.com
12638,premiergenesee.com
12639,muleshoehospital.com
12640,santamonicahealthcarecenter.com
12641,regencyhuntsville.com
12642,nesbitlrc.com
12643,rescarecommunityliving.com
12644,rces.sunflower.k12.ms.us
12645,neurorestorative.com
12646,riversidenursingandrehab.com
12647,provorehabilitation.com
12648,optimushealthcare.org
12649,nurh.ernesthealth.com
12650,parksiderehab.com
12651,redwoodcove.com
12652,nhanhoa.org
12653,pcmrinc.com
12654,nicholsmiddle.cantonschools.net
12655,ridgeviewhealthcare.com
12656,mscarecenterofmorton.com
12657,riverpointehealthcare.com
12658,oakhavenccc.com
12659,salmoncreekpostacute.com
12660,rainierrehabilitation.com
12661,mountstjoseph.net
12662,rosewoodrehab.org
12663,rockwallnursing.com
12664,oakcrestdekalb.org
12665,rcca.org
12666,nsks.org
12667,pcoldbridge.com
12668,saimentalhealth.org
12669,phchealth.com
12670,phychoice.com
12671,regencyhealthrehab.com
12672,riversedgecare.com
12673,richmond-center.facilities.centershealthcare.org
12674,northamptonnursingandrehab.com
12675,quincyhouse.org
12676,northshoremc.org
12677,rw-c.org
12678,neworangehills.net
12679,outpatientmedical.org
12680,mscarecenterofraleigh.com
12681,remarkablehealthcare.net
12682,npidb.org
12683,obfh.org
12684,riversidepostacute.com
12685,paramounthcla.com
12686,phs.lamarcountyschools.org
12687,oakmanorliving.com
12688,prestigeultrasound.com
12689,neabaptistclinic.org
12690,ryanhealth.org
12691,nhainc.org
12692,perrylutheranhomes.org
12693,rivervalleycarecenter.com
12694,riverbendkansascity.com
12695,samaritanhcpc.com
12696,saguarofitnessandrehab.com
12697,rushcountymemorialhospital.com
12698,parkplacetyler.com
12699,rhni.ernesthealth.com
12700,npino.com
12701,parkanaheim.com
12702,mtolympusrehab.com
12703,ramblingoaks.org
12704,prwcspartanburg.com
12705,ruralhealthcenter.net
12706,riverviewretirement.org
12707,resthavenlivingcenter.com
12708,peachtreenursing.com
12709,mrrh.ernesthealth.com
12710,oslnh.com
12711,newalbanyhealthandrehab.com
12712,ortegofamilymedicine.com
12713,opendoorhealth.com
12714,ptnorthwest.com
12715,orchardplace.org
12716,prairiemanorhealthcare.com
12717,pioneerrhc.com
12718,qvir.com
12719,rhs.jcsd.net
12720,ringgoldrehabcenter.com
12721,noblecarecenter.org
12722,parkmanorrehabilitation.com
12723,ridgewoodcarecenter.com
12724,pdihc.com
12725,phmchealth.phmc.org
12726,pilgrimrehab.org
12727,plymouthrehab.com
12728,npin.cdc.gov
12729,pinnacleparkhrc.com
12730,ozarksmethodistmanor.com
12731,salamancarnc.com
12732,nomadxray.com
12733,orchardparkhealthcare.com
12734,rowletthealth.com
12735,mountcarmelhome.org
12736,raleighoaksbh.com
12737,nbrrh.ernesthealth.com
12738,oakviewhealthandrehab.com
12739,northpointenursing.com
12740,mountgreylockextendedcare.org
12741,redbanks.org
12742,requestphysicaltherapy.com
12743,qolhs.org
12744,muskegonpublicschools.org
12745,northcountryhospital.org
12746,postnursing.com
12747,pcmnh.com
12748,overtoncounty.org
12749,onecrosshealth.com
12750,riverviewnursingandrehab.com
12751,rambamfamilyhealth.org
12752,nursa.com
12753,oxfordhealthandrehab.com
12754,sapphireatbelmont.com
12755,newcastlehc.com
12756,riverwalkpostacute.com
12757,pchc.com
12758,reliablemgt.com
12759,reavisrehab.com
12760,paradigmpt.com
12761,phs.sfhs.org
12762,palatkarehab.com
12763,riverwoodsnh.org
12764,paccoastmanor.com
12765,rockriverhc.com
12766,purcellcarecenter.com
12767,oakridgenursingcenter.com
12768,mtsterlingpediatrics.com
12769,oakridgehealthcare.net
12770,peconiclanding.org
12771,rooseveltrehab.com
12772,ourpmc.com
12773,rwfairfax.com
12774,northeasternhealth.org
12775,preshomes.org
12776,prestigeghc.com
12777,peterstownshippa.com
12778,palolohome.org
12779,rmcle.org
12780,pachillsmanor.com
12781,renprors.com
12782,presentationrehab.com
12783,optimaelifeservices.com
12784,mtairy.cps-k12.org
12785,nativeamericanlifelines.org
12786,nfhs.fcsd.us
12787,rehabresourcesinc.com
12788,renaissancecarerehab.com
12789,myprimaryhealthsolutions.org
12790,notchvt.org
12791,rushvillenursing.com
12792,regencyoaksseniorliving.com
12793,plainsmemorial.com
12794,pinnaclerhc.com
12795,park-terrace.com
12796,presidiomedical.com
12797,progsolutions.com
12798,sais.health.pa.gov
12799,rehabcentre.com
12800,redstonevillage.org
12801,rkhomes.net
12802,orchardparkhrc.com
12803,myvoca.com
12804,runnellscarecenter.com
12805,pueblosprings.com
12806,questinc.org
12807,reformedchurchhome.com
12808,premierdialysis.com
12809,nvfm.com
12810,riverccc.com
12811,santafepostacute.com
12812,riverterracehealthcarecenter.com
12813,sacredcircle.com
12814,nms.scsb.org
12815,pfmcok.com
12816,rfsc.bell.kyschools.us
12817,riverside.networkofcare.org
12818,pathway-hc.com
12819,parkregencycare.com
12820,riversidehc.com
12821,palmgardenofpinellas.com
12822,mysunsethealth.org
12823,parkway.ms
12824,pitu.gov
12825,pacificcoastpa.com
12826,ridgewaynursing.com
12827,regionaltherapyservices.com
12828,rugg.rpsb.us
12829,pinevillerehab.com
12830,mqtcmcf.org
12831,pomperaugwoods.com
12832,provail.org
12833,rehabmomentum.com
12834,rialtohealth.com
12835,saintsimeons.org
12836,nmhsi.org
12837,oakhurstrehab.com
12838,pleasantacresrehab.com
12839,ojaihealthandrehab.com
12840,orthocarephysicaltherapy.com
12841,peoriapostacute.com
12842,pchs.pcsdms.com
12843,pparkrehab.com
12844,nmrehab.org
12845,parksidehealth.net
12846,quarryville.com
12847,peabodymontessori.rpsb.us
12848,rollingbrookrehab.com
12849,nyspi.org
12850,nwpeds.com
12851,northernpinesrehab.com
12852,portagehealth.net
12853,pauljcooper.org
12854,oakhillsnewulm.com
12855,rankinrural.com
12856,parkerplacelivingcenters.com
12857,pinehavencarecenter.com
12858,sanrc.com
12859,pinesbristol.com
12860,nationalmobilexray.com
12861,peabody.k12.ma.us
12862,newvista.us
12863,mtinformedpatient.org
12864,phs.portlandschools.org
12865,palmgardenofwinterhaven.com
12866,renwicknursing.com
12867,providers.kentuckyrivermc.com
12868,palmgardenofgainesville.com
12869,sanssoucirehab.com
12870,pineviewstanberry.com
12871,mvhcc.com
12872,nellis.tricare.mil
12873,nyulangone.org
12874,safehavenhealth.org
12875,renalus.com
12876,ruralhealthinc.org
12877,raphaelhc.org
12878,powdersvillepa.com
12879,rehabcentersouthga.com
12880,northparkseniorliving.com
12881,nursing.ucla.edu
12882,mycomhc.org
12883,riverviewhealth.net
12884,novadxlabs.com
12885,nksthd.org
12886,phoebe.org
12887,ppsnf.com
12888,mtrs.mtrsd.org
12889,pineacrescnr.com
12890,quincyhcc.com
12891,sandypineshospital.com
12892,rockmarthealthrehab.com
12893,plazahealthandrehab.com
12894,redriverurgentcare.com
12895,rivierahealthresort.com
12896,richmondcommserv.org
12897,norviewheightsrehab.com
12898,renaissanceclc.cesltc.com
12899,pearlrollingmeadows.com
12900,nhssequoyah.com
12901,oghs.lamarcountyschools.org
12902,pegbo.com
12903,rogosin.org
12904,ormondflrehab.com
12905,riohondosubacute.com
12906,puyallupnursing.com
12907,needs.relink.org
12908,rbrehab.com
12909,plrenal.com
12910,rotaryseniorliving.com
12911,norrisacademytn.com
12912,pavilionatcreekwood.com
12913,northtexasstatehospital.com
12914,pacificgardensnursingcenter.com
12915,rebekahhealth.org
12916,quickcareofruston.com
12917,renalcareassociates.com
12918,rosevillahealthcare.com
12919,nnseniorcare.com
12920,prosperrehabilitation.com
12921,pinecreekcarecenter.com
12922,riveroaksnursing.com
12923,samaritancenterdetroit.org
12924,mtcarmelrehabcenter.org
12925,pillarsbiloxi.cesltc.com
12926,nyehealthservices.com
12927,plattsburghrehab.com
12928,pacificpostacute.com
12929,premierhc.org
12930,riverbendhrc.com
12931,publichealth.lyoncounty.org
12932,premiertherapy4u.com
12933,regalcareholyoke.com
12934,newrichlandcarecenter.com
12935,pedimhealthcare.com
12936,northendrehab.com
12937,safetynetbhc.com
12938,premierfamilycarellc.com
12939,northsiderehab.com
12940,richardsonmed.org
12941,newstart.com
12942,rhsnm.ernesthealth.com
12943,paulsrun.org
12944,premierwashington.com
12945,mrsinc.org
12946,ranchomesacc.com
12947,opnursing.com
12948,redbankrehab.com
12949,okeechobeehealthcare.com
12950,nursing-care.com
12951,pensacola.tricare.mil
12952,oakviewmanor.com
12953,nrcstonegate.com
12954,northvalleynursingcenter.com
12955,pdchc.org
12956,pearlcrystallake.com
12957,pmdxray.com
12958,mybbwc.org
12959,rcbclinic.org
12960,pioneertherapyandliving.com
12961,palmettosummerville.com
12962,rivercityrehab.healthcare
12963,riverhillsvillage.com
12964,reynolds.tricare.mil
12965,oregonlivingandrehab.com
12966,nhcwny.org
12967,rhn.ernesthealth.com
12968,pinesofsarasota.org
12969,penfieldchildren.org
12970,nfultonpt.com
12971,nmgeneral.org
12972,prince.cttech.org
12973,neds.org
12974,reynoldshome.org
12975,palmdiagnostics.com
12976,runningwaterdraw.com
12977,orange-healthcare.com
12978,nassawadoxrehab.com
12979,mtclinic.org
12980,newcarltonnh.com
12981,polarishealthcarerehab.com
12982,ptservicesofwla.com
12983,myrockyknoll.com
12984,northchasecare.com
12985,neighborhoodhealthva.org
12986,parkavenuehealthcare.com
12987,ndacommission.com
12988,poulsbochamber.com
12989,peninsulahcc.org
12990,phoenixruralhealth.com
12991,oldsouthwesthealth.com
12992,sabinocanyoncare.com
12993,pleasantmanorhealthcare.com
12994,ontariodialysiscenter.com
12995,sansabarehab.com
12996,pptfl.com
12997,proactivepediatrictherapy.com
12998,rollinghillsghc.com
12999,oneillhc.com
13000,pacificsolstice.com
13001,raleighcthealthrehab.com
13002,northrange.org
13003,parksideks.org
13004,mtha.org
13005,rousesgrouphome.com
13006,olson.mpschools.org
13007,necc.net
13008,oakgrovemedicalclinic.com
13009,porthavenpa.com
13010,orthonebraska.com
13011,peninsulanrc.com
13012,ptcky.com
13013,sanangelonursingandrehab.com
13014,nbhospitals.com
13015,mvfamilymed.com
13016,nursecareofshreveport.com
13017,sanjoaquinnrc.com
13018,sandhillscarecenter.net
13019,rosewoodhcr.com
13020,ovation.org
13021,progressivetherapy.us
13022,nfe.fcsd.us
13023,oakviewmcf.com
13024,pugetsoundtransitional.com
13025,sanjuannursinghome.org
13026,robins.tricare.mil
13027,newbeginningstreatment.com
13028,sanmarcoscare.com
13029,necccare.com
13030,nxneclinic.org
13031,risingstarrehab.com
13032,physicaltherapyrochesterhills.com
13033,ridgecresthrc.com
13034,norwaycenterrehab.com
13035,poncerehab.com
13036,nwris.buncombeschools.org
13037,odahealth.org
13038,riversidecarecenter.com
13039,pecangrovetrainingcenter.net
13040,sanbrunoskillednursing.com
13041,niach.ernesthealth.com
13042,mtnshadows.org
13043,nacc-healthcare.org
13044,nativeproject.org
13045,rhsc.ernesthealth.com
13046,providencelouisville.com
13047,regentsparksunrise.com
13048,palmterracecarecenter.com
13049,northtexassportsmedicine.com
13050,neighborhoodmedicalcenter.org
13051,pineacrescenter.com
13052,rapidtherapy.org
13053,plymouthplace.org
13054,multco.us
13055,northbrookhealthandrehab.com
13056,professionalpac.com
13057,ochsner.org
13058,franklinhospital.net
13059,unchealth.org
13060,dardanelleregional.org
13061,hsaipr.com
13062,irmc.org
13063,holyokehealth.com
13064,sierra-view.com
13065,ohsu.edu
13066,marthajefferson.org
13067,hendersonhospital.com
13068,reboundbehavioralhealth.com
13069,rwjbh.org
13070,granditasca.org
13071,wyomingmedicalcenter.org
13072,lvhn.org
13073,riversidehospital.net
13074,healthsouthcolumbia.com
13075,smccare.com
13076,ephc.org
13077,sghs.org
13078,pioneermemorial.org
13079,cooperhealthcape.org
13080,nmbhi.org
13081,scdmh.org
13082,gcmh.com
13083,vanwerthealth.org
13084,libertyhospital.org
13085,hchconline.org
13086,satantahospital.net
13087,stilwellmemorialhospital.com
13088,silvercross.org
13089,uphealthsystem.com
13090,mlmh.net
13091,med.navy.mil
13092,mmcportlavaca.com
13093,stdavids.com
13094,smhtx.com
13095,northwell.edu
13096,summitmedicalcasper.com
13097,smdcmedicalcenter.org
13098,tidalhealth.org
13099,myhorizonhealth.org
13100,stevenscountyhospital.com
13101,ellinwooddistricthospital.org
13102,summahealth.org
13103,stmaryshealthcaresystem.org
13104,riverviewbehavioralhealth.com
13105,lmh.org
13106,menningerclinic.org
13107,mvhealthsystem.org
13108,nyp.org
13109,howardmemorial.com
13110,logan.org
13111,eastgeorgiaregional.com
13112,nicklauschildrens.org
13113,parkridgehealth.com
13114,pihhealth.org
13115,phycarehospital.com
13116,parmermedicalcenter.com
13117,fdihb.org
13118,lawrencegeneral.org
13119,westernreservehospital.org
13120,icarerehabilitation.com
13121,hebrewhealthcare.org
13122,northmemorial.com
13123,woodcountyhospital.org
13124,multicare.org
13125,gonzaleshealthcare.com
13126,northoaks.org
13127,novanthealthuva.org
13128,www2.houltonregional.org
13129,jaspergeneralhospital.com
13130,springviewhospital.com
13131,yourcommunityhospital.com
13132,wellingtonregional.com
13133,michiganmedicine.org
13134,pmhnet.com
13135,davishealthsystem.org
13136,smcok.com
13137,selfregional.org
13138,crmchealth.org
13139,emersonhospital.org
13140,meritushealth.com
13141,fairviewregionalmedicalcenter.com
13142,haysmed.com
13143,fitzgibbon.org
13144,saukprairiehealthcare.org
13145,hollandhospital.org
13146,northfieldhospital.org
13147,eatonrapidsmedicalcenter.org
13148,riverviewhealth.org
13149,mtnviewhospital.com
13150,springvalleyhospital.com
13151,mercy.com
13152,murrayhospital.org
13153,lchdhealthcare.org
13154,jch.org
13155,unitymedcenter.com
13156,hcahoustonhealthcare.com
13157,waverlyhealthcenter.org
13158,weisermemorialhospital.org
13159,emanuelmedicalcenter.org
13160,mainegeneral.org
13161,sfmc.net
13162,nortonsoundhealth.org
13163,saintalphonsus.org
13164,evansmemorialhospital.org
13165,nrmchealth.com
13166,hamc.com
13167,ngcah.com
13168,mrhme.org
13169,dallascohospital.org
13170,smha.org
13171,safeguide.net
13172,helenkeller.com
13173,myswaincommunity.com
13174,lafayettegeneral.com
13175,wpahs.org
13176,southwesthealthcare.com
13177,saintcroixhealth.org
13178,northvalleyhealth.org
13179,queens.org
13180,loringhospital.org
13181,docshealth.com
13182,montefiorehealthsystem.org
13183,fwhuston.com
13184,hopedalemc.com
13185,permianregional.com
13186,havenfrisco.com
13187,hawardenregionalhealthcare.com
13188,hornmemorialhospital.org
13189,lanecountyhospital.com
13190,hoodmemorial.com
13191,pennstatehealth.org
13192,shelteringarms.com
13193,jeffersonhealth.org
13194,starrregional.com
13195,indianapolis-rehabhospital.com
13196,luriechildrens.org
13197,westspringshospital.org
13198,sphp.com
13199,gunnisonvalleyhealth.org
13200,sgmc.org
13201,summerlinhospital.com
13202,madeliahealth.org
13203,lakewoodhealthsystem.com
13204,marshallmedical.org
13205,myammc.org
13206,integris-health.com
13207,larkinbehavioral.com
13208,romehealth.org
13209,mhhcc.org
13210,hscbmoca.org
13211,nebraskamed.com
13212,tghnorth.org
13213,palestineregional.com
13214,smchospital.com
13215,jmc.org
13216,ncbhok.org
13217,dcstlukes.org
13218,uchealth.com
13219,nwhealthstarke.com
13220,merithealthriverregion.com
13221,hamiltoncenter.org
13222,jpshealthnet.org
13223,lancastergeneralhealth.org
13224,mchonline.org
13225,methodisthealthsystem.org
13226,cooperhealth.org
13227,simpson-rehab.com
13228,cpgh.org
13229,fishertitus.org
13230,sidneyrmc.com
13231,wahiawageneral.org
13232,stanthonycommunityhosp.org
13233,massgeneral.org
13234,etch.com
13235,sjhsyr.org
13236,shrinerschildrens.org
13237,hillsborohealth.org
13238,riverhospital.org
13239,mountainviewhospital.org
13240,saintfrancishosp.com
13241,marybridge.org
13242,hospitalupr.org
13243,salemhealth.org
13244,dshs.texas.gov
13245,pcmhfs.com
13246,onslow.org
13247,mhs.net
13248,grmc.org
13249,cornerstoneny.com
13250,westboroughbehavioral.com
13251,smchealth.org
13252,titusvillehospital.org
13253,powershealth.org
13254,dameronhospital.org
13255,rucares.org
13256,putnamgeneral.com
13257,heritagevalley.org
13258,iredelldavis.org
13259,tbh.org
13260,mmchs.org
13261,throckmortonhospital.com
13262,stvincent.health
13263,ridgeviewmedical.org
13264,nebh.org
13265,willamettevalleymedical.com
13266,pchospital.org
13267,regionalhealth.com
13268,meememorial.com
13269,lifebridgehealth.org
13270,gadsdenregional.com
13271,frioregionalhospital.com
13272,mizellmh.com
13273,vhchealth.org
13274,havenalbuquerque.com
13275,dimmitregionalhospital.com
13276,dignityhealthevrehab.com
13277,phelpsmemorial.com
13278,lapazhospital.org
13279,lahey.org
13280,tvhd.org
13281,valleyspringsbh.com
13282,trustpointhospital.com
13283,parkviewregional.com
13284,frederickhealth.org
13285,mayoclinichealthsystem.org
13286,sjvcenter.org
13287,hurleymc.com
13288,uabmedicine.org
13289,mymarinhealth.org
13290,lakegranburymedicalcenter.com
13291,reevesregional.com
13292,trinityhealth.org
13293,fortduncanmedicalcenter.com
13294,utoledo.edu
13295,dorminymedical.org
13296,nkch.org
13297,philiphealthservices.com
13298,wmchealth.org
13299,valleybaptist.net
13300,yourlourdes.com
13301,navos.org
13302,mymlc.com
13303,iberiamedicalcenter.com
13304,lauderdalehospital.org
13305,sgmh.org
13306,woodlandheights.net
13307,theneuromedicalcenter.com
13308,palomarhealthrehabinstitute.com
13309,nermc.com
13310,dosher.org
13311,cottagehospital.org
13312,hendrickshosp.org
13313,dignityhealth.org
13314,srhc.com
13315,ioshospital.com
13316,slhmarion.org
13317,umchealthsystem.com
13318,siskinrehab.org
13319,lutherandowntownhospital.com
13320,jacksonpurchase.com
13321,madisonparishhospital.com
13322,northeastrehab.com
13323,gbregional.com
13324,monhealth.com
13325,sanluisvalleyhealth.org
13326,havenofphoenix.com
13327,mynmchealth.org
13328,hahv.org
13329,copleyvt.org
13330,whittierhealth.com
13331,dodgecountyhospital.com
13332,rrmc.org
13333,shorepointhealthcharlotte.com
13334,trihealthrehab.com
13335,sih.net
13336,utmb.edu
13337,erlanger.org
13338,hcafloridahealthcare.com
13339,minershosp.com
13340,olmmed.org
13341,hunterdonhealth.org
13342,weismanchildrens.com
13343,matsuregional.com
13344,eshospital.org
13345,trhosp.org
13346,nationaljewish.org
13347,mercycare.org
13348,fauquierhealth.org
13349,crossingrivers.org
13350,ucsfbenioffchildrens.org
13351,sturdyhealth.org
13352,goodshepherdrehab.org
13353,tristarhealth.com
13354,limamemorial.org
13355,slidellmemorial.org
13356,promiseeastla.com
13357,mrhcok.com
13358,southlakehospital.com
13359,drewmemorial.org
13360,ntcohosp.com
13361,semel.ucla.edu
13362,neuropsychiatrichospitals.net
13363,wbrhely.org
13364,mvmedcenter.org
13365,lasencinashospital.com
13366,wkhs.com
13367,unm.edu
13368,matherhospital.org
13369,lifecare-health.com
13370,medstarhealth.org
13371,sanramonmedctr.com
13372,lakeregional.com
13373,flintriverhospital.com
13374,vistadelmarhospital.com
13375,nghs.com
13376,salinememorial.org
13377,norcen.org
13378,wchs-wy.org
13379,spartahospital.com
13380,sevenhillsbi.com
13381,lcmchealth.org
13382,pershinghospital.org
13383,healthpartners.com
13384,olympicmedical.org
13385,pchsgrant.com
13386,mwph.org
13387,pontiacgeneral.com
13388,sandiego.aurorabehavioral.com
13389,palomarhealth.org
13390,methodist-rehab.com
13391,northshore-rehab.com
13392,stmgb.org
13393,mountain.commonspirit.org
13394,decaturcountyhospital.org
13395,healthsouthdeaconess.com
13396,stanthonyhospital.org
13397,hendrickhealth.org
13398,matagordaregional.org
13399,stamfordhealth.org
13400,southerntnlawrenceburg.com
13401,dchosp.org
13402,mcleanhospital.org
13403,nmsh.ms.gov
13404,obhhospital.com
13405,neshobageneral.com
13406,harboroaks.com
13407,milwaukee-rehabhospital.com
13408,flowershospital.com
13409,mvhealth.org
13410,rchmtayr.org
13411,pmcak.org
13412,sralab.org
13413,pmhwv.org
13414,selectrehabilitationhospital.com
13415,nrmchospital.org
13416,hialeahhosp.com
13417,detar.com
13418,doylestownhealth.org
13419,cueroregionalhospital.org
13420,utsouthwestern.edu
13421,hancockhealth.org
13422,laredomedical.com
13423,valleypres.org
13424,sechosp.org
13425,montefioreslc.org
13426,genoamedical.org
13427,sidneyhealth.org
13428,parklandhealth.org
13429,hchin.org
13430,uwmedicine.org
13431,wth.org
13432,woosterhospital.org
13433,jchealthandlife.org
13434,hillsborohospital.com
13435,hcchospital.com
13436,fcmh.com
13437,rrh.org
13438,lmhospital.org
13439,healthsouthvineland.com
13440,mountcarmelhealth.com
13441,shreveport-rehabhospital.com
13442,porterhealth.com
13443,highpointhealthsystem.com
13444,medicalartshospital.org
13445,laketaylor.org
13446,henrymayo.com
13447,mymhp.org
13448,mmhok.net
13449,shoremedicalcenter.org
13450,providence.org
13451,wcch.com
13452,texasinstituteforsurgery.com
13453,masondistricthospital.org
13454,ihs.gov
13455,libertyregional.org
13456,telecarecorp.com
13457,winstonmedical.org
13458,mhchester.com
13459,smcnd.org
13460,cqch.org
13461,swisherhospital.com
13462,gchnm.org
13463,nationwidechildrens.org
13464,sanantoniobehavioral.com
13465,tcrh.org
13466,kingmanhc.com
13467,mangoldmemorial.org
13468,fhn.org
13469,rehabhospitalwi.com
13470,uvmhealth.org
13471,sonora-hospital.org
13472,lkmc.com
13473,swmedcenter.com
13474,crestwynbehavioral.com
13475,lorettohospital.org
13476,tanner.org
13477,umcelpaso.org
13478,jeffersoncountyhealthcenter.org
13479,highlandch.com
13480,pcmh-mo.org
13481,idahofallscommunityhospital.com
13482,ebch.org
13483,fcmc.us.com
13484,hospitalconcepcion.org
13485,mtgraham.org
13486,yrmc.org
13487,ynhh.org
13488,stlukesonline.org
13489,sentara.com
13490,saintjosephs.org
13491,texaschildrens.org
13492,hebrewseniorlife.org
13493,iredellhealth.org
13494,marshallcountyhospital.org
13495,griffinhealth.org
13496,springhillmedicalcenter.com
13497,healthsouthaustin.com
13498,sjph.org
13499,mercyone.org
13500,kdads.ks.gov
13501,prowersmedical.com
13502,texasrehabkeller.com
13503,lnrmc.com
13504,unchealthblueridge.org
13505,gvmh.org
13506,stelizabeth.com
13507,lutherankosciuskohospital.com
13508,ottumwaregionalhealth.com
13509,eehealth.org
13510,igh-hospital.com
13511,stonybrookmedicine.edu
13512,crmc.org
13513,gritman.org
13514,ych.us
13515,henrycountyhospital.org
13516,mountainsedgehospital.com
13517,nolandhealth.com
13518,pennmedicine.org
13519,presbypr.com
13520,merithealthrankin.com
13521,pchne.org
13522,stewartmemorial.org
13523,pikevillehospital.org
13524,metrohealth.org
13525,uchicagomedicineadventhealth.org
13526,johnstonhealth.org
13527,mhtlc.org
13528,wwhealth.org
13529,newberryhospital.org
13530,staffordcounty.org
13531,gbmc.org
13532,stlukes-stl.com
13533,sphosp.org
13534,sjgeneral.org
13535,sampsonrmc.org
13536,sdch.com
13537,jewellcohospital.org
13538,yorkgeneral.org
13539,froedtert.com
13540,touchette.org
13541,ohiohealth.com
13542,mvmc.org
13543,nashunchealthcare.org
13544,huntingtoncreekrecovery.com
13545,sabethahospital.com
13546,uniongen.com
13547,msrhc.org
13548,dignityhealthevrehabgilbert.com
13549,dalemedical.org
13550,hss.edu
13551,effinghamhealth.org
13552,southerntnpulaski.com
13553,drumrighthospital.com
13554,heywood.org
13555,smmh.hhsc.org
13556,waldeneatingdisorders.com
13557,unitypoint.org
13558,southwoodhospital.com
13559,willsmemorialhospital.com
13560,southcoastbehavioral.com
13561,selectspecialtyhospitals.com
13562,erlangerbh.com
13563,rehabhospitalofmontana.com
13564,deltaspecialtyhospital.com
13565,valleycountyhealthsystem.org
13566,fcmh.net
13567,mylrh.org
13568,morrowcountyhospital.com
13569,sweharris.org
13570,mchswecare.com
13571,sahpendleton.org
13572,saintfranciscare.com
13573,westlakemedical.com
13574,mayersmemorial.com
13575,uuhsc.utah.edu
13576,hcamidwest.com
13577,pa.gov
13578,grandlakehealth.org
13579,hrmc.us
13580,deaconess.com
13581,janetoddhospital.com
13582,dds.ca.gov
13583,ovsurgical.com
13584,theduponthospital.com
13585,manhattansurgical.com
13586,hcchospital.org
13587,shannonhealth.com
13588,hospitalforbehavioralmedicine.com
13589,margaretvillehosp.org
13590,losalamosmedicalcenter.com
13591,doctorsmanteca.com
13592,mercyonenorthiowaaffiliates.org
13593,novanthealth.org
13594,nch.org
13595,eldoradospringsbh.com
13596,gaylord.org
13597,hbch.org
13598,sovahhealth.com
13599,dshs.state.tx.us
13600,pah.org
13601,tennovanorthknoxville.com
13602,methodisthealth.org
13603,redfieldcmh.org
13604,daykimball.org
13605,wake.gov
13606,swgeneral.com
13607,eastlandmemorial.com
13608,corrections.nebraska.gov
13609,smsh.ms.gov
13610,csh.dbhds.virginia.gov
13611,sjmed.com
13612,hhc.org
13613,highpointregional.com
13614,weisshospital.com
13615,personhospital.com
13616,maryrutan.org
13617,valleychildrens.org
13618,nbhh.com
13619,nyuhs.org
13620,valleyhospital.net
13621,hamptonregional.org
13622,maniilaq.org
13623,northside.com
13624,lifeways.org
13625,sistersvillehospital.com
13626,kansashealthsystem.com
13627,cranememorial.org
13628,pcmhosp.com
13629,lawrencemedicalcenter.com
13630,mgmc.org
13631,covingtonbh.com
13632,sutterhealth.org
13633,memorialhospitaloflafayettecounty.org
13634,wrhs.com
13635,ghcares.org
13636,pmhmedicalcenter.com
13637,nemours.org
13638,mmclc.org
13639,mymosh.com
13640,washingtoncountyhospital.net
13641,ozarkshealthcare.com
13642,dmh.org
13643,greenvilleshrinershospital.org
13644,renobehavioral.com
13645,ucsfhealth.org
13646,mass.gov
13647,fcmcpa.org
13648,kessler-rehab.com
13649,tomahhealth.org
13650,ppgh.com
13651,fdlco.wi.gov
13652,ochealthsystem.org
13653,hutchregional.com
13654,hrrmc.com
13655,huntingtonbeachtattooshop.com
13656,mercy.net
13657,rollinghillshospital.com
13658,uwhealth.org
13659,njrehab.org
13660,union.health
13661,snhhealth.org
13662,parkview.com
13663,oceanbeachhospital.com
13664,riverwoodsbehavioral.com
13665,rimrehab.org
13666,ecommunity.com
13667,phillipshospital.org
13668,universityhealth.com
13669,southcountyhealth.org
13670,huntsvillememorial.com
13671,strategicbh.com
13672,piedmont.org
13673,rushmemorial.com
13674,dmc.org
13675,kvhd.org
13676,ferrellhospital.org
13677,portneuf.org
13678,houstonphysicianshospital.com
13679,patientshospital.com
13680,jeffdavishospital.org
13681,somersethospital.com
13682,rwhs.org
13683,osfhealth.com
13684,pardeehospital.org
13685,sbamh.com
13686,obhgno.info
13687,grmedcenter.com
13688,nyc.gov
13689,sheridanhospital.org
13690,creekhealth.org
13691,hadh.org
13692,interfaithmedical.com
13693,iowaspecialtyhospital.com
13694,regencyhospital.com
13695,lasallegeneralhospital.com
13696,thibodaux.com
13697,rooseveltrecovery.com
13698,mlhealth.org
13699,coqui.net
13700,kellwest.com
13701,pchonline.org
13702,spartanburgregional.com
13703,kch.org
13704,rhirehab.com
13705,glensfallshospital.org
13706,trihealth.com
13707,enmmc.com
13708,ochsnerlsuhs.org
13709,madonna.org
13710,pioneershospital.org
13711,numc.edu
13712,saintlukeskc.org
13713,nih.org
13714,irwincntyhospital.com
13715,mackinacstraitshealth.org
13716,umms.org
13717,riovistabehavioral.com
13718,kuakini.org
13719,longleafhospital.com
13720,marionhealth.com
13721,waynecountyhospital.org
13722,houstonmethodist.org
13723,firelands.com
13724,healthsouthlakeview.com
13725,springbrookhospital.org
13726,wmh.org
13727,mclaren.org
13728,nmhs.net
13729,websterhospital.org
13730,rehabhospitalri.com
13731,redlandshospital.org
13732,gshvin.org
13733,marshallbrowninghospital.com
13734,hospitalespr.org
13735,ummhealth.org
13736,jaspermemorialhospital.org
13737,franciscanhealth.org
13738,danielsmemorialhealthcare.org
13739,pmh.com
13740,rexhealth.com
13741,lompocvmc.com
13742,regionsbh.com
13743,odessaregional.com
13744,tulsaspinehospital.com
13745,hcmc-tn.org
13746,havenphiladelphia.com
13747,inspirahealthnetwork.org
13748,uhhospitals.org
13749,uclahealth.org
13750,richlandhospital.com
13751,orlandohealth.com
13752,garfieldcountyhospital.com
13753,montagehealth.org
13754,trinityhealthmichigan.org
13755,tgh.org
13756,trivalleyhealth.com
13757,missouridelta.com
13758,uncrockingham.org
13759,nec.org
13760,veteransmemorialhospital.com
13761,stanleyhealth.org
13762,kingsdaughtershealth.com
13763,gshealth.org
13764,fultoncountyhospital.org
13765,mmhealth.org
13766,sch-culvercity.com
13767,dukehealth.org
13768,hazelhawkins.com
13769,hemetglobalmedcenter.com
13770,parklandhealthcenter.org
13771,seattlechildrens.org
13772,marylanning.org
13773,perimeterhealthcare.com
13774,lakewoodranchmedicalcenter.com
13775,sweetwatermemorial.com
13776,crmc.health
13777,winnerregional.org
13778,meadowviewregional.com
13779,pagosaspringsmedicalcenter.org
13780,mcmh.org
13781,wth.net
13782,gwch.org
13783,hendersoncchospital.com
13784,stbernards.info
13785,utmedicalcenter.org
13786,missouribaptistsullivan.org
13787,mhtcguymon.org
13788,hennepinhealthcare.org
13789,keokukhealth.com
13790,southwesthealth.org
13791,lakeviewbehavioralhealth.com
13792,upmc.com
13793,monroehospital.org
13794,witham.org
13795,swhtemeculavalley.com
13796,southshorehealth.org
13797,kaweahhealth.org
13798,masonhealth.com
13799,srmcfl.com
13800,myflfamilies.com
13801,ecmc.edu
13802,mcmccares.com
13803,montrosebehavioral.com
13804,downstate.edu
13805,moffitt.org
13806,memorial.org
13807,shamrockhospital.com
13808,kidspeace.org
13809,newmanrh.org
13810,forresthealth.org
13811,portstluciehospitalinc.com
13812,stmarysregional.com
13813,vantagepointnwa.com
13814,mauihealth.org
13815,kedren.org
13816,hammondhenry.com
13817,ridgeviewinstitute.com
13818,montefiorenyack.org
13819,sjrmc.org
13820,sahealth.com
13821,sanjosebh.com
13822,jupitermed.com
13823,healthsouthkentucky.com
13824,rpmh.net
13825,scsh.com
13826,schneckmed.org
13827,gracehospital.org
13828,livingstonhealthcare.org
13829,dchs.org
13830,millerchildrens.memorialcare.org
13831,yoakumhospital.org
13832,healthsouthcoloradosprings.com
13833,mwmc.com
13834,georgetowncommunityhospital.com
13835,wiseregional.com
13836,covenanthealthcare.com
13837,palmbeachhealthnetwork.com
13838,texasrehabarlington.com
13839,redeemerhealth.org
13840,ksbhospital.com
13841,soch.com
13842,maryfreebed.com
13843,thewilloughatnaples.com
13844,sf.gov
13845,cvhospital.org
13846,lsbc.net
13847,stvincenthospital.com
13848,westchesterhospital.com
13849,dukesmemorialhosp.com
13850,mrhcia.com
13851,seviercountymedical.com
13852,infirmaryhealth.org
13853,desertspringshospital.com
13854,sjahs.org
13855,greenwichhospital.org
13856,georgetownbehavioral.com
13857,rivercresthospital.com
13858,vfmc.net
13859,jchd.org
13860,vmh.org
13861,edgertonhospital.com
13862,myccmc.org
13863,sonomavalleyhospital.org
13864,skagitregionalhealth.org
13865,firsthealth.org
13866,ochsnerrush.org
13867,hoag.org
13868,sarh.org
13869,mercyh.org
13870,princetonhcs.org
13871,promedica.org
13872,sfsurgical.com
13873,thechristhospital.com
13874,saintpetershcs.com
13875,girardmedicalcenter.com
13876,emsh.ms.gov
13877,ecrmc.org
13878,jchealthcare.com
13879,wyandotmemorial.org
13880,grahamhealthsystem.org
13881,milfordregional.org
13882,salinasurgical.com
13883,sthelenahospital.org
13884,merithealthwomanshospital.com
13885,piedmontmedicalcenter.com
13886,mhealthfairview.org
13887,hbmc.org
13888,huronregional.org
13889,landmarkhospitals.com
13890,mercybh.com
13891,frhssd.org
13892,emergencyhospitals.care
13893,mhsystem.org
13894,crittenden-health.org
13895,memorialcare.org
13896,valleyhealthlink.com
13897,peacehealth.org
13898,myrtuemedical.org
13899,huntregional.org
13900,sscbr.com
13901,eskenazihealth.edu
13902,massalud.com
13903,kaleidahealth.org
13904,ouachitamedcenter.com
13905,troymedicalcenter.com
13906,grahamrmc.com
13907,loyolamedicine.org
13908,mcleodhealth.org
13909,honokaahospital.org
13910,labettehealth.com
13911,trigghospital.org
13912,hannibalregional.org
13913,tiogahealth.org
13914,planview.com
13915,stillwater-medical.org
13916,lcmcwmh.com
13917,thecarpenterhealthnetwork.com
13918,nwhealthlaporte.com
13919,countyofsb.org
13920,stritas.org
13921,mchcares.com
13922,doctorsmemorial.com
13923,tamarackhealth.org
13924,smrmc.com
13925,mountainstar.com
13926,foxchase.org
13927,ottawacountyhealthcenter.com
13928,floyd.org
13929,nlh.org
13930,douglascounty-ne.gov
13931,dlmed.org
13932,lowerumpquahospital.org
13933,deltahealthsystem.org
13934,shepherd.org
13935,sebastianalbrecht.com
13936,gmha.org
13937,hdh.org
13938,in.gov
13939,stonecrestcenter.com
13940,slhduluth.com
13941,lutheranhospital.com
13942,nwths.com
13943,mrcohosp.com
13944,genesishcs.org
13945,dech.org
13946,cvmc.org
13947,sbhny.org
13948,vailhealth.org
13949,morrishospital.org
13950,uhnj.org
13951,weirtonmedical.com
13952,waukeshacounty.gov
13953,ohiohospitalforpsychiatry.com
13954,kchd.org
13955,obhbr.info
13956,rustonregional.com
13957,missouribaptist.org
13958,kanokladesign.studio
13959,waterburyhospital.org
13960,mskcc.org
13961,legenthealth.com
13962,crouse.org
13963,westsuburbanmc.com
13964,northshore.org
13965,reaganhealth.com
13966,dcmh.net
13967,roosmem.org
13968,coxhealth.com
13969,muhealth.org
13970,hcnj.us
13971,fallonmedical.org
13972,gradyhealth.org
13973,redriverhospital.com
13974,gvh.org
13975,deltamem.org
13976,mrhc.org
13977,mycmh.org
13978,methodistonline.org
13979,honorhealth.com
13980,nahealth.com
13981,regmedctr.org
13982,uhd.org
13983,steelemh.org
13984,tn.gov
13985,nacmedicalcenter.com
13986,manatimedical.com
13987,medctrbarbour.org
13988,yorkhospital.com
13989,kauhospital.org
13990,dchsystem.com
13991,skylakes.org
13992,russellcohospital.org
13993,froedtertsouth.com
13994,southtexashealthsystemedinburg.com
13995,cooleydickinson.org
13996,wayneunc.org
13997,homeboundbrewhaus.com
13998,hfmhealth.org
13999,rmlspecialtyhospital.org
14000,womenandinfants.org
14001,hackensackmeridianhealth.org
14002,samaritanhospital.net
14003,mcphersoncenterforhealth.org
14004,rmhmt.org
14005,vvrmc.org
14006,genesisbh.com
14007,gillettechildrens.org
14008,southcoast.org
14009,harbor-ucla.org
14010,wellstar.org
14011,ndhc.net
14012,waynehealthcare.org
14013,eladoctorshospital.com
14014,spencerhospital.org
14015,ocmh.org
14016,stlukesbehavioralhealth.org
14017,pemiscot.org
14018,huntsvillehospital.org
14019,hospitalpanamericano.com
14020,denverhealth.org
14021,smokeypointbehavioralhospital.com
14022,patrickbharris.com
14023,rvbh.com
14024,essentiahealth.org
14025,gphealth.org
14026,honorhealth-rehab.com
14027,sphealth.org
14028,spectrumhealth.org
14029,flhealth.org
14030,fryemedctr.com
14031,swhcoronaregional.com
14032,merithealthnatchez.com
14033,spectrumhealthlakeland.org
14034,kh.org
14035,virtua.org
14036,wakemed.org
14037,pcghospital.com
14038,gundersenhealth.org
14039,sarahbush.org
14040,doctorshosplaredo.com
14041,valleyhealth.com
14042,jrmc.com
14043,healthiertucson.com
14044,ebaptisthealthcare.org
14045,gwhealthcare.org
14046,fmchealth.org
14047,mainlinehealth.org
14048,cottagehealth.org
14049,northwesthealth.com
14050,strosehospital.org
14051,kearnycountyhospital.com
14052,uofmhealthsparrow.org
14053,wellfound.org
14054,oklahomacity-rehab.com
14055,stanfordchildrens.org
14056,wcch.org
14057,phhealthcare.org
14058,exeterhospital.com
14059,okheart.com
14060,dallasbehavioral.com
14061,raleighgeneral.com
14062,selectmedicalcorp.com
14063,titusregional.com
14064,stlouischildrens.org
14065,southnassau.org
14066,mayoclinic.org
14067,foundationhealth.org
14068,wilsonhealth.org
14069,westerlyhospital.org
14070,mh-m.org
14071,umcsn.com
14072,sagewesthealthcare.com
14073,kennedykrieger.org
14074,lakecumberlandhospital.com
14075,mariaparham.com
14076,ivinsonhospital.org
14077,stjosephshighland.com
14078,tidelandshealth.org
14079,wakehealth.edu
14080,kirbyhealth.org
14081,firstcarehc.com
14082,elcaminohealth.org
14083,opelousasgeneral.com
14084,porterstarke.org
14085,omhc.org
14086,tmcaz.com
14087,merithealthwesley.com
14088,enloe.org
14089,dmhcares.com
14090,ucihealth.org
14091,trioshealth.org
14092,progresswest.org
14093,mauryregional.com
14094,vcuhealth.org
14095,roswellpark.org
14096,regionalonehealth.org
14097,southtexassurgicalhospital.com
14098,danvilleregional.com
14099,whmc.org
14100,hugginshospital.org
14101,wmrmc.com
14102,desertcarenetwork.com
14103,weliahealth.org
14104,woodcountywi.gov
14105,wellspan.org
14106,tulsa-rehabhospital.com
14107,ecuhealth.org
14108,nfch.org
14109,mercyhealthlovecounty.com
14110,swhpalmdaleregional.com
14111,dewitthealth.org
14112,leehealth.org
14113,kdmc.org
14114,wheatlandmemorial.org
14115,fmolhs.org
14116,unitymedicalmanchester.com
14117,mainehealth.org
14118,somc.org
14119,crozerhealth.org
14120,dhr-rgv.com
14121,nchospital.org
14122,tjsamson.org
14123,gatewayshospital.org
14124,uchealth.org
14125,healthsourcesaginaw.org
14126,nychealthandhospitals.org
14127,mwsurgicalhospital.com
14128,unity-health.org
14129,rumcsi.org
14130,crestwoodmedcenter.com
14131,oneidahealth.org
14132,pellahealth.org
14133,genesishealth.com
14134,mchodessa.com
14135,kvhealth.net
14136,lajhealth.org
14137,sanjuanregional.com
14138,greenleafhospital.com
14139,myrgh.org
14140,steward.org
14141,warmc.com
14142,unclenoir.org
14143,tricitymed.org
14144,resolutehealth.com
14145,mountainviewregional.com
14146,pocahontashospital.org
14147,holycrosshealth.org
14148,dwmmh.org
14149,hhsc.org
14150,salinasvalleyhealth.com
14151,willowcresthospital.com
14152,mobridgehospital.org
14153,lmhealth.org
14154,ellettmemorial.com
14155,scmhks.org
14156,meekermemorial.org
14157,fairview.org
14158,wcchs.net
14159,methodisthospitalforsurgery.com
14160,hillsdalehospital.com
14161,thehospitalsofprovidence.com
14162,dana-farber.org
14163,mountsinai.org
14164,mdihospital.org
14165,wilsonmedical.org
14166,decaturhealthsystems.org
14167,greatriverhealth.org
14168,huntingtonhealth.org
14169,mycaldwellmemorial.com
14170,springheights.care
14171,dhhs.nh.gov
14172,shoshonehealth.com
14173,tghealthsystem.com
14174,upstate.edu
14175,southshorehospital.com
14176,kindredhospitals.com
14177,dcfs.louisiana.gov
14178,hardtnermedical.com
14179,nvhospital.org
14180,dakotaregional.com
14181,fdc.myflorida.com
14182,mymichigan.org
14183,mdh.org
14184,hawaiipacifichealth.org
14185,magruderhospital.com
14186,ncspecialty.com
14187,phs.org
14188,tclmh.org
14189,stgabriels.com
14190,wchnh.org
14191,ozarkhealthinc.com
14192,randolphhealth.org
14193,sanjorgechildrenshospital.com
14194,dallascountymedicalcenter.com
14195,tennova.com
14196,dileyridgemedicalcenter.com
14197,doc.sc.gov
14198,hoagorthopedicinstitute.com
14199,munsonhealthcare.org
14200,overlakehospital.org
14201,mhcs.us
14202,mortonplant.com
14203,russellhospital.org
14204,eastalabamahealth.org
14205,mystfrancis.com
14206,duncanregional.com
14207,holyname.org
14208,fairfieldmemorial.org
14209,cuyunamed.org
14210,myarborhealth.org
14211,mercyhospitalvalleycity.org
14212,curryhealthnetwork.com
14213,losgh.org
14214,zuckerbergsanfranciscogeneral.org
14215,nm.org
14216,msmh.org
14217,st-marys.org
14218,mchalbia.com
14219,dhs.state.il.us
14220,texashealthhuguley.org
14221,stringfellowmemorial.com
14222,silveroaksbehavioralhospital.com
14223,hopkinsmedicine.org
14224,rehabhospital.org
14225,rochesterregional.org
14226,washingtoncountyhospital.org
14227,uplandhillshealth.org
14228,wnhcares.org
14229,outerbankshealth.org
14230,grh.org
14231,desotoregional.com
14232,memorialcommunityhealth.org
14233,windbercare.org
14234,westgablesrehabhospital.com
14235,dshs.wa.gov
14236,vandiestmc.org
14237,prhc.us
14238,sanfordhealth.org
14239,mtascutneyhospital.org
14240,jackson.org
14241,polarahealth.com
14242,hickorytrail.com
14243,methodistfamily.org
14244,rhs.care
14245,owensborohealth.org
14246,okeenehospital.com
14247,hollywoodpresbyterian.com
14248,trhealth.com
14249,meadowwoodhospital.com
14250,marinahospital.com
14251,kansas.surgery
14252,lincolnhospital.org
14253,nygsh.org
14254,jcmh.com
14255,mdanderson.org
14256,sheridanhospital.com
14257,myharrisregional.com
14258,greenvilleregionalhospital.com
14259,wiregrassmedicalcenter.org
14260,pinerest.org
14261,karmanos.org
14262,hshs.org
14263,svmhi.dbhds.virginia.gov
14264,midlandhealth.org
14265,northbay.org
14266,stfrancis-shakopee.com
14267,theorthohospital.com
14268,physiciansregional.com
14269,nj.gov
14270,kcchsd.org
14271,rchsd.org
14272,riversidehealthcare.org
14273,unityphysicianshospital.com
14274,wellstonehospital.com
14275,healthsouthseapines.com
14276,rockcastleregional.org
14277,hvch.org
14278,ssmhealth.com
14279,pchd.net
14280,walthallchamber.com
14281,lexmed.com
14282,hcdpbc.org
14283,orthoindy.com
14284,gilmorehealth.com
14285,goodsamhospital.com
14286,sandiegocounty.gov
14287,rchc.us
14288,ennisregional.com
14289,samedaysurgerycenter.org
14290,midwestmedicalcenter.org
14291,heartoftexashealthcare.org
14292,guttenberghospital.org
14293,millercountyhospital.com
14294,nmrmc.com
14295,hospice.com
14296,voans.org
14297,mcrhc.com
14298,onvidahealth.org
14299,nuvancehealth.org
14300,humboldthospital.org
14301,hegghc.org
14302,yumahospital.org
14303,marshfieldclinic.org
14304,wchc.org
14305,mcmedical.org
14306,cubamemorialhospital.com
14307,perhamhealth.org
14308,nnrhospital.com
14309,universityhealthkc.org
14310,saintfrancis.com
14311,nyee.edu
14312,paviahealth.com
14313,psh-rehab.com
14314,rochellehospital.com
14315,madison-health.com
14316,mchks.com
14317,hardinmedicalcenter.org
14318,yourhometownhospital.org
14319,forkshospital.org
14320,pioneerspecialtyhospital.com
14321,llhospital.com
14322,samc.com
14323,greaterregional.org
14324,smh.com
14325,ohiohealth-rehab.com
14326,uhcc.com
14327,sharonregionalmedical.org
14328,thompsonhealth.com
14329,gothenburghealth.org
14330,cprmc.com
14331,valleyviewmedicalcenter.net
14332,harrishealth.org
14333,msh.ms.gov
14334,myhch.org
14335,nacmem.org
14336,uvahealthsouth.com
14337,dartmouth-hitchcock.org
14338,sharp.com
14339,prohealthcare.org
14340,theblackberrycenter.com
14341,tuftsmedicine.org
14342,halifaxregional.org
14343,cypresscreekhospital.com
14344,gradymem.org
14345,johnmuirhealth.com
14346,emanatehealth.org
14347,good-samaritan-hospital.org
14348,evergreenhealth.com
14349,uscarcadiahospital.org
14350,och.org
14351,keckmedicine.org
14352,eurekaspringshospital.com
14353,womans.org
14354,ech.org
14355,grapehospital.com
14356,texasrehabhospital.com
14357,navarrohospital.com
14358,yalobushageneral.com
14359,svhnm.org
14360,pomerenehospital.org
14361,miamijewishhealth.org
14362,holy-cross.com
14363,lakeareamc.com
14364,lcmh.com
14365,meridianhs.org
14366,hchcares.org
14367,healthsouthbakersfield.com
14368,mercyhealthsystem.org
14369,prairielakes.com
14370,medinahospital.net
14371,southerntnwinchester.com
14372,ykhc.org
14373,imhcc.com
14374,jacksonhosp.com
14375,northokaloosa.com
14376,kdhks.com
14377,vanderbilthealth.com
14378,houstonbehavioralhealth.com
14379,slhn.org
14380,willseye.org
14381,rmch.org
14382,harmonmemorial.com
14383,wfph.org
14384,lsuhospitals.org
14385,mlkch.org
14386,pbmchealth.org
14387,uchicagomedicine.org
14388,ridgeview.com
14389,namccares.com
14390,parrishhealthcare.com
14391,oasishospital.com
14392,stlukeshealth.org
14393,northwesternmedicalcenter.org
14394,mountainlakesmedicalcenter.com
14395,health.state.mn.us
14396,scotthospital.net
14397,optionsbehavioralhealthsystem.com
14398,ochiltreehospital.com
14399,lcmhosp.org
14400,huhealthcare.com
14401,saintmarysregional.com
14402,paloverdehospital.org
14403,texashealth.org
14404,healthsouthsarasota.com
14405,parkroyalhospital.com
14406,jeffhospital.com
14407,scotlandhealth.org
14408,jrmc.org
14409,nwh.org
14410,torrancememorial.org
14411,jcf-hospital.com
14412,merithealthriveroaks.com
14413,willapaharborhospital.com
14414,monroesurgical.com
14415,desertparkway.com
14416,wellbridgefortworth.com
14417,fredhutch.org
14418,salemregional.com
14419,roselandhospital.org
14420,lchcia.com
14421,whhs.com
14422,seasidehc.com
14423,independence.health
14424,emoryhealthcare.org
14425,sinaichicago.org
14426,hghospital.org
14427,wardmemorial.com
14428,pchosp.org
14429,massachealth.org
14430,trinitymed.com
14431,jacksonparkhospital.org
14432,lcgh.net
14433,stjude.org
14434,gcmchealth.com
14435,samaritanhealthcare.com
14436,mchsys.org
14437,ocbumperandbody.com
14438,hcavirginia.com
14439,rmchospital.com
14440,lakebehavioralhospital.com
14441,ksspine.com
14442,morrillcountyhospital.com
14443,scheurer.org
14444,wregional.com
14445,rush.edu
14446,kentri.org
14447,marywashingtonhealthcare.com
14448,fmc-cares.com
14449,olathehealth.org
14450,moberlyregionalmedicalcenter.com
14451,rmcca.com
14452,namcshoals.com
14453,coralgableshospital.com
14454,merithealthmadison.com
14455,gcrmc.org
14456,dchbenkelman.com
14457,southlincolnmedical.com
14458,mysmh.org
14459,urmc.rochester.edu
14460,stjohns.health
14461,premierhealth.com
14462,cottonwoodcreekboise.com
14463,memorialhospitalgardena.com
14464,trinityhealthofne.org
14465,mammothhospital.com
14466,ncdhhs.gov
14467,evanhospital.com
14468,trinityhealthma.org
14469,rsfh.com
14470,osfhealthcare.org
14471,nchsi.com
14472,trinitytwincity.org
14473,valleybehavioral.com
14474,guthrie.org
14475,loganregionalmedicalcenter.com
14476,havasuregional.com
14477,henryford.com
14478,oklahomasurgicalhospital.com
14479,unchealthsoutheastern.org
14480,masonicare.org
14481,dignityhealthrehab.com
14482,stclair.org
14483,northtampabehavioralhealth.com
14484,geisinger.org
14485,starcarelubbock.org
14486,sheppardpratt.org
14487,nnmc.com
14488,elliothospital.org
14489,portermedical.org
14490,scmcinc.org
14491,michigan.gov
14492,kvhealthcare.org
14493,tcmh.org
14494,covenanthealth.com
14495,orovillehospital.com
14496,cookhospital.org
14497,forthealthcare.com
14498,kcoi.com
14499,narmc.com
14500,ucvh.org
14501,seilingmunicipalhospital.org
14502,inova.org
14503,rphospital.org
14504,wphospital.org
14505,st-claire.org
14506,hendricks.org
14507,dcmedical.org
14508,longviewregional.com
14509,crh.org
14510,johnsonmemorial.org
14511,westholtmed.org
14512,threegablessurgery.com
14513,sierratucson.com
14514,sblfch.org
14515,northshorehealthgm.org
14516,medicalcityhealthcare.com
14517,sistemamenonita.com
14518,pbrmc.com
14519,saintthomasbehavioral.com
14520,syringahospital.org
14521,kvc.org
14522,newlondonhospital.org
14523,mcmh.us
14524,southwoodshealth.com
14525,oregon.gov
14526,lrhc.org
14527,uchs.org
14528,gmc.org
14529,lanermc.org
14530,pvhmc.org
14531,starrcountyhospital.com
14532,johnsoncounty-rehab.com
14533,rangelyhospital.com
14534,legacyhealth.org
14535,ncdps.gov
14536,lakelandbehavioralhealth.com
14537,wesleymc.com
14538,grandviewhealth.com
14539,tmh.org
14540,springwoodsbehavioral.com
14541,wmhs.com
14542,sttammany.health
14543,vaughanregional.com
14544,nemhs.net
14545,scripps.org
14546,merithealthbiloxi.com
14547,healthonecares.com
14548,sheridanmemorial.net
14549,weemsmemorial.com
14550,jefferson.edu
14551,echn.org
14552,evergreenmedical.org
14553,fmdh.org
14554,smdh.net
14555,fbmcdallas.com
14556,gbhoh.com
14557,nationalparkmedical.com
14558,stlawrencehealthsystem.org
14559,petersonhealth.com
14560,pvhc.org
14561,dmc-modesto.com
14562,tfhd.com
14563,melham.org
14564,hillregionalhospital.com
14565,watertownregional.com
14566,thorek.org
14567,stormontvail.org
14568,mylivingstonhospital.com
14569,mckenziehealth.org
14570,milebluff.com
14571,midjeffextendedcare.com
14572,normanregional.com
14573,goodsamhosp.org
14574,kernmedical.com
14575,harshacenter.com
14576,missionhealth.org
14577,decaturgeneral.org
14578,sjchs.org
14579,reidhealth.org
14580,easterniowarehabhospital.com
14581,fourwindshospital.com
14582,southsunflower.com
14583,wgh.org
14584,harringtonhospital.org
14585,merithealthcentral.com
14586,vmfh.org
14587,saratogahospital.org
14588,sanlucaspr.com
14589,okmh.org
14590,renown.org
14591,gibsonhospital.org
14592,surgeryspecialty.com
14593,sbcraleigh.com
14594,oswegohealth.org
14595,natividad.com
14596,madisonhealth.com
14597,valleymed.org
14598,riverplacebh.com
14599,ewmed.com
14600,holzer.org
14601,pdh.org
14602,endlesscare.org
14603,grantregional.com
14604,vvh.org
14605,frhs.org
14606,emanuelmedical.org
14607,riversideonline.com
14608,stjohnshealth.org
14609,morrowcountyhealthdistrict.org
14610,englewoodhealth.org
14611,manateememorial.com
14612,mghospital.com
14613,havenreading.com
14614,maine.gov
14615,usahealthsystem.com
14616,health.wvu.edu
14617,fhmc-mi.com
14618,othellocommunityhospital.org
14619,va.gov
14620,mhhs.healthcare
14621,storymedical.org
14622,wichitacountyhealthcenter.com
14623,hudsonregionalhospital.com
14624,lhhs.org
14625,medstarfranklin.org
14626,refugiohospital.com
14627,siouxcenterhealth.org
14628,nd.gov
14629,msmc.com
14630,logansportmemorial.org
14631,wabashgeneral.com
14632,swhealth.org
14633,crmcinc.org
14634,gwhospital.com
14635,swedish.org
14636,ouhealth.com
14637,winonahealth.org
14638,phgbatesville.com
14639,garnethealth.org
14640,mcehospital.com
14641,pacificgrovehospital.com
14642,988va.org
14643,acadianarehabilitation.com
14644,acadianmedicalcenter.com
14645,acrmc.com
14646,acutecarehs.com
14647,acuterehabplano.com
14648,adamshospital.org
14649,adcare.com
14650,advancedspecialtyhospitals.com
14651,ahmgt.com
14652,ahnneighborhood.org
14653,ajh.org
14654,alleghanyhealth.org
14655,alliancehealthcenter.com
14656,alomerehealth.com
14657,altapointe.org
14658,altavistaregionalhospital.com
14659,amberwellhealth.org
14660,amgihm.com
14661,anadarkohospital.com
14662,anchorhospital.com
14663,andersonhealthcare.org
14664,andersonhospital.org
14665,anmc.org
14666,anmed.org
14667,ansongeneralhospital.com
14668,apalacheecenter.org
14669,apibhs.com
14670,appletonareahealth.com
14671,apprhs.org
14672,arbourhealth.com
14673,arbourhospital.com
14674,arbucklehospital.com
14675,arcticslope.org
14676,arksurgicalhospital.com
14677,arrowheadbehavioral.com
14678,artesiageneral.com
14679,ascensionwisconsinhospital.org
14680,aspengrovehospital.com
14681,aspenmountainmc.com
14682,aspirehealthpartners.com
14683,aspirerhs.org
14684,asterahealth.org
14685,atriumhealth.org
14686,aultman.org
14687,aultmanalliance.org
14688,austinoakshospital.com
14689,avhnh.org
14690,avitahealth.org
14691,azspineandjoint.com
14692,backushospital.org
14693,baileymedicalcenter.com
14694,ballardrehab.com
14695,bamc.tricare.mil
14696,baptisthealth.net
14697,baptistneighborhoodhospital.com
14698,barstowhospital.com
14699,bassett-wainwright.tricare.mil
14700,bathhospital.org
14701,batonrouge.kpcph.com
14702,batonrougebehavioral.com
14703,bayareahospital.org
14704,baycare.org
14705,baylorfrisco.com
14706,baylorsherman.com
14707,baylortrophyclub.com
14708,bayloruptown.com
14709,bayne-jones.tricare.mil
14710,bbahc.org
14711,bchcares.org
14712,bchealth.org
14713,bcmh.org
14714,bcmhospital.com
14715,beachammemorial.org
14716,beatricecommunityhospital.com
14717,beaufort.tricare.mil
14718,beaumonteh.com
14719,beavercountyhospitalauthority.com
14720,beckettsprings.com
14721,belajarcerita.com
14722,bellin.org
14723,belmontpines.com
14724,belvoirhospital.tricare.mil
14725,bennettcountyhospital.com
14726,berwickhospitalcenter.com
14727,bestcare.org
14728,beverlyhospital.org
14729,bewellctr.org
14730,bhbhospital.com
14731,bhddh.ri.gov
14732,bhsh.com
14733,bidneedham.org
14734,bidplymouth.org
14735,bienvillemedicalcenter.net
14736,bigbendhealthcare.com
14737,bigsouthforkmc.com
14738,binghammemorial.org
14739,blanchfield.tricare.mil
14740,blmhospital.com
14741,bloomingtonmeadows.com
14742,blountmemorial.org
14743,bluemountainhospital.org
14744,bonnergeneral.org
14745,boone.health
14746,boonecohealth.org
14747,bowdlehc.com
14748,bradfordhealth.com
14749,breckinridgehealth.org
14750,bremerton.tricare.mil
14751,brentwoodbehavioral.com
14752,brentwoodsprings.com
14753,brookeglenhospital.com
14754,brookshospital.org
14755,brooksrehab.org
14756,browncountyhospital.org
14757,brynnmarr.org
14758,bsahs.org
14759,bshfw.com
14760,bsmc.org
14761,bsweh.org
14762,bucktailmedicalcenter.org
14763,burkehealth.com
14764,business.explorebrainerdlakes.com
14765,byrdregional.com
14766,cadean.org
14767,camp-lejeune.tricare.mil
14768,camp-pendleton.tricare.mil
14769,cancer.osu.edu
14770,canyoncreekbh.com
14771,canyonridgehospital.com
14772,carepointhealth.org
14773,carewellhealth.org
14774,caribbeanmedicalcenter.com
14775,cariboumc.org
14776,carle.org
14777,carnegiehospital.org
14778,carolinadunesbh.com
14779,caromonthealth.org
14780,carrolltonsprings.com
14781,cascademedical.org
14782,castrocountyhospital.com
14783,catalinaislandhealth.org
14784,cayugahealth.org
14785,cbuscoffee.com
14786,cchd-wa.org
14787,ccmedicalcenter.com
14788,ccmhia.com
14789,ccmhospital.com
14790,ccmsd.org
14791,cedarcreekhospital.com
14792,cedarhillshospital.com
14793,cedarridgebhs.com
14794,cedarspringsbhs.com
14795,centennialpeaks.com
14796,centerstone.org
14797,centinelamed.com
14798,centraldesertbh.com
14799,centralflorida.ufhealth.org
14800,centralfloridabehavioral.com
14801,centralvalleyspecialty.com
14802,chambershealth.org
14803,chambershospital.com
14804,charlottehungerford.org
14805,cherokeehospital.org
14806,cherokeermc.org
14807,chesapeakeregional.com
14808,chicotmemorial.com
14809,chilakewoodhealth.com
14810,childrenswi.org
14811,chinesehospital-sf.org
14812,choc.org
14813,choctawmemorial.com
14814,choosenorthern.org
14815,christianacare.org
14816,cibolahospital.com
14817,citizensmedcenter.com
14818,claibornemedical.com
14819,clarabartonhospital.com
14820,clarioncenter.com
14821,claycountyhospital.org
14822,clearskyhealth.com
14823,cliftonfinehospital.org
14824,clinchmh.org
14825,clivebehavioral.com
14826,cloquethospital.com
14827,clshospital.com
14828,cmccares.org
14829,cmhospital.com
14830,coastalharbor.com
14831,cogdellhospital.com
14832,collegemedicalcenter.com
14833,colletonmedical.com
14834,collingsworthgeneral.net
14835,colquittregional.com
14836,columbusch.com
14837,columbussprings.com
14838,comanchecmc.org
14839,communityhospitalofanaconda.org
14840,communitymemorial.org
14841,compasshealthnetwork.org
14842,conchocountyhospital.com
14843,continuecare.org
14844,cookcountyhealth.org
14845,cordellmemorialhospital.com
14846,corejenks.com
14847,corewellhealth.org
14848,cornerstonehospitals.com
14849,cornerstoneregional.com
14850,coshoctonhospital.org
14851,cottonwoodsprings.com
14852,covingtoncountyhospital.com
14853,cozadhealthcare.com
14854,craighospital.org
14855,creeksidebh.com
14856,crenshawcommunityhospital.com
14857,crescentregionalhospital.com
14858,crhealthcare.org
14859,crispregional.org
14860,crmccares.com
14861,crockettmedicalcenter.com
14862,culbersonhospital.org
14863,cullmanregional.com
14864,cumberlandhealthcare.com
14865,cumberlandhospital.com
14866,curahealth.com
14867,cvhealth.net
14868,cvmc.com
14869,cvrmc.org
14870,cypresspointesurgical.com
14871,dallas.kpcph.com
14872,dallasmedcenter.com
14873,dallasregionalmedicalcenter.com
14874,dbh.dc.gov
14875,dbhdd.georgia.gov
14876,dbhds.virginia.gov
14877,dcfs.nv.gov
14878,dchc.org
14879,dcmhsd.org
14880,deaconessillinoiscrossroads.com
14881,deaconessillinoismedicalcenter.com
14882,deaconessillinoisunioncounty.com
14883,dekalbregional.org
14884,delamobehavioralhealth.com
14885,delhihospital.com
14886,deltahealthco.org
14887,demanddeborah.org
14888,denversprings.com
14889,dequincymemorial.com
14890,desertviewhospital.com
14891,dhchd.org
14892,dhhr.wv.gov
14893,dhs.lacounty.gov
14894,directory.monument.health
14895,directory.thedacare.org
14896,dmh.mo.gov
14897,doctors-hospital.net
14898,doctorsmemorial.org
14899,doverbehavioral.com
14900,dphhs.mt.gov
14901,drcris.net
14902,driscollchildrens.org
14903,dschd.org
14904,dunessurgicalhospital.com
14905,dvmc.com
14906,eagleviewbh.com
14907,eagleville.org
14908,ecmh.org
14909,edcomed.com
14910,edfraserhospital.com
14911,edgewoodsurgical.com
14912,eglin.tricare.mil
14913,ehs.org
14914,eirmc.com
14915,eisenhower.tricare.mil
14916,eisenhowerhealth.org
14917,el-paso-ltac-hospital.business.site
14918,elch.org
14919,electrahospital.com
14920,elkviewhospital.com
14921,elmendorfrichardson.tricare.mil
14922,elpasobh.com
14923,elpasochildrens.org
14924,emeraldcoastbehavioral.com
14925,emhcare.net
14926,emhealth.org
14927,emilyprogram.com
14928,eminentmedicalcenter.com
14929,encompasshealth.com
14930,eph.org
14931,erhny.org
14932,ernesthealth.com
14933,essexcountynj.org
14934,evans.tricare.mil
14935,everestrehab.com
14936,excentrique.org
14937,fairchildmed.org
14938,fairfaxhospital.com
14939,fairfaxmed.com
14940,fairmountbhs.com
14941,fairviewparkhospital.com
14942,fallshospital.com
14943,familyhospitalsystems.com
14944,fanninregionalhospital.com
14945,faulktonmedical.org
14946,fbh.com
14947,fcmc.org
14948,fhsms.org
14949,fhw.org
14950,fiitjeecuttack.com
14951,firstsurgical.com
14952,floydvalley.org
14953,flushinghospital.org
14954,forestviewhospital.com
14955,forrestcitymedicalcenter.com
14956,frankfortregional.com
14957,freemanregional.com
14958,freestonemc.com
14959,fremonthospital.com
14960,fresnosurgicalhospital.com
14961,frh1.org
14962,friendshospital.com
14963,frisbiehospital.com
14964,fshsanantonio.com
14965,ftlauderdalebehavioral.com
14966,fultoncountyhealthcenter.org
14967,gardengrovehospital.com
14968,garfieldparkhospital.com
14969,gatewayregional.net
14970,gcdmc.org
14971,gch.org
14972,gchealth.org
14973,gcmc.org
14974,geisingerhealthsouth.com
14975,geisingerstlukes.org
14976,geogroup.com
14977,georgeregional.com
14978,getradiant.org
14979,gfclinic.com
14980,gh-health.org
14981,ghshospital.org
14982,giving.apps.upenn.edu
14983,glacialridge.org
14984,glenbeigh.com
14985,glendorahospital.com
14986,glenoakshospital.com
14987,glenrosemedicalcenter.com
14988,glh.org
14989,gmcmed.org
14990,goldenplains.org
14991,goodlandregional.com
14992,goodsamsanjose.com
14993,goshenhealth.com
14994,healthsouthmodesto.com
14995,healthsouthtallahassee.com
14996,healthsouthwalton.com
14997,healthy.kaiserpermanente.org
14998,heartlandbehavioral.com
14999,helenarmc.com
15000,helenhayeshospital.org
15001,hendrick.continuecare.org
15002,heritageoakshospital.com
15003,hf.org
15004,hfsc.org
15005,hhlincolnhealth.org
15006,hhs.iowa.gov
15007,highlandhosp.com
15008,highlandsbhs.com
15009,highlandsmedcenter.com
15010,hillcrest.com
15011,hillcrestbhs.com
15012,hillcrestclaremore.com
15013,hillcrestcushing.com
15014,hillcresthenryetta.com
15015,hillcrestmedicalcenter.com
15016,hillcrestsouth.com
15017,himasanpablo.com
15018,hmhospital.org
15019,holdenvillehospital.com
15020,hollyhillhospital.com
15021,holtonhospital.com
15022,holycrossmedicalcenter.org
15023,horizonmedcenter.com
15024,horizonspecialtyhosp.com
15025,horshamclinic.com
15026,hospital.uillinois.edu
15027,hospitalelmaestro.org
15028,hrihospital.com
15029,hscpediatriccenter.org
15030,hsriosa.com
15031,hughchatham.org
15032,hughston.com
15033,hugohospital.com
15034,humanservices.arkansas.gov
15035,humboldtgov.org
15036,huntington.northwell.edu
15037,icmedcenter.org
15038,ilhcgh.org
15039,indianaspinehospital.com
15040,indianheadmedicalcenter.com
15041,inlandhospital.org
15042,inlandnorthwestbh.com
15043,insightchicago.com
15044,insightsurgicalhospital.com
15045,integriscommunityhospital.com
15046,integrishealth.org
15047,intensivespecialty.com
15048,intermountainhealthcare.org
15049,iroquoismemorial.com
15050,irwin.tricare.mil
15051,islandhealth.org
15052,iuhealth.org
15053,ivycreekhealth.com
15054,jacksonhealth.org
15055,jacksonparishhospital.com
15056,jacksonville.tricare.mil
15057,jamaicahospital.org
15058,jchosp.com
15059,jcrhc.org
15060,jeffersonhealthcare.org
15061,jeffersonhosp.com
15062,jenkinsmedicalcenter.com
15063,jenningsamericanlegionhospital.com
15064,jflusvi.org
15065,jmhsmn.org
15066,kahuku.hhsc.org
15067,kansasheart.com
15068,kauai.hhsc.org
15069,kch.hhsc.org
15070,kchosp.net
15071,kchs.org
15072,kcmh.net
15073,keefememorial.com
15074,keesler.tricare.mil
15075,keller.tricare.mil
15076,kentfieldhospital.com
15077,kentuckyrivermc.com
15078,ketteringhealth.org
15079,kimballhealth.org
15080,kimblehospital.org
15081,kingwoodpines.com
15082,kittsonhc.org
15083,knappmed.org
15084,knoxvillehospital.org
15085,kpcph.com
15086,ksmedcenter.com
15087,kutopeka.com
15088,ladowntownmc.com
15089,lakebutlerhospital.com
15090,lakechelanhealth.org
15091,lakehealthdistrict.org
15092,lakelandcommunityhospital.com
15093,lakeshealth.org
15094,lakeside-wh.com
15095,lakesidebhs.com
15096,lakeviewsystem.com
15097,lancasterbehavioral.org
15098,landmarkmedical.org
15099,langleyeustis.tricare.mil
15100,lapalmaintercommunityhospital.com
15101,larabida.org
15102,larkinhealth.com
15103,laspalmasdelsolhealthcare.com
15104,laureloaksbhc.com
15105,laurelridgetc.com
15106,ldh.la.gov
15107,lecomhealth.com
15108,lehighregional.com
15109,lenoxhill.northwell.edu
15110,levihospital.com
15111,lexingtonregional.org
15112,lhcgroup.com
15113,libertydaytonrmc.com
15114,lifebritestokes.com
15115,lifecaremedicalcenter.org
15116,lifepointhealth.net
15117,lighthousebehavioral.com
15118,lincolnbehavioral.com
15119,lincolncountyhospital.net
15120,lincolnprairiebhc.com
15121,lincolnsurgery.com
15122,lindnercenterofhope.org
15123,lintonregionalmedicalcenter.org
15124,lisbonhospital.com
15125,littlefieldtexas.net
15126,littletonhealthcare.org
15127,livengrin.org
15128,llu.edu
15129,lluch.org
15130,locations.beaconhealthsystem.org
15131,locations.ecuhealth.org
15132,locations.stlukeshealth.org
15133,logancountyhospital.org
15134,lonestarbehavioralhealth.com
15135,losrobleshospital.com
15136,lostriversmedical.com
15137,lovelace.com
15138,lowerbuckshosp.com
15139,lrmh.org
15140,lubbockheart.com
15141,maconcommunityhospital.com
15142,madigan.tricare.mil
15143,madisonhealth.org
15144,madisonmedicalcenter.net
15145,madisonregionalhealth.org
15146,madisonville.continuecare.org
15147,madriverhospital.com
15148,magnoliarmc.org
15149,maimo.org
15150,mangumregional.net
15151,martin.tricare.mil
15152,martincountyhospital.org
15153,maryvilleacademy.org
15154,matheny.org
15155,mayaguezmedical.com
15156,mayhillhospital.com
15157,mcboh.com
15158,mcconehealth.org
15159,mces.org
15160,mchcare.com
15161,mchd.net
15162,mchhs.org
15163,mckenziehealth.com
15164,mckweb.com
15165,mcmc.net
15166,mdmercy.com
15167,meadowbrookrh.com
15168,medcenterhealth.org
15169,medicalwesthospital.org
15170,melissamemorial.org
15171,memhosp.org
15172,memorial.health
15173,memorialhealth.com
15174,memorialhealthcare.org
15175,memorialhermann.org
15176,memorialhermannfirstcolony.com
15177,memorialhermannkingwood.com
15178,memorialohio.com
15179,memorialregionalhealth.com
15180,memorialsatillahealth.com
15181,menaregional.com
15182,menonitacima.org
15183,mentalhealth.vermont.gov
15184,mercer-health.com
15185,mercycenterville.org
15186,mercyregionalmedical.com
15187,mesaviewhospital.com
15188,mesillavalleyhospital.com
15189,methodisthospitals.org
15190,methodistmckinneyhospital.com
15191,metropavia.com
15192,mgghnv.org
15193,mghosp.org
15194,mghwv.com
15195,mh.alabama.gov
15196,mha.ohio.gov
15197,mhscc.org
15198,mhsks.org
15199,mhsmn.org
15200,michianabehavioralhealth.com
15201,midcoasthealthsystem.org
15202,middlesexhealth.org
15203,midstatemedical.org
15204,millwoodhospital.com
15205,mimbresmemorial.com
15206,mindenmedicalcenter.com
15207,mineralcommunityhospital.com
15208,minneolahealth.com
15209,miracaregroup.com
15210,mishhospital.com
15211,missionrmc.org
15212,mitchellcountyhospital.com
15213,mmcenters.com
15214,modocmedicalcenter.org
15215,moncrief.tricare.mil
15216,monroehospital.com
15217,montclair-hospital.org
15218,montefioreeinstein.org
15219,montrosehealth.com
15220,morganmedical.org
15221,morrisonhospital.com
15222,mountainsidemedicalcenter.com
15223,mountainview-hospital.com
15224,mountainwestmc.com
15225,mountauburnhospital.org
15226,mountnittany.org
15227,mptf.com
15228,mrhmoab.org
15229,muensterhospital.com
15230,munisingmemorial.org
15231,murraycountymed.org
15232,muschealth.org
15233,mvhospital.org
15234,my.clevelandclinic.org
15235,mygrandstrandhealth.com
15236,myharnetthealth.org
15237,mylakehuron.com
15238,myskylinehealth.org
15239,mysouthwell.com
15240,myvgh.org
15241,nantuckethospital.org
15242,nashvillegeneral.org
15243,natchaug.org
15244,navicenthealth.org
15245,nberhospital.com
15246,nchmd.org
15247,ncmcla.com
15248,nebraskaspinehospital.com
15249,nelsoncountyhealthsystem.org
15250,newmanmemorialhospital.org
15251,newporthospitalandhealth.org
15252,newportnewsbhc.com
15253,newvistahealth.com
15254,nexushealthsystems.com
15255,nfmmc.org
15256,niobrarahospital.com
15257,nmhcare.org
15258,nmmc.org
15259,noconageneral.com
15260,nolandhospitals.com
15261,nor-lea.org
15262,norcalbehavioral.com
15263,norcalrehab.com
15264,northbrookbhh.com
15265,northcentralsurgical.com
15266,northernlighthealth.org
15267,northernlouisianamedicalcenter.com
15268,northlakebh.org
15269,northrunnelsmedicalcenter.com
15270,northstarbehavioral.com
15271,northsunflower.com
15272,northvistahospital.com
15273,northwesthillssurgical.com
15274,northwestrh.org
15275,northwestspecialtyhospital.com
15276,nortonhealthcare.com
15277,npvmc.org
15278,nsuh.northwell.edu
15279,ntmconline.net
15280,nvrh.org
15281,nwh.northwell.edu
15282,nwsurgicalokc.com
15283,nych.com
15284,oahs.us
15285,oakbendmedcenter.org
15286,oakdalecommunityhospital.ahmgt.com
15287,oakdaleprison.com
15288,oakeshospital.com
15289,oaklawn.org
15290,oaklawnhospital.org
15291,oakleafmedicalnetwork.com
15292,oakvalleyhospital.com
15293,oakwoodsprings.com
15294,oceanshealthcare.com
15295,och.scvh.org
15296,ochcares.com
15297,ocomhospital.com
15298,odessa.continuecare.org
15299,oklahoma.gov
15300,oklahomaspine.com
15301,oldvineyardbhs.com
15302,olneyhamiltonhospital.com
15303,ololsh.com
15304,omh.ny.gov
15305,onebrooklynhealth.org
15306,onecorehealth.com
15307,optimhealth.com
15308,orangecounty-gmc.com
15309,orleanscommunityhealth.org
15310,osagebeachccd.com
15311,osmondhospital.org
15312,osshealth.com
15313,osumc.com
15314,overlandpark.kpcph.com
15315,pachs.com
15316,pacificahospital.com
15317,paducah.continuecare.org
15318,palmetto.continuecare.org
15319,palmettobehavioralhealth.com
15320,palmpointbehavioral.com
15321,paloverdebh.com
15322,pamhealth.com
15323,panahospital.com
15324,paradisevalleyhospital.net
15325,parklandmedicalcenter.com
15326,parkplacesurgery.com
15327,parksideinc.org
15328,parkviewhosp.org
15329,parkwoodbhs.com
15330,pascackmedicalcenter.com
15331,pathrehab.com
15332,pattersonhc.org
15333,pauldingcountyhospital.com
15334,pavilionhospital.com
15335,pavilionwp.com
15336,pawhuskahospital.com
15337,pawneehospital.socs.net
15338,pawneevalleyhospital.com
15339,pbhospital.com
15340,pcgh.org
15341,pchospital.us
15342,peachford.com
15343,peakbehavioral.com
15344,perrymemorial.org
15345,phelpshealth.org
15346,phoebehealth.com
15347,phoenix.kpcph.com
15348,phoenixchildrens.org
15349,phoenixville.towerhealth.org
15350,phsmo.org
15351,physurg.com
15352,piggotthealthsystem.com
15353,pineville.continuecare.org
15354,pinnaclehealthcare.net
15355,pinnaclepointehospital.com
15356,pmcmt.org
15357,pmcregionalhospital.com
15358,pmhd.org
15359,poplarsprings.com
15360,portal.ct.gov
15361,portsmouthhospital.com
15362,pottstown.towerhealth.org
15363,ppimhs.org
15364,prague.hospital
15365,prairie-care.com
15366,prairie-stjohns.com
15367,prairieridge.health
15368,prairieview.org
15369,prismahealth.org
15370,prmc.org
15371,prmctx.com
15372,professionalhospital.net
15373,profiles.health.ny.gov
15374,providencekc.com
15375,providencemedical.com
15376,providers.arh.org
15377,psychinstitute.com
15378,purcellhospital.com
15379,pushmatahahospital.com
15380,pvillehosp.org
15381,quailrunbehavioral.com
15382,quincyhospital.org
15383,rainiersprings.com
15384,rainylakemedical.com
15385,rankenjordan.org
15386,rapidesregional.com
15387,rayhealthcare.org
15388,redbudregional.com
15389,redriverbc.com
15390,reevesmemorial.com
15391,regionalhospital.com
15392,regionalmedicalsanjose.com
15393,rehabhospitalofjennings.com
15394,reunionrehabhospital.com
15395,rheamedical.org
15396,rhshc.com
15397,ricecommunityhealth.com
15398,ricemedicalcenter.net
15399,ridgebhs.com
15400,ridgeviewhospital.net
15401,riohealth.com
15402,rivendellbehavioral.com
15403,rivendellofarkansas.com
15404,riverbridgela.com
15405,riveredgehospital.com
15406,riveroakshospital.com
15407,riverparkhospital.net
15408,riverpointbehavioral.com
15409,riversedgehealth.org
15410,rivershealth.org
15411,riversidecommunityhospital.com
15412,riversidehealth.org
15413,riverview.org
15414,riverviewregional.com
15415,riverwoodhealthcare.org
15416,rmccares.org
15417,roanegeneralhospital.com
15418,rockcountyhospital.com
15419,rockfordcenter.com
15420,rockregionalhospitalderby.com
15421,rockspringshealth.com
15422,rogersbh.org
15423,rollinghillshospital.org
15424,rookscountyhealthcenter.com
15425,roxboroughmemorial.com
15426,roxburyhospital.com
15427,s572241474.initial-website.com
15428,sabinecountyhospital.com
15429,sabinemedicalcenter.net
15430,sacramentorehab.com
15431,sage-rehab.org
15432,sahchicago.org
15433,saintclares.com
15434,saintmarysreno.com
15435,salem.massgeneralbrigham.org
15436,salemtownhosp.com
15437,saltlake.kpcph.com
15438,saltlakebehavioralhealth.com
15439,samaritanhealth.com
15440,samhealth.org
15441,sandiego.tricare.mil
15442,sandimashospital.com
15443,sanjuanhealth.org
15444,santiamhospital.org
15445,sarhcare.org
15446,saundersmedicalcenter.com
15447,savoymedical.com
15448,scch.health
15449,schcmed.com
15450,schealthnd.com
15451,schwab.sinaichicago.org
15452,sckhealth.org
15453,scmchealth.com
15454,scmh.org
15455,scmhospital.org
15456,scmohospital.net
15457,scottishriteforchildren.org
15458,scrmc.com
15459,searhc.org
15460,sebasticookvalleyhealth.org
15461,sedancityhospital.org
15462,semedicalcenter.org
15463,seminolehospitaldistrict.com
15464,senecahospital.org
15465,serenityhospital.com
15466,seymourhospital.com
15467,sfcjl.org
15468,sfcommunityhospitals.ucsfhealth.org
15469,shamrock.health
15470,shastaregional.com
15471,shelteringarmsinstitute.com
15472,shodair.org
15473,sierravistahospital.com
15474,signature-healthcare.org
15475,signaturehc.com
15476,sihd.org
15477,silverhillhospital.org
15478,simpsongeneral.com
15479,singingriverhealthsystem.com
15480,sireading.com
15481,siuh.northwell.edu
15482,sjbhh.net
15483,skyrehab.com
15484,sli.org
15485,slrh.scvh.org
15486,smh-cvh.org
15487,smmcnj.com
15488,smphealth.org
15489,snoqualmievalleyhealth.org
15490,sohumhealth.org
15491,southcoast-gmc.com
15492,southeastrehab.com
15493,southerncoos.org
15494,southernhillshospital.com
15495,southernregional.org
15496,southoaks.northwell.edu
15497,southtexassurgical.com
15498,spauldingrehab.org
15499,spearehospital.com
15500,specialistshospitalshreveport.com
15501,specialtyhospitaloflorain.org
15502,sphn.com
15503,spoonerhealth.com
15504,springbrookbehavioral.com
15505,springfieldhospital.org
15506,springmountaintreatmentcenter.com
15507,springsmemorial.com
15508,ssbythesea.com
15509,ssuh.northwell.edu
15510,stanfordhealthcare.org
15511,stanislaussurgical.com
15512,starvalleyhealth.org
15513,stbernardhospital.com
15514,stcharleshealthcare.org
15515,stegenevievehospital.org
15516,stephenscountyhospital.com
15517,sterlingsurgical.net
15518,sterlingtonrehab.com
15519,stfrancismedicalcenter.com
15520,stjohnleavenworth.com
15521,stjohns.ufhealth.org
15522,stjoseph-locations.stlukeshealth.org
15523,stjoseph.stlukeshealth.org
15524,stjosephbangor.org
15525,stjosephhospital.com
15526,stjosephkc.com
15527,stjosephshealth.org
15528,stjosephvilla.com
15529,stlukehealthcare.org
15530,stmaryskc.com
15531,stmarysmaine.com
15532,stocktonrehab.com
15533,stoughtonhealth.com
15534,straithhospital.org
15535,streamwoodhospital.com
15536,strosenh.org
15537,sturgishospital.com
15538,stvincents.org
15539,suburbanhosp.org
15540,summarehabhospital.com
15541,summithealthcare.net
15542,summitks.com
15543,summitmedcenter.com
15544,summitoakshospital.com
15545,summitpacificmedicalcenter.org
15546,summitridgehospital.net
15547,suncoastbhc.com
15548,suncolumbus.com
15549,sundelaware.com
15550,sunhouston.com
15551,sunkentucky.com
15552,sunrisehospital.com
15553,surgeonschoice.com
15554,surgicalhospitalok.net
15555,svhealthcare.org
15556,sweenyhospital.org
15557,sweetwaterhospital.org
15558,swhealthcare.net
15559,swmconline.com
15560,sycamorespringshealth.com
15561,syracuseareahealth.com
15562,tbhcare.com
15563,tccada.com
15564,tchealth.org
15565,tchospital.us
15566,texarkanaemergencycenter.com
15567,texasneurorehab.com
15568,texasorthopedic.com
15569,texasstarrecovery.com
15570,tgcaz.org
15571,thayercountyhealth.com
15572,thcds.com
15573,thebridgeway.com
15574,thebrookhospitals.com
15575,thecarolinacenter.com
15576,thecolonyer.com
15577,thecoreinstitutehospital.com
15578,thedacare.org
15579,themeadows.net
15580,thephysicianscentre.com
15581,thevineshospital.com
15582,thmh.org
15583,thocc.org
15584,thorekandersonville.org
15585,threeriversbehavioral.org
15586,threerivershospital.net
15587,threeriversmedicalcenter.com
15588,tmcbonham.com
15589,tops-hospital.com
15590,totallykids.com
15591,towerhealth.org
15592,traceregional.com
15593,traumaticbraininjury.net
15594,travis.tricare.mil
15595,treasurevalleyhospital.com
15596,trianglesprings.com
15597,tricare.mil
15598,tridenthealthsystem.com
15599,trinityhealth.com
15600,tripler.tricare.mil
15601,tristatehospital.org
15602,trmc-al.com
15603,tsjh.org
15604,tuality.org
15605,turningpointcare.com
15606,tvhcare.org
15607,twentynine-palms.tricare.mil
15608,txsurgical.com
15609,uabstvincents.org
15610,uamshealth.com
15611,ubhdenton.com
15612,ucgh.net
15613,ucnj.org
15614,ufhealth.org
15615,ufhealthjax.org
15616,uhsystem.com
15617,uihc.org
15618,uihealthcare.org
15619,ukhealthcare.uky.edu
15620,umhtx.org
15621,umiamihealth.org
15622,ummc.care
15623,umrhospital.com
15624,uniongeneralhealthsystem.com
15625,unitedmedicaldc.com
15626,unitedregional.org
15627,unitypsych.com
15628,uoflhealth.org
15629,uofmhealthwest.org
15630,urmc.org
15631,uscvhh.org
15632,ush.utah.gov
15633,usmdarlington.com
15634,uthealthathens.com
15635,uthealthcarthage.com
15636,uthealthhenderson.com
15637,uthealthjacksonville.com
15638,uthealthnorth.com
15639,uthealthpittsburg.com
15640,uthealthquitman.com
15641,uthealthrehab.com
15642,uthealthtylerhospital.com
15643,uvahealth.com
15644,valir.com
15645,vallevistahospital.com
15646,valleycareofohio.steward.org
15647,valleyhospital-phoenix.com
15648,valleyregionalmedicalcenter.com
15649,valleywisehealth.org
15650,vanzandtregionalhospital.com
15651,vbch.org
15652,vbpcweb.com
15653,vchca.org
15654,vhboise.com
15655,vhcentraldakotas.com
15656,vhcharleston.com
15657,vhdenver.com
15658,vhfargo.com
15659,vhrichardson.com
15660,vhsacramento.com
15661,vhsemichigan.com
15662,vibrahealthcare.com
15663,vistahealth.com
15664,vitalityaesthetic.com
15665,vitruvianhealth.com
15666,vrh.org
15667,vrhamarillo.com
15668,vrhsouthernindiana.com
15669,vshportland.com
15670,wagonerhospital.com
15671,walterreed.tricare.mil
15672,wamegohealthcenter.org
15673,watsonvillehospital.com
15674,waynegeneralhospital.org
15675,waynehospital.org
15676,wbihelp.com
15677,wchcd.org
15678,wcmhosp.org
15679,wearememorial.com
15680,weatherfordhospital.com
15681,weeksmedical.org
15682,wekivacenter.com
15683,westanaheimmedctr.com
15684,westaph.org
15685,westernstatehospital.ky.gov
15686,westoakshospital.com
15687,westparksprings.com
15688,westvalleymedctr.com
15689,wexnermedical.osu.edu
15690,wghospital.com
15691,whidbeyhealth.org
15692,whiteriverhealth.org
15693,whiterockmedicalcenter.com
15694,whitfieldregionalhospital.com
15695,whmcny.org
15696,whs.org
15697,wichitafalls.kpcph.com
15698,wickhosp.com
15699,williamsonhealth.org
15700,willingway.com
15701,willowcreekbh.com
15702,willowspringscenter.com
15703,winchesterhospital.org
15704,windhamhospital.org
15705,windmoor.com
15706,windsorlaurelwood.com
15707,winn.tricare.mil
15708,winnmed.org
15709,wmhc.us
15710,wmhweb.com
15711,wmmc.com
15712,wnj.org
15713,womack.tricare.mil
15714,womanshospital.com
15715,woodlandspringshealth.com
15716,woodlawnhospital.org
15717,wrightpatterson.tricare.mil
15718,wvumedicine.org
15719,www.4chealthin.org
15720,www.aahs.org
15721,www.abbevilleareamc.com
15722,www.abbevillegeneral.com
15723,www.abrazohealth.com
15724,www.acadiahealthcare.com
15725,www.acadiavermilion.com
15726,www.accesshospital.com
15727,www.achospital.org
15728,www.achsiowa.org
15729,www.acmconline.org
15730,www.acmh.org
15731,www.acmhhosp.org
15732,www.acuityhealthcare.net
15733,www.adcetris.com
15734,www.adena.org
15735,www.adhealthcare.com
15736,www.adirondackhealth.org
15737,www.adventhealth.com
15738,www.adventisthealth.org
15739,www.adventisthealthcare.com
15740,www.advocatehealth.com
15741,www.affinityhealth.org
15742,www.ahcs.org
15743,www.ahmchealth.com
15744,www.ahn.org
15745,www.aikenregional.com
15746,www.ajhc.org
15747,www.akronchildrens.org
15748,www.alamedahealthsystem.org
15749,www.alaskaregional.com
15750,www.albany.va.gov
15751,www.alhambrahospital.com
15752,www.alicehyde.com
15753,www.alicepeckday.org
15754,www.allegiancehealth.org
15755,www.allenhealth.org
15756,www.alliancehealthdurant.com
15757,www.alliancehealthwoodward.com
15758,www.allied-services.org
15759,www.allinahealth.org
15760,www.allsaintshealth.com
15761,www.almedcenter.org
15762,www.altonmemorialhospital.org
15763,www.altru.org
15764,www.altusemergency.com
15765,www.alvaradohospital.com
15766,www.alwaysnhs.org
15767,www.amazingkids.org
15768,www.amc.edu
15769,www.amctoday.org
15770,www.amhne.org
15771,www.anaheimglobalmedicalcenter.com
15772,www.andalusiahealth.com
15773,www.andersonregional.org
15774,www.andersonrehabinstitute.com
15775,www.animassurgical.com
15776,www.apollo-bhh.com
15777,www.archbold.org
15778,www.archildrens.org
15779,www.arh.org
15780,www.arheart.com
15781,www.arkansascontinuedcarehospital.com
15782,www.armchealth.org
15783,www.armsacres.com
15784,www.arnothealth.org
15785,www.arrowheadmedcenter.org
15786,www.asante.org
15787,www.ashememorial.org
15788,www.ashlandhc.org
15789,www.ashleyregional.com
15790,www.ashospital.net
15791,www.aslh.org
15792,www.aspirehealthcorp.com
15793,www.aspirus.org
15794,www.astria.health
15795,www.athenslimestonehospital.com
15796,www.atholhospital.org
15797,www.atlanticare.org
15798,www.atlanticgeneral.org
15799,www.atlantichealth.org
15800,www.atlanticrehabinstitute.com
15801,www.atmorehealth.org
15802,www.atokamedicalcenter.org
15803,www.atriummedicalcenter.com
15804,www.auburnhospital.org
15805,www.augustahealth.com
15806,www.augustahealth.org
15807,www.aultmanorrville.org
15808,www.auroraarizona.com
15809,www.aurorabaycare.com
15810,www.aurorahealthcare.org
15811,www.austenriggs.net
15812,www.auxiliomutuo.com
15813,www.avenirseniorliving.com
15814,www.avera.org
15815,www.avhealthsystem.com
15816,www.avmc.org
15817,www.avrmc.org
15818,www.azdhs.gov
15819,www.azkrmc.com
15820,www.azosh.com
15821,www.baconcountyhospital.com
15822,www.bakersfieldbehavioral.com
15823,www.baldwinhealth.com
15824,www.balladhealth.org
15825,www.ballingerhospital.org
15826,www.bannerhealth.com
15827,www.baptist-health.com
15828,www.baptistfirst.org
15829,www.baptisthealth.com
15830,www.baptisthealthdeaconess.com
15831,www.baptisthealthsystem.com
15832,www.baptistjax.com
15833,www.baptistonline.org
15834,www.baptistrehab.com
15835,www.barlowhospital.org
15836,www.barnes-kasson.org
15837,www.barnesjewish.org
15838,www.barnesjewishwestcounty.org
15839,www.barretthospital.org
15840,www.bartletthospital.org
15841,www.bartonhealth.org
15842,www.bassett.org
15843,www.batemanhospital.org
15844,www.baxterhealth.org
15845,www.bayfronthealth.com
15846,www.bayhealth.org
15847,www.baylorarlington.com
15848,www.bayoubendhealth.org
15849,www.baystatehealth.org
15850,www.bbgh.org
15851,www.bch.org
15852,www.bchccnet.org
15853,www.bchmed.org
15854,www.bchonline.org
15855,www.bcm.edu
15856,www.bcmh.net
15857,www.beaconbh.com
15858,www.beaconchildrenshospital.com
15859,www.beaconhealthsystem.org
15860,www.beartoothbillingsclinic.org
15861,www.beaumont.org
15862,www.beauregard.org
15863,www.beebehealthcare.org
15864,www.behavioralcenter.com
15865,www.behavioralhealthofrockytop.com
15866,www.bellevuehospital.com
15867,www.bellhospital.org
15868,www.bellvillemc.org
15869,www.belmontbehavioral.com
15870,www.beloithealthsystem.org
15871,www.benefis.org
15872,www.bensonhospital.org
15873,www.bergenregional.com
15874,www.berkshirehealthsystems.org
15875,www.bethanychildrens.org
15876,www.bethesdaweb.com
15877,www.beuil.com
15878,www.bgh.org
15879,www.bhcalhambra.com
15880,www.bhsala.com
15881,www.bhset.net
15882,www.bibbmed.com
15883,www.bigforkvalley.org
15884,www.billingsclinic.com
15885,www.bitterroothealth.org
15886,www.bjsph.org
15887,www.blackwellregional.org
15888,www.bleckleymemorial.com
15889,www.blessinghealth.org
15890,www.bloomermedicalcenter.org
15891,www.bluegrasscommunityhospital.com
15892,www.blufftonregional.com
15893,www.blythedale.org
15894,www.bmc.org
15895,www.bmchealthsystem.org
15896,www.bmgh.org
15897,www.bmh.org
15898,www.bmhmc.org
15899,www.bmhsc.org
15900,www.bmhutah.org
15901,www.bmhvt.org
15902,www.bolivarmedical.com
15903,www.bonsecours.com
15904,www.bonsecourscommunityhosp.org
15905,www.boonehospital.com
15906,www.bop.gov
15907,www.boundarycommunityhospital.org
15908,www.bourbonhospital.com
15909,www.bournewood.com
15910,www.bowenhealth.org
15911,www.boystownhospital.org
15912,www.bozemanhealth.org
15913,www.bradleycountymedicalcenter.com
15914,www.brattlebororetreat.org
15915,www.brentwoodjackson.com
15916,www.brgeneral.org
15917,www.brhc.org
15918,www.bridgepointhealthcare.com
15919,www.bridgeporthospital.org
15920,www.brighamandwomens.org
15921,www.brighamandwomensfaulkner.org
15922,www.bristolhealth.org
15923,www.brmc-ogh.org
15924,www.brmh.net
15925,www.broadlawns.org
15926,www.brodstonehealthcare.org
15927,www.bronsonhealth.com
15928,www.bronxcare.org
15929,www.brookingshealth.org
15930,www.brooklane.org
15931,www.brookwoodbaptisthealth.com
15932,www.browardhealth.org
15933,www.browncountywi.gov
15934,www.brownfield-rmc.org
15935,www.brownhealth.org
15936,www.brrehab.com
15937,www.bryanhealth.com
15938,www.brylin.com
15939,www.bswhealth.com
15940,www.bswrehab.com
15941,www.bullockcountyhospital.com
15942,www.bunkiegeneral.com
15943,www.burgesshc.org
15944,www.burke.org
15945,www.burnettmedicalcenter.com
15946,www.butler.org
15947,www.bvchd.com
15948,www.bvhealthsystem.org
15949,www.bvhpr.org
15950,www.bvrmc.org
15951,www.bwmgch.com
15952,www.cabellhuntington.org
15953,www.cabinetpeaks.org
15954,www.cahcare.com
15955,www.calaishospital.org
15956,www.caldwellhosp.org
15957,www.caldwellmemorial.org
15958,www.calhounlibertyhospital.com
15959,www.californiarehabinstitute.com
15960,www.callawayhospital.org
15961,www.calvaryhospital.org
15962,www.calverthealthmedicine.org
15963,www.camc.org
15964,www.cameronmch.com
15965,www.cameronregional.org
15966,www.cancercenter.com
15967,www.canyonvistamedicalcenter.com
15968,www.capecodhealth.org
15969,www.capefearvalley.com
15970,www.capitalcaring.org
15971,www.capitalhealth.org
15972,www.cardiovascular.gobierno.pr
15973,www.care-one.com
15974,www.carilionclinic.org
15975,www.carlsbadmedicalcenter.com
15976,www.carolinaeasthealth.com
15977,www.carolinashospital.com
15978,www.carondelet.org
15979,www.carrollcountyhospital.org
15980,www.carrushealth.com
15981,www.carrushospital.com
15982,www.carsoncityhospital.com
15983,www.carsontahoe.com
15984,www.carsonvalleyhealth.org
15985,www.carterethealth.org
15986,www.carthagehospital.com
15987,www.carymedicalcenter.org
15988,www.casacolina.org
15989,www.caseycountyhospital.com
15990,www.casshealth.org
15991,www.cassregional.org
15992,www.castleviewhospital.net
15993,www.catawba.dbhds.virginia.gov
15994,www.catawbavalleyhealth.org
15995,www.catholichealthli.org
15996,www.catholichealthservices.org
15997,www.catholicmedicalcenter.org
15998,www.cavalierhospital.com
15999,www.cayetano@xsn.net
16000,www.cc.nih.gov
16001,www.ccc-az.org
16002,www.ccca.dbhds.virginia.gov
16003,www.cccupr.org
16004,www.cchealth.org
16005,www.cchospital.org
16006,www.cchs.org
16007,www.cchwyo.org
16008,www.ccmcks.org
16009,www.ccmhhealth.com
16010,www.ccmhosp.com
16011,www.cdvcmc.com
16012,www.cedarcomem.com
16013,www.cedarcresthospital.com
16014,www.cedarparkregional.com
16015,www.cedars-sinai.edu
16016,www.centegra.org
16017,www.centennialhillshospital.com
16018,www.centerpointehospital.com
16019,www.centerpointehospitalcolumbia.com
16020,www.centracare.com
16021,www.centrahealth.com
16022,www.centralcarolinahosp.com
16023,www.centralvalleymedicalcenter.com
16024,www.centrastate.com
16025,www.cfmedicalcenter.com
16026,www.cfvh.org
16027,www.cghmc.com
16028,www.chadronhospital.com
16029,www.chaffeehospitalandhome.com
16030,www.chal.org
16031,www.challiance.org
16032,www.chapmanglobalmedicalcenter.com
16033,www.chartercare.org
16034,www.charteroakhospital.com
16035,www.chasecountyhospital.com
16036,www.chathamhospital.org
16037,www.chatugeregionalhospital.org
16038,www.chcc.health
16039,www.chccnj.org
16040,www.chcsks.org
16041,www.cherrycountyhospital.org
16042,www.cheshiremed.org
16043,www.chestercountyhospital.org
16044,www.cheyennecountyhospital.com
16045,www.cheyenneregional.org
16046,www.chhealthsystem.com
16047,www.chickasaw.net
16048,www.chihealth.com
16049,www.childrens.com
16050,www.childrensal.org
16051,www.childrensdayton.org
16052,www.childrensdmc.org
16053,www.childrenshomepgh.org
16054,www.childrenshospital.org
16055,www.circlesofcare.org
16056,www.citizensmedicalcenter.org
16057,www.citizensmemorial.com
16058,www.cityofhope.org
16059,www.clarindahealth.com
16060,www.claritycgc.org
16061,www.clarkehosp.org
16062,www.clarkregional.org
16063,www.claxtonhepburn.org
16064,www.claycountyhospital.com
16065,www.clevelandareahospital.com
16066,www.cliftonspringshospital.org
16067,www.cmcfc.org
16068,www.cmciks.com
16069,www.cmhc.org
16070,www.cmhcare.org
16071,www.cmhcinc.org
16072,www.cmhos.org
16073,www.cmhosp.com
16074,www.cmhregional.com
16075,www.cmhsumner.org
16076,www.cmmc.health
16077,www.cnhsa.com
16078,www.coastplazahospital.com
16079,www.cochranmemorial.com
16080,www.codyregionalhealth.org
16081,www.coffeeregional.org
16082,www.coffeyhealth.org
16083,www.columbiabasinhospital.org
16084,www.columbiamemorial.org
16085,www.columbiamemorialhealth.org
16086,www.columbushosp.org
16087,www.columbusregional.com
16088,www.commonwealthhealth.net
16089,www.communityhospitalhp.com
16090,www.communityhospitalokc.com
16091,www.communitymed.org
16092,www.communitymedical.org
16093,www.communityrehabhospitalsouth.com
16094,www.compasshealthcare.com
16095,www.compassmemorial.org
16096,www.concordhospital.org
16097,www.conehealth.com
16098,www.conemaugh.org
16099,www.confluencehealth.org
16100,www.coniferpark.com
16101,www.connallymmc.org
16102,www.connecticutchildrens.org
16103,www.conversehospital.com
16104,www.conwaybh.com
16105,www.conwaymedicalcenter.com
16106,www.conwayregional.org
16107,www.cookchildrens.org
16108,www.cookhospital.org
16109,www.cookmedicalcenter.com
16110,www.cooleydickinson.org
16111,www.cooperhealth.org
16112,www.cooperhealthcape.org
16113,www.copleyvt.org
16114,www.coqui.net
16115,www.coralgableshospital.com
16116,www.cornerstonehealthcaregroup.com
16117,www.cornerstoneny.com
16118,www.corrections.nebraska.gov
16119,www.cortlandregional.org
16120,www.cottagehealth.org
16121,www.cottagehospital.org
16122,www.cottonwoodcreekboise.com
16123,www.countyofsb.org
16124,www.covenanthealth.com
16125,www.covenanthealthcare.com
16126,www.covingtonbh.com
16127,www.coxhealth.com
16128,www.cpgh.org
16129,www.cprmc.com
16130,www.cqch.org
16131,www.cranememorial.org
16132,www.creekhealth.org
16133,www.crestwoodmedcenter.com
16134,www.crestwynbehavioral.com
16135,www.crh.org
16136,www.crittenden-health.org
16137,www.crmc.health
16138,www.crmc.org
16139,www.crmchealth.org
16140,www.crmcinc.org
16141,www.crosbytonclinichospital.com
16142,www.crossingrivers.org
16143,www.crouse.org
16144,www.crozerhealth.org
16145,www.csh.dbhds.virginia.gov
16146,www.cubamemorialhospital.com
16147,www.cueroregionalhospital.org
16148,www.cumberlandhallhospital.com
16149,www.curryhealthnetwork.com
16150,www.cuyunamed.org
16151,www.cvhospital.org
16152,www.cvmc.org
16153,www.cypresscreekhospital.com
16154,www.dahlmemorial.com
16155,www.dakotaregional.com
16156,www.dalemedical.org
16157,www.dallasbehavioral.com
16158,www.dallascohospital.org
16159,www.dallascountymedicalcenter.com
16160,www.dameronhospital.org
16161,www.dana-farber.org
16162,www.danielsmemorialhealthcare.org
16163,www.danvilleregional.com
16164,www.dardanelleregional.org
16165,www.dartmouth-hitchcock.org
16166,www.davishealthsystem.org
16167,www.daykimball.org
16168,www.dcfs.louisiana.gov
16169,www.dchbenkelman.com
16170,www.dchosp.org
16171,www.dchs.org
16172,www.dchsystem.com
16173,www.dchweb.org
16174,www.dcmedical.org
16175,www.dcmh.net
16176,www.dcstlukes.org
16177,www.dds.ca.gov
16178,www.deaconess.com
16179,www.decaturcountyhospital.org
16180,www.decaturgeneral.org
16181,www.decaturhealthsystems.org
16182,www.dech.org
16183,www.deltahealthsystem.org
16184,www.deltamem.org
16185,www.deltaspecialtyhospital.com
16186,www.denverhealth.org
16187,www.desertcarenetwork.com
16188,www.desertparkway.com
16189,www.desertspringshospital.com
16190,www.desotoregional.com
16191,www.detar.com
16192,www.detoxma.com
16193,www.dewitthealth.org
16194,www.dhhs.nh.gov
16195,www.dhr-rgv.com
16196,www.dhs.state.il.us
16197,www.dhss.delaware.gov
16198,www.dignityhealth.org
16199,www.dignityhealthevrehab.com
16200,www.dignityhealthevrehabgilbert.com
16201,www.dignityhealthrehab.com
16202,www.dileyridgemedicalcenter.com
16203,www.dimmitregionalhospital.com
16204,www.dlmed.org
16205,www.dmc-modesto.com
16206,www.dmc.org
16207,www.dmh.org
16208,www.dmhcares.com
16209,www.doc.sc.gov
16210,www.docshealth.com
16211,www.doctorshosplaredo.com
16212,www.doctorsmanteca.com
16213,www.doctorsmemorial.com
16214,www.dodgecountyhospital.com
16215,www.dorminymedical.org
16216,www.dosher.org
16217,www.douglascounty-ne.gov
16218,www.downstate.edu
16219,www.doylestownhealth.org
16220,www.drewmemorial.org
16221,www.drumrighthospital.com
16222,www.dshealthcare.com
16223,www.dshs.state.tx.us
16224,www.dshs.texas.gov
16225,www.dshs.wa.gov
16226,www.dukehealth.org
16227,www.dukesmemorialhosp.com
16228,www.duncanregional.com
16229,www.dwmmh.org
16230,www.earh.com
16231,www.eastalabamahealth.org
16232,www.easterniowarehabhospital.com
16233,www.eastgeorgiaregional.com
16234,www.eastlandmemorial.com
16235,www.eatonrapidsmedicalcenter.org
16236,www.ebaptisthealthcare.org
16237,www.ebch.org
16238,www.ech.org
16239,www.echn.org
16240,www.ecmc.edu
16241,www.ecommunity.com
16242,www.ecrmc.org
16243,www.ecuhealth.org
16244,www.edgertonhospital.com
16245,www.eehealth.org
16246,www.effinghamhealth.org
16247,www.ehendrick.org
16248,www.eladoctorshospital.com
16249,www.elcaminohealth.org
16250,www.eldoradospringsbh.com
16251,www.ellettmemorial.com
16252,www.ellinwooddistricthospital.org
16253,www.elliothospital.org
16254,www.ellismedicine.org
16255,www.emanatehealth.org
16256,www.emanuelmedical.org
16257,www.emanuelmedicalcenter.org
16258,www.emergencyhospitals.care
16259,www.emersonhospital.org
16260,www.emoryhealthcare.org
16261,www.emsh.ms.gov
16262,www.encinomed.com
16263,www.endlesscare.org
16264,www.englewoodhealth.org
16265,www.enloe.org
16266,www.enmmc.com
16267,www.ennisregional.com
16268,www.ephc.org
16269,www.erlanger.org
16270,www.erlangerbh.com
16271,www.eshospital.org
16272,www.eskenazihealth.edu
16273,www.essentiahealth.org
16274,www.etch.com
16275,www.eurekaspringshospital.com
16276,www.evanhospital.com
16277,www.evansmemorialhospital.org
16278,www.evergreenhealth.com
16279,www.evergreenmedical.org
16280,www.ewmed.com
16281,www.exeterhospital.com
16282,www.extras.net
16283,www.fairfieldmemorial.org
16284,www.fairmontmedicalcenter.org
16285,www.fairview.org
16286,www.fairviewregionalmedicalcenter.com
16287,www.fallonmedical.org
16288,www.fauquierhealth.org
16289,www.fbmcdallas.com
16290,www.fchtexas.com
16291,www.fcmc.us.com
16292,www.fcmcpa.org
16293,www.fcmh.com
16294,www.fcmh.net
16295,www.fcmh.org
16296,www.fcphd.org
16297,www.fdc.myflorida.com
16298,www.fdihb.org
16299,www.fdlco.wi.gov
16300,www.ferrellhospital.org
16301,www.fhmc-mi.com
16302,www.fhn.org
16303,www.firelands.com
16304,www.firstcarehc.com
16305,www.firsthealth.org
16306,www.fishercountyhospital.com
16307,www.fishermenshospital.org
16308,www.fishertitus.org
16309,www.fitzgibbon.org
16310,www.flhealth.org
16311,www.flintriverhospital.com
16312,www.flowershospital.com
16313,www.floyd.org
16314,www.fmc-cares.com
16315,www.fmchealth.org
16316,www.fmdh.org
16317,www.fmolhs.org
16318,www.forkshospital.org
16319,www.forresthealth.org
16320,www.fortduncanmedicalcenter.com
16321,www.forthealthcare.com
16322,www.foundationhealth.org
16323,www.fourwindshospital.com
16324,www.foxchase.org
16325,www.franciscanhealth.org
16326,www.franciscanhospital.org
16327,www.franciscanskemp.org
16328,www.franhealth.org
16329,www.franklinhospital.net
16330,www.frederickhealth.org
16331,www.fredhutch.org
16332,www.freemanhealth.com
16333,www.frhs.org
16334,www.frhssd.org
16335,www.friendmed.org
16336,www.frioregionalhospital.com
16337,www.froedtert.com
16338,www.froedtertsouth.com
16339,www.fryemedctr.com
16340,www.fultoncountyhospital.org
16341,www.fwhuston.com
16342,www.gadsdenregional.com
16343,www.garfieldcountyhospital.com
16344,www.garnethealth.org
16345,www.gatewayshospital.org
16346,www.gaylord.org
16347,www.gbhoh.com
16348,www.gbmc.org
16349,www.gbregional.com
16350,www.gcheutaw.com
16351,www.gchnm.org
16352,www.gcmchealth.com
16353,www.gcmcpa.org
16354,www.gcmh.com
16355,www.gcrmc.org
16356,www.geisinger.org
16357,www.genesisbh.com
16358,www.genesishcs.org
16359,www.genesishealth.com
16360,www.genoamedical.org
16361,www.georgetownbehavioral.com
16362,www.georgetowncommunityhospital.com
16363,www.ghcares.org
16364,www.gibsonhospital.org
16365,www.giffordmed.org
16366,www.gillettechildrens.org
16367,www.gilmorehealth.com
16368,www.girardmedicalcenter.com
16369,www.glensfallshospital.org
16370,www.glenwoodregional.org
16371,www.gmc.org
16372,www.gmha.org
16373,www.gonzaleshealthcare.com
16374,www.good-samaritan-hospital.org
16375,www.goodsam.org
16376,www.goodsamhosp.org
16377,www.goodsamhospital.com
16378,www.goodshepherdrehab.org
16379,www.gordonmemorial.org
16380,www.gothenburghealth.org
16381,www.gphealth.org
16382,www.gracehospital.org
16383,www.gradyhealth.org
16384,www.gradymem.org
16385,www.graftonhospital.com
16386,www.grahamhealthsystem.org
16387,www.grahamrmc.com
16388,www.granditasca.org
16389,www.grandlakehealth.org
16390,www.grandviewhealth.com
16391,www.granitecountyhospital.com
16392,www.grantregional.com
16393,www.grapehospital.com
16394,www.greaterregional.org
16395,www.greatriverhealth.org
16396,www.greenleafhospital.com
16397,www.greenvilleregionalhospital.com
16398,www.greenvilleshrinershospital.org
16399,www.greenwichhospital.org
16400,www.grh.org
16401,www.griffinhealth.org
16402,www.gritman.org
16403,www.grmc.gu
16404,www.grmc.org
16405,www.grmedcenter.com
16406,www.gshealth.org
16407,www.gshvin.org
16408,www.gundersenhealth.org
16409,www.gunnisonvalleyhealth.org
16410,www.guthrie.org
16411,www.guttenberghospital.org
16412,www.gvh.org
16413,www.gvhospital.org
16414,www.gvmh.org
16415,www.gvnrhospital.org
16416,www.gwch.org
16417,www.gwhealthcare.org
16418,www.gwhospital.com
16419,www.hackensackmeridianhealth.org
16420,www.hadh.org
16421,www.hahv.org
16422,www.halifaxregional.org
16423,www.hamc.com
16424,www.hamiltoncenter.org
16425,www.hammondhenry.com
16426,www.hamptonregional.org
16427,www.hancockhealth.org
16428,www.hannibalregional.org
16429,www.harbor-ucla.org
16430,www.harboroaks.com
16431,www.hardinmedicalcenter.org
16432,www.hardtnermedical.com
16433,www.harmonmemorial.com
16434,www.harneydh.com
16435,www.harringtonhospital.org
16436,www.harrishealth.org
16437,www.harrisonmemhosp.com
16438,www.harshacenter.com
16439,www.havasuregional.com
16440,www.havenalbuquerque.com
16441,www.havenfrisco.com
16442,www.havenofphoenix.com
16443,www.havenphiladelphia.com
16444,www.havenreading.com
16445,www.hawaiipacifichealth.org
16446,www.hawardenregionalhealthcare.com
16447,www.haymed.org
16448,www.haysmed.com
16449,www.hazelhawkins.com
16450,www.hbch.org
16451,www.hbhospital.com
16452,www.hbmc.org
16453,www.hcafloridahealthcare.com
16454,www.hcahoustonhealthcare.com
16455,www.hcamidwest.com
16456,www.hcavirginia.com
16457,www.hcchospital.com
16458,www.hcchospital.org
16459,www.hcdpbc.org
16460,www.hchcares.org
16461,www.hchconline.org
16462,www.hchin.org
16463,www.hcmc-tn.org
16464,www.hcmc.us.com
16465,www.hcnj.us
16466,www.hdh.org
16467,www.health.state.mn.us
16468,www.health.wvu.edu
16469,www.healthiertucson.com
16470,www.healthmarkregional.com
16471,www.healthonecares.com
16472,www.healthpartners.com
16473,www.healthsourcesaginaw.org
16474,www.healthsouthaustin.com
16475,www.healthsouthbakersfield.com
16476,www.healthsouthcoloradosprings.com
16477,www.healthsouthcolumbia.com
16478,www.healthsouthdeaconess.com
16479,www.healthsouthkentucky.com
16480,www.healthsouthlakeview.com
16481,www.healthsouthpa.com
16482,www.healthsouthsanjuan.com
16483,www.healthsouthsarasota.com
16484,www.healthsouthseapines.com
16485,www.healthsouthvineland.com
16486,www.heartoftexashealthcare.org
16487,www.hebrewhealthcare.org
16488,www.hebrewseniorlife.org
16489,www.hegghc.org
16490,www.helenkeller.com
16491,www.hemetglobalmedcenter.com
16492,www.hendersoncchospital.com
16493,www.hendersonhealthcare.org
16494,www.hendersonhospital.com
16495,www.hendrickhealth.org
16496,www.hendricks.org
16497,www.hendrickshosp.org
16498,www.hennepinhealthcare.org
16499,www.henrycountyhospital.org
16500,www.henryford.com
16501,www.henrymayo.com
16502,www.heritagevalley.org
16503,www.heywood.org
16504,www.hfmhealth.org
16505,www.hghospital.org
16506,www.hhc.org
16507,www.hhsc.org
16508,www.hialeahhosp.com
16509,www.hickorytrail.com
16510,www.highlandch.com
16511,www.highpointhealthsystem.com
16512,www.highpointregional.com
16513,www.hillcrestpryor.com
16514,www.hillregionalhospital.com
16515,www.hillsborohealth.org
16516,www.hillsborohospital.com
16517,www.hillsdalehospital.com
16518,www.hnjh.org
16519,www.hoag.org
16520,www.hoagorthopedicinstitute.com
16521,www.hollandhospital.org
16522,www.hollywoodpresbyterian.com
16523,www.holy-cross.com
16524,www.holycrosshealth.org
16525,www.holyname.org
16526,www.holyokehealth.com
16527,www.holzer.org
16528,www.homeboundbrewhaus.com
16529,www.honokaahospital.org
16530,www.honorhealth-rehab.com
16531,www.honorhealth.com
16532,www.hoodmemorial.com
16533,www.hopedalemc.com
16534,www.hopkinsmedicine.org
16535,www.hornmemorialhospital.org
16536,www.hospice.com
16537,www.hospitalconcepcion.org
16538,www.hospitaldamas.com
16539,www.hospitalespr.org
16540,www.hospitalforbehavioralmedicine.com
16541,www.hospitalpanamericano.com
16542,www.hospitalupr.org
16543,www.houstonbehavioralhealth.com
16544,www.houstonmethodist.org
16545,www.houstonphysicianshospital.com
16546,www.howardmemorial.com
16547,www.hrmc.us
16548,www.hrrmc.com
16549,www.hsaipr.com
16550,www.hscbmoca.org
16551,www.hshs.org
16552,www.hss.edu
16553,www.hudsonregionalhospital.com
16554,www.hugginshospital.org
16555,www.huhealthcare.com
16556,www.humboldthospital.org
16557,www.hunterdonhealth.org
16558,www.huntingtonbeachtattooshop.com
16559,www.huntingtoncreekrecovery.com
16560,www.huntingtonhealth.org
16561,www.huntregional.org
16562,www.huntsvillehospital.org
16563,www.huntsvillememorial.com
16564,www.hurleymc.com
16565,www.huronregional.org
16566,www.hutchregional.com
16567,www.hvch.org
16568,www.iberiamedicalcenter.com
16569,www.icarerehabilitation.com
16570,www.idahoelksrehab.org
16571,www.idahofallscommunityhospital.com
16572,www.igh-hospital.com
16573,www.ihs.gov
16574,www.imhcc.com
16575,www.in.gov
16576,www.independence.health
16577,www.indianapolis-rehabhospital.com
16578,www.infirmaryhealth.org
16579,www.inova.org
16580,www.inspirahealthnetwork.org
16581,www.inspirehospital.com
16582,www.integris-health.com
16583,www.interfaithmedical.com
16584,www.ioshospital.com
16585,www.iowaspecialtyhospital.com
16586,www.iredelldavis.org
16587,www.iredellhealth.org
16588,www.irmc.org
16589,www.irwincntyhospital.com
16590,www.ivinsonhospital.org
16591,www.jackson.org
16592,www.jacksonhosp.com
16593,www.jacksonparkhospital.org
16594,www.jacksonpurchase.com
16595,www.jacobsonhospital.org
16596,www.jamestownhospital.com
16597,www.janetoddhospital.com
16598,www.jaspergeneralhospital.com
16599,www.jaspermemorialhospital.org
16600,www.jcf-hospital.com
16601,www.jch.org
16602,www.jchd.org
16603,www.jchealthandlife.org
16604,www.jchealthcare.com
16605,www.jcl.com
16606,www.jcmh.com
16607,www.jdmc.org
16608,www.jeffdavishospital.org
16609,www.jefferson.edu
16610,www.jeffersoncountyhealthcenter.org
16611,www.jeffersonhealth.org
16612,www.jeffhospital.com
16613,www.jewellcohospital.org
16614,www.jmc.org
16615,www.jmh.org
16616,www.johnmuirhealth.com
16617,www.johnsoncounty-rehab.com
16618,www.johnsonmemorial.org
16619,www.johnstonhealth.org
16620,www.jpshealthnet.org
16621,www.jrmc.com
16622,www.jrmc.org
16623,www.jsmc.org
16624,www.jupitermed.com
16625,www.kaleidahealth.org
16626,www.kanehosp.com
16627,www.kanokladesign.studio
16628,www.kansas.surgery
16629,www.kansashealthsystem.com
16630,www.karmanos.org
16631,www.kauhospital.org
16632,www.kaweahhealth.org
16633,www.kcchsd.org
16634,www.kch.org
16635,www.kchd.org
16636,www.kcoi.com
16637,www.kdads.ks.gov
16638,www.kdhks.com
16639,www.kdmc.org
16640,www.kearnycountyhospital.com
16641,www.keckmedicine.org
16642,www.kedren.org
16643,www.kellwest.com
16644,www.kennedykrieger.org
16645,www.kentri.org
16646,www.kessler-rehab.com
16647,www.kh.org
16648,www.kidspeace.org
16649,www.kindredhospitals.com
16650,www.kingmanhc.com
16651,www.kingsdaughtershealth.com
16652,www.kirbyhealth.org
16653,www.ksbhospital.com
16654,www.ksspine.com
16655,www.kuakini.org
16656,www.kvc.org
16657,www.kvhd.org
16658,www.kvhealth.net
16659,www.kvhealthcare.org
16660,www.labettehealth.com
16661,www.lackeymemorialhospital.com
16662,www.lafayettegeneral.com
16663,www.lahey.org
16664,www.lajhealth.org
16665,www.lakeareamc.com
16666,www.lakebehavioralhospital.com
16667,www.lakecitymedicalcenter.org
16668,www.lakecumberlandhospital.com
16669,www.lakegranburymedicalcenter.com
16670,www.lakelandbehavioralhealth.com
16671,www.lakeregional.com
16672,www.laketaylor.org
16673,www.lakeviewbehavioralhealth.com
16674,www.lakewoodhealthsystem.com
16675,www.lakewoodranchmedicalcenter.com
16676,www.lancastergeneralhealth.org
16677,www.landmarkhospitals.com
16678,www.lanecountyhospital.com
16679,www.lanermc.org
16680,www.lapazhospital.org
16681,www.laredomedical.com
16682,www.larkinbehavioral.com
16683,www.lasallegeneralhospital.com
16684,www.lasencinashospital.com
16685,www.lauderdalehospital.org
16686,www.lawrencegeneral.org
16687,www.lawrencemedicalcenter.com
16688,www.lawrencememorial.info
16689,www.lcgh.net
16690,www.lchcia.com
16691,www.lchdhealthcare.org
16692,www.lcmchealth.org
16693,www.lcmcwmh.com
16694,www.lcmh.com
16695,www.lcmhosp.org
16696,www.leehealth.org
16697,www.legacyhealth.org
16698,www.legenthealth.com
16699,www.lexmed.com
16700,www.lhhs.org
16701,www.libertyhospital.org
16702,www.libertyregional.org
16703,www.lifebridgehealth.org
16704,www.lifecare-health.com
16705,www.lifeways.org
16706,www.limamemorial.org
16707,www.lincolnhospital.org
16708,www.lindsborghospital.org
16709,www.livingstonhealthcare.org
16710,www.lkmc.com
16711,www.llhospital.com
16712,www.llumc.edu
16713,www.lmh.org
16714,www.lmhealth.org
16715,www.lmhospital.org
16716,www.lnrmc.com
16717,www.logan.org
16718,www.loganregionalmedicalcenter.com
16719,www.logansportmemorial.org
16720,www.lompocvmc.com
16721,www.longleafhospital.com
16722,www.longviewregional.com
16723,www.lorettohospital.org
16724,www.loringhospital.org
16725,www.losalamosmedicalcenter.com
16726,www.losgh.org
16727,www.lowerumpquahospital.org
16728,www.loyolamedicine.org
16729,www.lph.hospital
16730,www.lrgh.org
16731,www.lrhc.org
16732,www.lsbc.net
16733,www.lsuhospitals.org
16734,www.luriechildrens.org
16735,www.lutherandowntownhospital.com
16736,www.lutheranhospital.com
16737,www.luthermidelfortnorthland.org
16738,www.macneal.com
16739,www.mahnomenhealthcenter.com
16740,www.mayoclinic.org
16741,www.mayoclinichealthsystem.org
16742,www.mcehospital.com
16743,www.mchalbia.com
16744,www.mchcares.com
16745,www.mchks.com
16746,www.mchodessa.com
16747,www.mchonline.org
16748,www.mchswecare.com
16749,www.mchsys.org
16750,www.mckenziehealth.org
16751,www.mclaren.org
16752,www.mcleanhospital.org
16753,www.mcleodhealth.org
16754,www.mcmccares.com
16755,www.mcmedical.org
16756,www.mcmh.org
16757,www.mcmh.us
16758,www.mcphersoncenterforhealth.org
16759,www.mcrhc.com
16760,www.mdanderson.org
16761,www.mdh.org
16762,www.mdihospital.org
16763,www.meadowviewregional.com
16764,www.meadowwoodhospital.com
16765,www.med.navy.mil
16766,www.medctrbarbour.org
16767,www.medicalartshospital.org
16768,www.medicalcentersetexas.org
16769,www.medicalcityhealthcare.com
16770,www.medinahospital.net
16771,www.medstarfranklin.org
16772,www.medstarhealth.org
16773,www.meekermemorial.org
16774,www.meememorial.com
16775,www.melham.org
16776,www.memorial.org
16777,www.memorialcare.org
16778,www.memorialcommunityhealth.org
16779,www.memorialhospitalgardena.com
16780,www.memorialhospitaloflafayettecounty.org
16781,www.mercy.com
16782,www.mercy.net
16783,www.mercybh.com
16784,www.mercycare.org
16785,www.mercyh.org
16786,www.mercyhealth.org
16787,www.mercyhealthlovecounty.com
16788,www.mercyhealthsystem.org
16789,www.mercyhospitalvalleycity.org
16790,www.mercyone.org
16791,www.mercyonenorthiowaaffiliates.org
16792,www.mercyrose.org
16793,www.meridianhs.org
16794,www.merithealthbiloxi.com
16795,www.merithealthcentral.com
16796,www.merithealthmadison.com
16797,www.merithealthnatchez.com
16798,www.merithealthrankin.com
16799,www.merithealthriveroaks.com
16800,www.merithealthriverregion.com
16801,www.merithealthwesley.com
16802,www.merithealthwomanshospital.com
16803,www.meritushealth.com
16804,www.methodist-rehab.com
16805,www.methodistfamily.org
16806,www.methodisthealth.org
16807,www.methodisthealthsystem.org
16808,www.methodisthospitalforsurgery.com
16809,www.methodistonline.org
16810,www.metrohealth.org
16811,www.mghospital.com
16812,www.mgmc.org
16813,www.mh-m.org
16814,www.mhchester.com
16815,www.mhcs.us
16816,www.mhealthfairview.org
16817,www.mhhcc.org
16818,www.mhhs.healthcare
16819,www.mhs.mayo.edu
16820,www.mhs.net
16821,www.mhsystem.org
16822,www.mhtcguymon.org
16823,www.mhtlc.org
16824,www.mhweb.org
16825,www.miamijewishhealth.org
16826,www.michigan.gov
16827,www.michiganmedicine.org
16828,www.midjeffextendedcare.com
16829,www.midlandhealth.org
16830,www.midwestmedicalcenter.org
16831,www.milebluff.com
16832,www.milfordregional.org
16833,www.millerchildrens.memorialcare.org
16834,www.millercountyhospital.com
16835,www.miltonhospital.org
16836,www.milwaukee-rehabhospital.com
16837,www.minershosp.com
16838,www.minidokamemorial.com
16839,www.missionhealth.org
16840,www.missouribaptist.org
16841,www.missouribaptistsullivan.org
16842,www.missouridelta.com
16843,www.mizellmh.com
16844,www.mlhealth.org
16845,www.mlkch.org
16846,www.mlmh.net
16847,www.mmchs.org
16848,www.mmclc.org
16849,www.mmcportlavaca.com
16850,www.mmhealth.org
16851,www.mmhok.net
16852,www.moberlyregionalmedicalcenter.com
16853,www.mobridgehospital.org
16854,www.moffitt.org
16855,www.monhealth.com
16856,www.monroehospital.org
16857,www.monroesurgical.com
16858,www.monroviamemorial.com
16859,www.montagehealth.org
16860,www.montefiorehealthsystem.org
16861,www.montefiorenyack.org
16862,www.montefioreslc.org
16863,www.montevideomedical.com
16864,www.montrosebehavioral.com
16865,www.morrillcountyhospital.com
16866,www.morrishospital.org
16867,www.morrowcountyhealthdistrict.org
16868,www.morrowcountyhospital.com
16869,www.mortonplant.com
16870,www.mountain.commonspirit.org
16871,www.mountainlakesmedicalcenter.com
16872,www.mountainsedgehospital.com
16873,www.mountainstar.com
16874,www.mountainviewhospital.org
16875,www.mountainviewregional.com
16876,www.mountcarmelhealth.com
16877,www.mountsinai.org
16878,www.mrcohosp.com
16879,www.mrhc.org
16880,www.mrhcia.com
16881,www.mrhcok.com
16882,www.mrhme.org
16883,www.msh.ms.gov
16884,www.mskcc.org
16885,www.msmc.com
16886,www.msmh.org
16887,www.msrhc.org
16888,www.mtascutneyhospital.org
16889,www.mtgraham.org
16890,www.mtnviewhospital.com
16891,www.muhealth.org
16892,www.multicare.org
16893,www.munsonhealthcare.org
16894,www.murrayhospital.org
16895,www.mvhealth.org
16896,www.mvhealthsystem.org
16897,www.mvmc.org
16898,www.mvmedcenter.org
16899,www.mwmc.com
16900,www.mwph.org
16901,www.mwsurgicalhospital.com
16902,www.myammc.org
16903,www.myccmc.org
16904,www.mycmh.org
16905,www.myflfamilies.com
16906,www.myharrisregional.com
16907,www.myhch.org
16908,www.myhorizonhealth.org
16909,www.mylivingstonhospital.com
16910,www.mylrh.org
16911,www.mymarinhealth.org
16912,www.mymhp.org
16913,www.mymichigan.org
16914,www.mymlc.com
16915,www.mymosh.com
16916,www.mynmchealth.org
16917,www.myrgh.org
16918,www.myrtuemedical.org
16919,www.mysmh.org
16920,www.mystfrancis.com
16921,www.myswaincommunity.com
16922,www.nacmedicalcenter.com
16923,www.nacmem.org
16924,www.nahealth.com
16925,www.nahospital.org
16926,www.namccares.com
16927,www.namcshoals.com
16928,www.narmc.com
16929,www.nashunchealthcare.org
16930,www.nationaljewish.org
16931,www.nationalparkmedical.com
16932,www.nationwidechildrens.org
16933,www.natividad.com
16934,www.navarrohospital.com
16935,www.navos.org
16936,www.nbhh.com
16937,www.ncbhok.org
16938,www.ncdhhs.gov
16939,www.ncdps.gov
16940,www.nch.org
16941,www.nchospital.org
16942,www.nchsi.com
16943,www.nchsi.org
16944,www.nckmed.com
16945,www.ncm-c.org
16946,www.ncspecialty.com
16947,www.nd.gov
16948,www.ndhc.net
16949,www.nebh.org
16950,www.nebraskamed.com
16951,www.nec.org
16952,www.nemhs.net
16953,www.nemours.org
16954,www.nermc.com
16955,www.neshobageneral.com
16956,www.neuropsychiatrichospitals.net
16957,www.newberryhospital.org
16958,www.newlondonhospital.org
16959,www.newmanrh.org
16960,www.newportbayhospital.com
16961,www.nfch.org
16962,www.ngcah.com
16963,www.nghs.com
16964,www.nicklauschildrens.org
16965,www.nih.org
16966,www.nj.gov
16967,www.njrehab.org
16968,www.nkch.org
16969,www.nlh.org
16970,www.nm.org
16971,www.nmbhi.org
16972,www.nmhs.net
16973,www.nmrmc.com
16974,www.nmsh.ms.gov
16975,www.nnmc.com
16976,www.nnrhospital.com
16977,www.nolandhealth.com
16978,www.norcen.org
16979,www.normanregional.com
16980,www.northbay.org
16981,www.northeastrehab.com
16982,www.northfieldhospital.org
16983,www.northmemorial.com
16984,www.northoaks.org
16985,www.northokaloosa.com
16986,www.northshore-rehab.com
16987,www.northshore.org
16988,www.northshorehealthgm.org
16989,www.northshoremc.org
16990,www.northside.com
16991,www.northtampabehavioralhealth.com
16992,www.northvalleyhealth.org
16993,www.northwell.edu
16994,www.northwesternmedicalcenter.org
16995,www.northwesthealth.com
16996,www.nortonsoundhealth.org
16997,www.novanthealth.org
16998,www.novanthealthuva.org
16999,www.nrmchealth.com
17000,www.nrmchospital.org
17001,www.ntcohosp.com
17002,www.numc.edu
17003,www.nuvancehealth.org
17004,www.nvhcares.org
17005,www.nvhospital.org
17006,www.nwh.org
17007,www.nwhealthlaporte.com
17008,www.nwhealthstarke.com
17009,www.nwths.com
17010,www.nyc.gov
17011,www.nychealthandhospitals.org
17012,www.nyee.edu
17013,www.nygsh.org
17014,www.nyp.org
17015,www.nyspi.org
17016,www.nyuhs.org
17017,www.oasishospital.com
17018,www.obhbr.info
17019,www.obhgno.info
17020,www.obhhospital.com
17021,www.ocbumperandbody.com
17022,www.oceanbeachhospital.com
17023,www.och.org
17024,www.ochealthsystem.org
17025,www.ochiltreehospital.com
17026,www.ochonline.com
17027,www.ochsner.org
17028,www.ochsnerlsuhs.org
17029,www.ochsnerrush.org
17030,www.ocmh.org
17031,www.odessaregional.com
17032,www.ohiohealth-rehab.com
17033,www.ohiohealth.com
17034,www.ohiohospitalforpsychiatry.com
17035,www.ohow.org
17036,www.ohsu.edu
17037,www.okeenehospital.com
17038,www.okheart.com
17039,www.oklahomacity-rehab.com
17040,www.oklahomasurgicalhospital.com
17041,www.okmh.org
17042,www.olathehealth.org
17043,www.olmmed.org
17044,www.olympicmedical.org
17045,www.omhc.org
17046,www.oneidahealth.org
17047,www.onslow.org
17048,www.onvidahealth.org
17049,www.opelousasgeneral.com
17050,www.optionsbehavioralhealthsystem.com
17051,www.orchardhospital.com
17052,www.oregon.gov
17053,www.orlandohealth.com
17054,www.orovillehospital.com
17055,www.orthoindy.com
17056,www.osfhealth.com
17057,www.osfhealthcare.org
17058,www.oswegohealth.org
17059,www.othellocommunityhospital.org
17060,www.ottawacountyhealthcenter.com
17061,www.ottumwaregionalhealth.com
17062,www.ouachitamedcenter.com
17063,www.ouhealth.com
17064,www.outerbankshealth.org
17065,www.overlakehospital.org
17066,www.ovsurgical.com
17067,www.owensborohealth.org
17068,www.ozarkhealthinc.com
17069,www.ozarkshealthcare.com
17070,www.pa.gov
17071,www.pacificgrovehospital.com
17072,www.pagosaspringsmedicalcenter.org
17073,www.pah.org
17074,www.palacioshospital.net
17075,www.palestineregional.com
17076,www.palmbeachhealthnetwork.com
17077,www.palmettogeneral.org
17078,www.palomarhealth.org
17079,www.palomarhealthrehabinstitute.com
17080,www.paloverdehospital.org
17081,www.pardeehospital.org
17082,www.parklandhealth.org
17083,www.parklandhealthcenter.org
17084,www.parkridgehealth.com
17085,www.parkroyalhospital.com
17086,www.parkview.com
17087,www.parkviewregional.com
17088,www.parmermedicalcenter.com
17089,www.parrishhealthcare.com
17090,www.patientshospital.com
17091,www.patrickbharris.com
17092,www.paviahealth.com
17093,www.pbmchealth.org
17094,www.pbrmc.com
17095,www.pcghospital.com
17096,www.pchd.net
17097,www.pchne.org
17098,www.pchonline.org
17099,www.pchosp.org
17100,www.pchospital.org
17101,www.pchsgrant.com
17102,www.pcmh-mo.org
17103,www.pcmhfs.com
17104,www.pcmhosp.com
17105,www.pdh.org
17106,www.peacehealth.org
17107,www.pellahealth.org
17108,www.pemiscot.org
17109,www.pendermemorial.org
17110,www.pennmedicine.org
17111,www.pennstatehealth.org
17112,www.perhamhealth.org
17113,www.perimeterhealthcare.com
17114,www.permianregional.com
17115,www.pershinghospital.org
17116,www.personhospital.com
17117,www.petersonhealth.com
17118,www.phelpsmemorial.com
17119,www.phgbatesville.com
17120,www.phhealthcare.org
17121,www.philiphealthservices.com
17122,www.phillipshospital.org
17123,www.phs.org
17124,www.phycarehospital.com
17125,www.physiciansregional.com
17126,www.piedmont.org
17127,www.piedmontmedicalcenter.com
17128,www.pihhealth.org
17129,www.pikevillehospital.org
17130,www.pinerest.org
17131,www.pioneermemorial.org
17132,www.pioneershospital.org
17133,www.pioneerspecialtyhospital.com
17134,www.planview.com
17135,www.pmcak.org
17136,www.pmh.com
17137,www.pmhmedicalcenter.com
17138,www.pmhnet.com
17139,www.pmhwv.org
17140,www.pocahontashospital.org
17141,www.polarahealth.com
17142,www.pomerenehospital.org
17143,www.pontiacgeneral.com
17144,www.porterhealth.com
17145,www.portermedical.org
17146,www.porterstarke.org
17147,www.portneuf.org
17148,www.portstluciehospitalinc.com
17149,www.powershealth.org
17150,www.ppgh.com
17151,www.prairielakes.com
17152,www.premierhealth.com
17153,www.presbypr.com
17154,www.prhc.us
17155,www.princetonhcs.org
17156,www.progresswest.org
17157,www.prohealthcare.org
17158,www.promedica.org
17159,www.promiseeastla.com
17160,www.providence.org
17161,www.prowersmedical.com
17162,www.psh-rehab.com
17163,www.putnamgeneral.com
17164,www.pvhc.org
17165,www.pvhmc.org
17166,www.pvhme.org
17167,www.queens.org
17168,www.raleighgeneral.com
17169,www.ramchealth.com
17170,www.randolphhealth.org
17171,www.range.fairview.org
17172,www.rangelyhospital.com
17173,www.rbmc.org
17174,www.rchc.us
17175,www.rchmtayr.org
17176,www.rchsd.org
17177,www.rcmc-mhs.org
17178,www.reaganhealth.com
17179,www.reboundbehavioralhealth.com
17180,www.redeemerhealth.org
17181,www.redfieldcmh.org
17182,www.redlandshospital.org
17183,www.redriverhospital.com
17184,www.redwoodareahospital.org
17185,www.reevesregional.com
17186,www.refugiohospital.com
17187,www.regencyhospital.com
17188,www.regionalhealth.com
17189,www.regionalonehealth.org
17190,www.regionsbh.com
17191,www.regmedctr.org
17192,www.rehabhospital.org
17193,www.rehabhospitalofmontana.com
17194,www.rehabhospitalri.com
17195,www.rehabhospitalwi.com
17196,www.reidhealth.org
17197,www.renobehavioral.com
17198,www.renown.org
17199,www.resolutehealth.com
17200,www.rexhealth.com
17201,www.rfgh.net
17202,www.rhirehab.com
17203,www.rhs.care
17204,www.richardsonmed.org
17205,www.richlandhospital.com
17206,www.ridgeview.com
17207,www.ridgeviewinstitute.com
17208,www.ridgeviewmedical.org
17209,www.rimrehab.org
17210,www.riovistabehavioral.com
17211,www.rivercresthospital.com
17212,www.riverhospital.org
17213,www.riverplacebh.com
17214,www.riversidehealthcare.org
17215,www.riversidehospital.net
17216,www.riversideonline.com
17217,www.riverviewbehavioralhealth.com
17218,www.riverviewhealth.org
17219,www.riverwoodsbehavioral.com
17220,www.rlshospital.org
17221,www.rmcca.com
17222,www.rmch.org
17223,www.rmchospital.com
17224,www.rmhmt.org
17225,www.rmlspecialtyhospital.org
17226,www.rmmhonline.com
17227,www.rochellehospital.com
17228,www.rochesterregional.org
17229,www.rockcastleregional.org
17230,www.rollinghillshospital.com
17231,www.romehealth.org
17232,www.rooseveltrecovery.com
17233,www.roosmem.org
17234,www.roselandhospital.org
17235,www.roswellpark.org
17236,www.rphospital.org
17237,www.rpmh.net
17238,www.rrh.org
17239,www.rrmc.org
17240,www.rsfh.com
17241,www.rucares.org
17242,www.ruhealth.org
17243,www.rumcsi.org
17244,www.rush.edu
17245,www.rushcountymemorialhospital.com
17246,www.rushmemorial.com
17247,www.russellcohospital.org
17248,www.russellhospital.org
17249,www.russellvillehospital.com
17250,www.rustonregional.com
17251,www.rutherfordhosp.org
17252,www.rvbh.com
17253,www.rvmc.org
17254,www.rwhs.org
17255,www.rwjbh.org
17256,www.sabethahospital.com
17257,www.safeguide.net
17258,www.sagememorial.com
17259,www.sagewesthealthcare.com
17260,www.sahealth.com
17261,www.sahpendleton.org
17262,www.saintalphonsus.org
17263,www.saintcroixhealth.org
17264,www.saintfrancis.com
17265,www.saintfranciscare.com
17266,www.saintfrancishosp.com
17267,www.saintjosephs.org
17268,www.saintlukeskc.org
17269,www.saintmarysregional.com
17270,www.saintpetershcs.com
17271,www.saintthomasbehavioral.com
17272,www.salemhealth.org
17273,www.salemregional.com
17274,www.salinasurgical.com
17275,www.salinasvalleyhealth.com
17276,www.salinememorial.org
17277,www.samaritanhealthcare.com
17278,www.samaritanhospital.net
17279,www.samc.com
17280,www.samc.org
17281,www.samedaysurgerycenter.org
17282,www.sampsonrmc.org
17283,www.sanantoniobehavioral.com
17284,www.sandiego.aurorabehavioral.com
17285,www.sandiegocounty.gov
17286,www.sanfordhealth.org
17287,www.sanjorgechildrenshospital.com
17288,www.sanjosebh.com
17289,www.sanjuanregional.com
17290,www.sanlucaspr.com
17291,www.sanluisvalleyhealth.org
17292,www.sanramonmedctr.com
17293,www.sarahbush.org
17294,www.saratogahospital.org
17295,www.sarh.org
17296,www.satantahospital.net
17297,www.saukprairiehealthcare.org
17298,www.sbamh.com
17299,www.sbcraleigh.com
17300,www.sbhny.org
17301,www.sblfch.org
17302,www.scdmh.org
17303,www.sch-culvercity.com
17304,www.scheurer.org
17305,www.schneckmed.org
17306,www.scmcinc.org
17307,www.scmhks.org
17308,www.scotlandhealth.org
17309,www.scotthospital.net
17310,www.scripps.org
17311,www.scsh.com
17312,www.sdch.com
17313,www.seasidehc.com
17314,www.seattlechildrens.org
17315,www.sebastianalbrecht.com
17316,www.sechosp.org
17317,www.seilingmunicipalhospital.org
17318,www.selectmedicalcorp.com
17319,www.selectrehabilitationhospital.com
17320,www.selectspecialtyhospitals.com
17321,www.selfregional.org
17322,www.semel.ucla.edu
17323,www.sentara.com
17324,www.sevenhillsbi.com
17325,www.seviercountymedical.com
17326,www.sf.gov
17327,www.sfmc.net
17328,www.sfsurgical.com
17329,www.sghs.org
17330,www.sgmc.org
17331,www.sgmh.org
17332,www.shamrockhospital.com
17333,www.shannonhealth.com
17334,www.sharonregionalmedical.org
17335,www.sharp.com
17336,www.shelteringarms.com
17337,www.shepherd.org
17338,www.sheppardpratt.org
17339,www.sheridanhospital.com
17340,www.sheridanhospital.org
17341,www.sheridanmemorial.net
17342,www.shoremedicalcenter.org
17343,www.shorepointhealthcharlotte.com
17344,www.shoshonehealth.com
17345,www.shreveport-rehabhospital.com
17346,www.shrinerschildrens.org
17347,www.sidneyhealth.org
17348,www.sidneyrmc.com
17349,www.sierra-view.com
17350,www.sierratucson.com
17351,www.sih.net
17352,www.silvercross.org
17353,www.silverlakehospital.org
17354,www.silveroaksbehavioralhospital.com
17355,www.simivalleyhospital.com
17356,www.simpson-rehab.com
17357,www.sinaichicago.org
17358,www.siouxcenterhealth.org
17359,www.siskinrehab.org
17360,www.sistemamenonita.com
17361,www.sistersvillehospital.com
17362,www.sjahs.org
17363,www.sjchs.org
17364,www.sjgeneral.org
17365,www.sjhsyr.org
17366,www.sjmed.com
17367,www.sjph.org
17368,www.sjrmc.org
17369,www.sjvcenter.org
17370,www.skagitregionalhealth.org
17371,www.skiffmed.com
17372,www.skylakes.org
17373,www.slhduluth.com
17374,www.slhmarion.org
17375,www.slhn.org
17376,www.slidellmemorial.org
17377,www.slrc.org
17378,www.smccare.com
17379,www.smchealth.org
17380,www.smchospital.com
17381,www.smcnd.org
17382,www.smcok.com
17383,www.smdcmedicalcenter.org
17384,www.smdh.net
17385,www.smh.com
17386,www.smha.org
17387,www.smhdhealth.org
17388,www.smhtx.com
17389,www.smmh.hhsc.org
17390,www.smokeypointbehavioralhospital.com
17391,www.smrmc.com
17392,www.smsh.ms.gov
17393,www.snhhealth.org
17394,www.soch.com
17395,www.somc.org
17396,www.somersethospital.com
17397,www.sonomavalleyhospital.org
17398,www.sonora-hospital.org
17399,www.southcoast.org
17400,www.southcoastbehavioral.com
17401,www.southcountyhealth.org
17402,www.southerntnlawrenceburg.com
17403,www.southerntnpulaski.com
17404,www.southerntnwinchester.com
17405,www.southlakehospital.com
17406,www.southlincolnmedical.com
17407,www.southnassau.org
17408,www.southshorehealth.org
17409,www.southshorehospital.com
17410,www.southsunflower.com
17411,www.southtexashealthsystemedinburg.com
17412,www.southtexassurgicalhospital.com
17413,www.southwesthealth.org
17414,www.southwesthealthcare.com
17415,www.southwoodhospital.com
17416,www.southwoodshealth.com
17417,www.sovahhealth.com
17418,www.sparrowspecialty.org
17419,www.spartahospital.com
17420,www.spartanburgregional.com
17421,www.spauldingnetwork.org
17422,www.spectrumhealth.org
17423,www.spectrumhealthlakeland.org
17424,www.spencerhospital.org
17425,www.sphealth.org
17426,www.sphosp.org
17427,www.sphp.com
17428,www.sprhc.org
17429,www.springbrookhospital.org
17430,www.springheights.care
17431,www.springhillmedicalcenter.com
17432,www.springvalleyhospital.com
17433,www.springviewhospital.com
17434,www.springwoodsbehavioral.com
17435,www.sralab.org
17436,www.srhc.com
17437,www.srmcfl.com
17438,www.sscbr.com
17439,www.ssmhealth.com
17440,www.st-claire.org
17441,www.st-marys.org
17442,www.staffordcounty.org
17443,www.stamfordhealth.org
17444,www.stanfordchildrens.org
17445,www.stanleyhealth.org
17446,www.stanthonycommunityhosp.org
17447,www.stanthonyhospital.org
17448,www.stantoncountyhospital.com
17449,www.starcarelubbock.org
17450,www.starrcountyhospital.com
17451,www.starrregional.com
17452,www.stbernards.info
17453,www.stclair.org
17454,www.stdavids.com
17455,www.steelemh.org
17456,www.stelizabeth.com
17457,www.stemc.org
17458,www.stevenscountyhospital.com
17459,www.steward.org
17460,www.stewartmemorial.org
17461,www.stfrancis-shakopee.com
17462,www.stgabriels.com
17463,www.sthelenahospital.org
17464,www.stillwater-medical.org
17465,www.stilwellmemorialhospital.com
17466,www.stjohnbrokenarrow.com
17467,www.stjohnowasso.com
17468,www.stjohns.health
17469,www.stjohnshealth.org
17470,www.stjosephshighland.com
17471,www.stjude.org
17472,www.stlawrencehealthsystem.org
17473,www.stlouischildrens.org
17474,www.stlukes-stl.com
17475,www.stlukesbehavioralhealth.org
17476,www.stlukeshealth.org
17477,www.stlukesonline.org
17478,www.stmaryshealthcaresystem.org
17479,www.stmarysregional.com
17480,www.stmgb.org
17481,www.stonecrestcenter.com
17482,www.stonybrookmedicine.edu
17483,www.stormontvail.org
17484,www.storymedical.org
17485,www.strategicbh.com
17486,www.stringfellowmemorial.com
17487,www.stritas.org
17488,www.strosehospital.org
17489,www.sttammany.health
17490,www.sturdyhealth.org
17491,www.stvincent.health
17492,www.stvincenthospital.com
17493,www.summahealth.org
17494,www.summerlinhospital.com
17495,www.summitmedicalcasper.com
17496,www.surgeryspecialty.com
17497,www.sutterhealth.org
17498,www.svhnm.org
17499,www.svmhi.dbhds.virginia.gov
17500,www.swedish.org
17501,www.swedishcovenant.org
17502,www.sweetwatermemorial.com
17503,www.sweharris.org
17504,www.swgeneral.com
17505,www.swhcoronaregional.com
17506,www.swhealth.org
17507,www.swhpalmdaleregional.com
17508,www.swhtemeculavalley.com
17509,www.swisherhospital.com
17510,www.swmedcenter.com
17511,www.syringahospital.org
17512,www.tamarackhealth.org
17513,www.tanner.org
17514,www.taylorregional.org
17515,www.tbh.org
17516,www.tclmh.org
17517,www.tcmedcenter.org
17518,www.tcmh.org
17519,www.tcrh.org
17520,www.telecarecorp.com
17521,www.tennova.com
17522,www.tennovanorthknoxville.com
17523,www.texaschildrens.org
17524,www.texashealth.org
17525,www.texashealthhuguley.org
17526,www.texasinstituteforsurgery.com
17527,www.texasrehabarlington.com
17528,www.texasrehabhospital.com
17529,www.texasrehabkeller.com
17530,www.texomamedicalcenter.net
17531,www.tfhd.com
17532,www.tgh.org
17533,www.tghealthsystem.com
17534,www.tghnorth.org
17535,www.theblackberrycenter.com
17536,www.thecarpenterhealthnetwork.com
17537,www.thechristhospital.com
17538,www.theduponthospital.com
17539,www.thehospitalsofprovidence.com
17540,www.themedicalcenterfranklin.org
17541,www.theneuromedicalcenter.com
17542,www.theorthohospital.com
17543,www.thewilloughatnaples.com
17544,www.thibodaux.com
17545,www.thompsonhealth.com
17546,www.thorek.org
17547,www.threegablessurgery.com
17548,www.throckmortonhospital.com
17549,www.tidalhealth.org
17550,www.tidelandshealth.org
17551,www.tiogahealth.org
17552,www.tippahcountyhospital.com
17553,www.titusregional.com
17554,www.titusvillehospital.org
17555,www.tjsamson.org
17556,www.tmcaz.com
17557,www.tmh.org
17558,www.tn.gov
17559,www.tomahhealth.org
17560,www.torrancememorial.org
17561,www.touchette.org
17562,www.trhealth.com
17563,www.trhosp.org
17564,www.tricitymed.org
17565,www.trigghospital.org
17566,www.trihealth.com
17567,www.trihealthrehab.com
17568,www.trinityhealth.org
17569,www.trinityhealthma.org
17570,www.trinityhealthmichigan.org
17571,www.trinityhealthofne.org
17572,www.trinitymed.com
17573,www.trinitytwincity.org
17574,www.trioshealth.org
17575,www.tristarhealth.com
17576,www.trivalleyhealth.com
17577,www.troymedicalcenter.com
17578,www.trustpointhospital.com
17579,www.tuftsmedicine.org
17580,www.tulsa-rehabhospital.com
17581,www.tulsaspinehospital.com
17582,www.tvhd.org
17583,www.uabmedicine.org
17584,www.uchealth.com
17585,www.uchealth.org
17586,www.uchicagomedicine.org
17587,www.uchicagomedicineadventhealth.org
17588,www.uchs.org
17589,www.ucihealth.org
17590,www.uclahealth.org
17591,www.ucsfbenioffchildrens.org
17592,www.ucsfhealth.org
17593,www.ucvh.org
17594,www.uhcc.com
17595,www.uhd.org
17596,www.uhhospitals.org
17597,www.uhnj.org
17598,www.uhportage.org
17599,www.umc.edu
17600,www.umcelpaso.org
17601,www.umchealthsystem.com
17602,www.umcsn.com
17603,www.ummhealth.org
17604,www.umms.org
17605,www.unchealth.org
17606,www.unchealthblueridge.org
17607,www.unchealthsoutheastern.org
17608,www.unclenoir.org
17609,www.uncrockingham.org
17610,www.union.health
17611,www.uniongen.com
17612,www.unity-health.org
17613,www.unitymedcenter.com
17614,www.unitymedicalmanchester.com
17615,www.unityphysicianshospital.com
17616,www.unitypoint.org
17617,www.universityhealth.com
17618,www.universityhealthkc.org
17619,www.unm.edu
17620,www.uofmhealthsparrow.org
17621,www.uphealthsystem.com
17622,www.uplandhillshealth.org
17623,www.upmc.com
17624,www.upstate.edu
17625,www.urmc.rochester.edu
17626,www.usahealthsystem.com
17627,www.uscarcadiahospital.org
17628,www.utmb.edu
17629,www.utmedicalcenter.org
17630,www.utoledo.edu
17631,www.utsouthwestern.edu
17632,www.uuhsc.utah.edu
17633,www.uvahealthsouth.com
17634,www.uvmhealth.org
17635,www.uwhealth.org
17636,www.uwmedicine.org
17637,www.va.gov
17638,www.vailhealth.org
17639,www.valleybaptist.net
17640,www.valleybehavioral.com
17641,www.valleychildrens.org
17642,www.valleycountyhealthsystem.org
17643,www.valleyhealth.com
17644,www.valleyhealthlink.com
17645,www.valleyhospital.net
17646,www.valleymed.org
17647,www.valleypres.org
17648,www.valleyspringsbh.com
17649,www.valleyviewmedicalcenter.net
17650,www.vanderbilthealth.com
17651,www.vandiestmc.org
17652,www.vantagepointnwa.com
17653,www.vanwerthealth.org
17654,www.vaughanregional.com
17655,www.vcuhealth.org
17656,www.veteransmemorialhospital.com
17657,www.vfmc.net
17658,www.vhchealth.org
17659,www.victorvalleyglobalmedicalcenter.com
17660,www.virtua.org
17661,www.vistadelmarhospital.com
17662,www.vmfh.org
17663,www.vmh.org
17664,www.voans.org
17665,www.vvh.org
17666,www.vvrmc.org
17667,www.wabashgeneral.com
17668,www.wahiawageneral.org
17669,www.wake.gov
17670,www.wakehealth.edu
17671,www.wakemed.org
17672,www.waldeneatingdisorders.com
17673,www.walthallchamber.com
17674,www.wardmemorial.com
17675,www.warmc.com
17676,www.warmsprings.org
17677,www.warmspringsmc.org
17678,www.washingtoncountyhospital.net
17679,www.washingtoncountyhospital.org
17680,www.waterburyhospital.org
17681,www.watertownregional.com
17682,www.waukeshacounty.gov
17683,www.waverlyhealthcenter.org
17684,www.waynecountyhospital.org
17685,www.waynehealthcare.org
17686,www.wayneunc.org
17687,www.wbrhely.org
17688,www.wcch.com
17689,www.wcch.org
17690,www.wcchs.net
17691,www.wchc.org
17692,www.wchnh.org
17693,www.wchs-wy.org
17694,www.wcrmc.com
17695,www.wdhospital.com
17696,www.websterhospital.org
17697,www.weemsmemorial.com
17698,www.weirtonmedical.com
17699,www.weisermemorialhospital.org
17700,www.weismanchildrens.com
17701,www.weisshospital.com
17702,www.weliahealth.org
17703,www.wellbridgefortworth.com
17704,www.wellfound.org
17705,www.wellingtonregional.com
17706,www.wellspan.org
17707,www.wellstar.org
17708,www.wellstonehospital.com
17709,www.wesleymc.com
17710,www.westboroughbehavioral.com
17711,www.westchesterhospital.com
17712,www.westerlyhospital.org
17713,www.westernreservehospital.org
17714,www.westgablesrehabhospital.com
17715,www.westholtmed.org
17716,www.westlakemedical.com
17717,www.westspringshospital.org
17718,www.westsuburbanmc.com
17719,www.wfph.org
17720,www.wgh.org
17721,www.wheatlandmemorial.org
17722,www.whhs.com
17723,www.whittierhealth.com
17724,www.whmc.org
17725,www.wichitacountyhealthcenter.com
17726,www.willamettevalleymedical.com
17727,www.willapaharborhospital.com
17728,www.willowcresthospital.com
17729,www.willseye.org
17730,www.willsmemorialhospital.com
17731,www.wilsonhealth.org
17732,www.wilsonmedical.org
17733,www.windbercare.org
17734,www.winnerregional.org
17735,www.winonahealth.org
17736,www.winstonmedical.org
17737,www.wiregrassmedicalcenter.org
17738,www.wiseregional.com
17739,www.witham.org
17740,www.wkhs.com
17741,www.wmchealth.org
17742,www.wmh.org
17743,www.wmhs.com
17744,www.wmrmc.com
17745,www.wnhcares.org
17746,www.womans.org
17747,www.womenandinfants.org
17748,www.woodcountyhospital.org
17749,www.woodcountywi.gov
17750,www.woodlandheights.net
17751,www.woodlandsspecialtyhospital.com
17752,www.woosterhospital.org
17753,www.wpahs.org
17754,www.wphospital.org
17755,www.wregional.com
17756,www.wrhs.com
17757,www.wth.net
17758,www.wth.org
17759,www.wwhealth.org
17760,www.wyandotmemorial.org
17761,www.ykhc.org
17762,www.ynhh.org
17763,www.yoakumhospital.org
17764,www.yorkgeneral.org
17765,www.yorkhospital.com
17766,www.yourlourdes.com
17767,www.yrmc.org
17768,www.zuckerbergsanfranciscogeneral.org
17769,barretthospital.org
17770,bourbonhospital.com
17771,bethanychildrens.org
17772,cabinetpeaks.org
17773,bethesdaweb.com
17774,grahamcountyhospital.org
17775,bellvillemc.org
17776,communitymedical.org
17777,hbspr.org
17778,clarkehosp.org
17779,cccupr.org
17780,casshealth.org
17781,bolivarmedical.com
17782,atlanticrehabinstitute.com
17783,coniferpark.com
17784,altonmemorialhospital.org
17785,ccc-az.org
17786,baldwinhealth.com
17787,allinahealth.org
17788,cc.nih.gov
17789,adventisthealth.org
17790,fcphd.org
17791,cheyenneregional.org
17792,athenslimestonehospital.com
17793,carrushospital.com
17794,chathamhospital.org
17795,ccmhosp.com
17796,abbevilleareamc.com
17797,cheshiremed.org
17798,connallymmc.org
17799,bunkiegeneral.com
17800,abrazohealth.com
17801,behavioralhealthofrockytop.com
17802,billingsclinic.com
17803,altru.org
17804,christianhospital.org
17805,acuityhealthcare.net
17806,capecodhealth.org
17807,bhsala.com
17808,columbiabasinhospital.org
17809,bayfronthealth.com
17810,claxtonhepburn.org
17811,hchdst.org
17812,almedcenter.org
17813,arrowheadmedcenter.org
17814,conversehospital.com
17815,bournewood.com
17816,brighamandwomensfaulkner.org
17817,health.ucsd.edu
17818,columbiamemorialhealth.org
17819,barnesjewish.org
17820,bswrehab.com
17821,evanstonregionalhospital.com
17822,llumc.edu
17823,chapmanglobalmedicalcenter.com
17824,stjohnowasso.com
17825,auroraarizona.com
17826,bmc.org
17827,andersonrehabinstitute.com
17828,bryanhealth.com
17829,armsacres.com
17830,clarkregional.org
17831,bradleycountymedicalcenter.com
17832,rmmhonline.com
17833,baylorarlington.com
17834,carondelet.org
17835,brylin.com
17836,centerpointehospital.com
17837,cedarcresthospital.com
17838,monadnockcommunityhospital.com
17839,albany.va.gov
17840,bibbmed.com
17841,bellevuehospital.com
17842,harlancountyhealth.com
17843,challiance.org
17844,chatugeregionalhospital.org
17845,cmhosp.com
17846,affinityhealth.org
17847,apollo-bhh.com
17848,kanehosp.com
17849,stemc.org
17850,arh.org
17851,ashospital.net
17852,acmhhosp.org
17853,barlowhospital.org
17854,catholichealthservices.org
17855,palacioshospital.net
17856,health.ucdavis.edu
17857,adhealthcare.com
17858,clevelandareahospital.com
17859,cardiovascular.gobierno.pr
17860,arnothealth.org
17861,range.fairview.org
17862,bronxcare.org
17863,bmh.org
17864,ccca.dbhds.virginia.gov
17865,bergenregional.com
17866,conwayregional.org
17867,choa.org
17868,baptistfirst.org
17869,dshealthcare.com
17870,butler.org
17871,bassett.org
17872,cfvh.org
17873,alamedahealthsystem.org
17874,brattlebororetreat.org
17875,cfmedicalcenter.com
17876,wdhospital.com
17877,graftonhospital.com
17878,healthsouthcharleston.com
17879,carsoncityhospital.com
17880,austenriggs.net
17881,accesshospital.com
17882,greeley.health
17883,chcc.health
17884,ohow.org
17885,chistvincent.com
17886,amazingkids.org
17887,azosh.com
17888,cityofhope.org
17889,alliancehealthwoodward.com
17890,health.wyo.gov
17891,ehendrick.org
17892,bop.gov
17893,carsontahoe.com
17894,andalusiahealth.com
17895,healthsouthbraintree.com
17896,rbmc.org
17897,barnes-kasson.org
17898,ahn.org
17899,groesbeckhospital.com
17900,chistalexiushealth.org
17901,bartletthospital.org
17902,cherrycountyhospital.org
17903,adena.org
17904,aspirehealthcorp.com
17905,chadronhospital.com
17906,boystownhospital.org
17907,miltonhospital.org
17908,atriummedicalcenter.com
17909,intermountainhospital.com
17910,bayoubendhealth.org
17911,centerpointehospitalcolumbia.com
17912,brmc-ogh.org
17913,bhset.net
17914,aahs.org
17915,bridgepointhealthcare.com
17916,cmhsumner.org
17917,grhsonline.org
17918,alicepeckday.org
17919,atlantichealth.org
17920,aultmanorrville.org
17921,barnesjewishwestcounty.org
17922,cahcare.com
17923,cchwyo.org
17924,coffeyhealth.org
17925,bvrmc.org
17926,detoxma.com
17927,health.cherokee.org
17928,beuil.com
17929,chop.edu
17930,avenirseniorliving.com
17931,healthsouthpa.com
17932,avmc.org
17933,bchmed.org
17934,amctoday.org
17935,beloithealthsystem.org
17936,rlshospital.org
17937,fishermenshospital.org
17938,centegra.org
17939,brighamandwomens.org
17940,chla.org
17941,ajhc.org
17942,communityrehabhospitalsouth.com
17943,acadiahealthcare.com
17944,lakecitymedicalcenter.org
17945,care-one.com
17946,baxterhealth.org
17947,carilionclinic.org
17948,advocatehealth.com
17949,chsbuffalo.org
17950,cincinnatichildrens.org
17951,avrmc.org
17952,healthsouthspringhill.com
17953,centralcarolinahosp.com
17954,burgesshc.org
17955,bhcalhambra.com
17956,franciscanhospital.org
17957,stjohnbrokenarrow.com
17958,gcmcpa.org
17959,cedars-sinai.edu
17960,health.uconn.edu
17961,balladhealth.org
17962,calhounlibertyhospital.com
17963,animassurgical.com
17964,bgh.org
17965,fcmh.org
17966,hchd.net
17967,broadlawns.org
17968,childrensmn.org
17969,cochranmemorial.com
17970,healthmarkregional.com
17971,bluegrasscommunityhospital.com
17972,choctawhealthcenter.org
17973,carrollcountyhospital.org
17974,dchweb.org
17975,bvhealthsystem.org
17976,bmhvt.org
17977,boonehospital.com
17978,baystatehealth.org
17979,mercyhealth.org
17980,cdvcmc.com
17981,brownfield-rmc.org
17982,chnwi.org
17983,gvnrhospital.org
17984,archildrens.org
17985,armchealth.org
17986,chihealth.com
17987,atlanticare.org
17988,carthagehospital.com
17989,allied-services.org
17990,childrensal.org
17991,brmh.net
17992,macneal.com
17993,hbhospital.com
17994,clarindahealth.com
17995,bmchealthsystem.org
17996,carymedicalcenter.org
17997,catholichealthli.org
17998,arkansascontinuedcarehospital.com
17999,newportbayhospital.com
18000,minidokamemorial.com
18001,memphis-institute.edan.io
18002,bswhealth.com
18003,haymed.org
18004,aikenregional.com
18005,samc.org
18006,bonsecours.com
18007,ballingerhospital.org
18008,bcmh.net
18009,bannerhealth.com
18010,beebehealthcare.org
18011,healthsouthchesapeake.com
18012,childrenshospital.org
18013,bigforkvalley.org
18014,ccmhhealth.com
18015,sparrowspecialty.org
18016,adirondackhealth.org
18017,bch.org
18018,childrensdayton.org
18019,bartonhealth.org
18020,columbiamemorial.org
18021,bmhsc.org
18022,goodsam.org
18023,blufftonregional.com
18024,alhambrahospital.com
18025,childrensnational.org
18026,cedarparkregional.com
18027,cameronregional.org
18028,bcm.edu
18029,auxiliomutuo.com
18030,columbusregional.com
18031,alaskaregional.com
18032,conemaugh.org
18033,confluencehealth.org
18034,beaconbh.com
18035,halecountyhospital.com
18036,bmhutah.org
18037,compassmemorial.org
18038,jsmc.org
18039,choctawregional.com
18040,ahcs.org
18041,bitterroothealth.org
18042,healthsouthlasvegas.com
18043,cchospital.org
18044,cookchildrens.org
18045,chccnj.org
18046,berkshirehealthsystems.org
18047,calvaryhospital.org
18048,pendermemorial.org
18049,idahoelksrehab.org
18050,caldwellhosp.org
18051,browardhealth.org
18052,extras.net
18053,bridgeporthospital.org
18054,cmmc.health
18055,gprmc-ok.com
18056,alwaysnhs.org
18057,jmh.org
18058,cmhcinc.org
18059,4chealthin.org
18060,columbushosp.org
18061,centrastate.com
18062,centralvalleymedicalcenter.com
18063,capefearvalley.com
18064,callawayhospital.org
18065,brookwoodbaptisthealth.com
18066,centrahealth.com
18067,brhc.org
18068,jcl.com
18069,calaishospital.org
18070,childrensdmc.org
18071,commonwealthhealth.net
18072,bozemanhealth.org
18073,bakersfieldbehavioral.com
18074,franciscanskemp.org
18075,bayhealth.org
18076,cmhcare.org
18077,centennialhillshospital.com
18078,augustahealth.com
18079,cnhsa.com
18080,browncountywi.gov
18081,cayetano@xsn.net
18082,baptist-health.com
18083,aspirus.org
18084,jacobsonhospital.org
18085,chp.edu
18086,calverthealthmedicine.org
18087,avhealthsystem.com
18088,ccmcks.org
18089,chasecountyhospital.com
18090,havenwyckhospital.com
18091,burke.org
18092,cedarcomem.com
18093,camc.org
18094,inspirehospital.com
18095,conwaymedicalcenter.com
18096,cortlandregional.org
18097,brookingshealth.org
18098,carterethealth.org
18099,childresshospital.com
18100,tippahcountyhospital.com
18101,avera.org
18102,hamiltonhospital.org
18103,archbold.org
18104,amc.edu
18105,allenhealth.org
18106,batemanhospital.org
18107,atokamedicalcenter.org
18108,healthsouthaltamontesprings.com
18109,chestercountyhospital.org
18110,bwmgch.com
18111,haskellregionalhospital.com
18112,jamestownhospital.com
18113,adventhealth.com
18114,capitalhealth.org
18115,bullockcountyhospital.com
18116,abbevillegeneral.com
18117,rcmc-mhs.org
18118,concordhospital.org
18119,nahospital.org
18120,allsaintshealth.com
18121,aslh.org
18122,brgeneral.org
18123,giffordmed.org
18124,blessinghealth.org
18125,sunviewwellness.com
18126,chisaintjosephhealth.org
18127,healthsouthdesertcanyon.com
18128,smhdhealth.org
18129,atholhospital.org
18130,mahnomenhealthcenter.com
18131,skiffmed.com
18132,bonsecourscommunityhosp.org
18133,achsiowa.org
18134,setonharkerheights.net
18135,californiarehabinstitute.com
18136,burnettmedicalcenter.com
18137,charteroakhospital.com
18138,castleviewhospital.net
18139,brrehab.com
18140,aurorabaycare.com
18141,altusemergency.com
18142,chnola.org
18143,baptistjax.com
18144,gcheutaw.com
18145,codyregionalhealth.org
18146,bristolhealth.org
18147,nvhcares.org
18148,acadiavermilion.com
18149,compasshealthcare.com
18150,greenecountyhospital.com
18151,carlsbadmedicalcenter.com
18152,chrichmond.org
18153,gracecottage.org
18154,chickasaw.net
18155,russellvillehospital.com
18156,conehealth.com
18157,warmsprings.org
18158,brodstonehealthcare.org
18159,ncm-c.org
18160,chartercare.org
18161,acmh.org
18162,beartoothbillingsclinic.org
18163,alliancehealthdurant.com
18164,haxtunhealth.org
18165,pinewoodsprings.com
18166,luthermidelfortnorthland.org
18167,cghmc.com
18168,catawbavalleyhealth.org
18169,cmhos.org
18170,coffeeregional.org
18171,azdhs.gov
18172,childrenshomepgh.org
18173,claritycgc.org
18174,bensonhospital.org
18175,claycountyhospital.com
18176,health.hawaii.gov
18177,carolinaeasthealth.com
18178,chkd.org
18179,childrensmercy.org
18180,baptistonline.org
18181,healthandwelfare.idaho.gov
18182,bjsph.org
18183,bellhospital.org
18184,cchealth.org
18185,arheart.com
18186,chistfrancishealth.org
18187,gpha.com
18188,carrushealth.com
18189,bbgh.org
18190,cliftonspringshospital.org
18191,cchs.org
18192,bvhpr.org
18193,ashlandhc.org
18194,beaconchildrenshospital.com
18195,adcetris.com
18196,health.maryland.gov
18197,cassregional.org
18198,hamptonhospital.com
18199,hcmhosp.net
18200,akronchildrens.org
18201,cheyennecountyhospital.com
18202,auburnhospital.org
18203,andersonregional.org
18204,acmconline.org
18205,bmhmc.org
18206,hartfordhospital.org
18207,grhc.org
18208,cmhregional.com
18209,rutherfordhosp.org
18210,hcpc.uth.edu
18211,beauregard.org
18212,highlandspringshealth.com
18213,lrgh.org
18214,catholicmedicalcenter.org
18215,capitalcaring.org
18216,childrensnebraska.org
18217,warmspringsmc.org
18218,asante.org
18219,slrc.org
18220,centracare.com
18221,atmorehealth.org
18222,uhportage.org
18223,cavalierhospital.com
18224,beaumont.org
18225,childrens.com
18226,carolinashospital.com
18227,mercyrose.org
18228,healthsouthmartin.com
18229,granitehillshospital.com
18230,canyonvistamedicalcenter.com
18231,harlingenmedicalcenter.com
18232,boundarycommunityhospital.org
18233,bronsonhealth.com
18234,nchsi.org
18235,ashememorial.org
18236,redwoodareahospital.org
18237,grovecreekmc.org
18238,connecticutchildrens.org
18239,montevideomedical.com
18240,healthcare.ascension.org
18241,conwaybh.com
18242,hartgrovehospital.com
18243,cmciks.com
18244,achospital.org
18245,belmontbehavioral.com
18246,earh.com
18247,casacolina.org
18248,aurorahealthcare.org
18249,caseycountyhospital.com
18250,cameronmch.com
18251,mhs.mayo.edu
18252,healthsouthsugarland.com
18253,themedicalcenterfranklin.org
18254,chcsks.org
18255,bchccnet.org
18256,blackwellregional.org
18257,dahlmemorial.com
18258,fairmontmedicalcenter.org
18259,catawba.dbhds.virginia.gov
18260,chhealthsystem.com
18261,ashleyregional.com
18262,bowenhealth.org
18263,brooklane.org
18264,augustahealth.org
18265,blythedale.org
18266,christushealth.org
18267,atlanticgeneral.org
18268,adventisthealthcare.com
18269,amhne.org
18270,grandriverhealth.org
18271,simivalleyhospital.com
18272,behavioralcenter.com
18273,cmhc.org
18274,beaconhealthsystem.org
18275,bchonline.org
18276,communitymed.org
18277,halifaxhealth.org
18278,circlesofcare.org
18279,encinomed.com
18280,baptisthealth.com
18281,astria.health
18282,coastplazahospital.com
18283,chaffeehospitalandhome.com
18284,bloomermedicalcenter.org
18285,baptistrehab.com
18286,brownhealth.org
18287,caldwellmemorial.org
18288,grisellmemorialhospital.org
18289,communityhospitalhp.com
18290,baconcountyhospital.com
18291,benefis.org
18292,cancercenter.com
18293,alvaradohospital.com
18294,guthriecountyhospital.org
18295,haskellmemorialhospital.com
18296,baptisthealthsystem.com
18297,healthsouthsanjuan.com
18298,chal.org
18299,azkrmc.com
18300,alicehyde.com
18301,cmcfc.org
