source,website
AMA,http://anadarkohospital.com/
AMA,http://breckinridgehealth.org/
AMA,http://carnegiehospital.org/
AMA,http://healthsouthmodesto.com/
AMA,http://medcenterhealth.org/
AMA,http://s572241474.initial-website.com/
AMA,http://thephysicianscentre.com/
AMA,http://ucgh.net/
AMA,http://uhsystem.com/
AMA,http://www.aahs.org/
AMA,http://www.affinityhealth.org/
AMA,http://www.ajhc.org/
AMA,http://www.allsaintshealth.com/
AMA,http://www.almedcenter.org/
AMA,http://www.austenriggs.net/
AMA,http://www.azosh.com/
AMA,http://www.barnes-kasson.org/
AMA,http://www.batemanhospital.org/
AMA,http://www.baylorarlington.com/
AMA,http://www.bchonline.org/
AMA,http://www.beaconchildrenshospital.com/
AMA,http://www.bellhospital.org/
AMA,http://www.bensonhospital.org/
AMA,http://www.bergenregional.com/
AMA,http://www.bloomermedicalcenter.org/
AMA,http://www.bmhmc.org/
AMA,http://www.carsoncityhospital.com/
AMA,http://www.cchospital.org/
AMA,http://www.chal.org/
AMA,http://www.chccnj.org/
AMA,http://www.cmhos.org/
AMA,http://www.columbusregional.com/
AMA,http://www.cookmedicalcenter.com/
AMA,http://www.cornerstonehealthcaregroup.com/
AMA,http://www.cortlandregional.org/
AMA,http://www.crosbytonclinichospital.com/
AMA,http://www.dahlmemorial.com/
AMA,http://www.dchweb.org/
AMA,http://www.detoxma.com/
AMA,http://www.dshealthcare.com/
AMA,http://www.earh.com/
AMA,http://www.ehendrick.org/
AMA,http://www.encinomed.com/
AMA,http://www.extras.net/
AMA,http://www.fairmontmedicalcenter.org/
AMA,http://www.fcmh.org/
AMA,http://www.fcphd.org/
AMA,http://www.fishermenshospital.org/
AMA,http://www.franciscanhospital.org/
AMA,http://www.franciscanskemp.org/
AMA,http://www.gcheutaw.com/
AMA,http://www.gcmcpa.org/
AMA,http://www.giffordmed.org/
AMA,http://www.goodsam.org/
AMA,http://www.graftonhospital.com/
AMA,http://www.grmc.gu/
AMA,http://www.gvnrhospital.org/
AMA,http://www.haymed.org/
AMA,http://www.hbhospital.com/
AMA,http://www.healthmarkregional.com/
AMA,http://www.healthsouthpa.com/
AMA,http://www.healthsouthsanjuan.com/
AMA,http://www.hnjh.org/
AMA,http://www.idahoelksrehab.org/
AMA,http://www.inspirehospital.com/
AMA,http://www.jacobsonhospital.org/
AMA,http://www.jamestownhospital.com/
AMA,http://www.jcl.com/
AMA,http://www.jmh.org/
AMA,http://www.jsmc.org/
AMA,http://www.kanehosp.com/
AMA,http://www.lakecitymedicalcenter.org/
AMA,http://www.llumc.edu/
AMA,http://www.lrgh.org/
AMA,http://www.luthermidelfortnorthland.org/
AMA,http://www.macneal.com/
AMA,http://www.mahnomenhealthcenter.com/
AMA,http://www.mercyhealth.org/
AMA,http://www.mercyrose.org/
AMA,http://www.mhs.mayo.edu/
AMA,http://www.miltonhospital.org/
AMA,http://www.minidokamemorial.com/
AMA,http://www.montevideomedical.com/
AMA,http://www.nahospital.org/
AMA,http://www.nchsi.org/
AMA,http://www.ncm-c.org/
AMA,http://www.newportbayhospital.com/
AMA,http://www.nvhcares.org/
AMA,http://www.ohow.org/
AMA,http://www.palacioshospital.net/
AMA,http://www.pendermemorial.org/
AMA,http://www.pvhme.org/
AMA,http://www.range.fairview.org/
AMA,http://www.rbmc.org/
AMA,http://www.rcmc-mhs.org/
AMA,http://www.redwoodareahospital.org/
AMA,http://www.rlshospital.org/
AMA,http://www.rmmhonline.com/
AMA,http://www.russellvillehospital.com/
AMA,http://www.rutherfordhosp.org/
AMA,http://www.samc.org/
AMA,http://www.simivalleyhospital.com/
AMA,http://www.skiffmed.com/
AMA,http://www.slrc.org/
AMA,http://www.smhdhealth.org/
AMA,http://www.sparrowspecialty.org/
AMA,http://www.spauldingnetwork.org/
AMA,http://www.stemc.org/
AMA,http://www.stjohnbrokenarrow.com/
AMA,http://www.stjohnowasso.com/
AMA,http://www.themedicalcenterfranklin.org/
AMA,http://www.tippahcountyhospital.com/
AMA,http://www.uhportage.org/
AMA,http://www.warmsprings.org/
AMA,http://www.warmspringsmc.org/
AMA,http://www.wdhospital.com/
AMA,https://988va.org/
AMA,https://acadianarehabilitation.com/
AMA,https://acadianmedicalcenter.com/
AMA,https://acrmc.com/
AMA,https://acutecarehs.com/
AMA,https://acuterehabplano.com/
AMA,https://adamshospital.org/
AMA,https://adcare.com/
AMA,https://advancedspecialtyhospitals.com/
AMA,https://ahmgt.com/
AMA,https://ahnneighborhood.org/
AMA,https://ajh.org/
AMA,https://alleghanyhealth.org/
AMA,https://alliancehealthcenter.com/
AMA,https://alomerehealth.com/
AMA,https://altapointe.org/
AMA,https://altavistaregionalhospital.com/
AMA,https://amberwellhealth.org/
AMA,https://amgihm.com/
AMA,https://anchorhospital.com/
AMA,https://andersonhealthcare.org/
AMA,https://andersonhospital.org/
AMA,https://anmc.org/
AMA,https://anmed.org/
AMA,https://ansongeneralhospital.com/
AMA,https://apalacheecenter.org/
AMA,https://apibhs.com/
AMA,https://appletonareahealth.com/
AMA,https://apprhs.org/
AMA,https://arbourhealth.com/
AMA,https://arbourhospital.com/
AMA,https://arbucklehospital.com/
AMA,https://arcticslope.org/
AMA,https://arksurgicalhospital.com/
AMA,https://arrowheadbehavioral.com/
AMA,https://artesiageneral.com/
AMA,https://ascensionwisconsinhospital.org/
AMA,https://aspengrovehospital.com/
AMA,https://aspenmountainmc.com/
AMA,https://aspirehealthpartners.com/
AMA,https://aspirerhs.org/
AMA,https://asterahealth.org/
AMA,https://atriumhealth.org/
AMA,https://aultman.org/
AMA,https://aultmanalliance.org/
AMA,https://austinoakshospital.com/
AMA,https://avhnh.org/
AMA,https://avitahealth.org/
AMA,https://azspineandjoint.com/
AMA,https://backushospital.org/
AMA,https://baileymedicalcenter.com/
AMA,https://ballardrehab.com/
AMA,https://bamc.tricare.mil/
AMA,https://baptisthealth.net/
AMA,https://baptistneighborhoodhospital.com/
AMA,https://barstowhospital.com/
AMA,https://bassett-wainwright.tricare.mil/
AMA,https://bathhospital.org/
AMA,https://batonrouge.kpcph.com/
AMA,https://batonrougebehavioral.com/
AMA,https://bayareahospital.org/
AMA,https://baycare.org/
AMA,https://baylorfrisco.com/
AMA,https://baylorsherman.com/
AMA,https://baylortrophyclub.com/
AMA,https://bayloruptown.com/
AMA,https://bayne-jones.tricare.mil/
AMA,https://bbahc.org/
AMA,https://bchcares.org/
AMA,https://bchealth.org/
AMA,https://bcmh.org/
AMA,https://bcmhospital.com/
AMA,https://beachammemorial.org/
AMA,https://beatricecommunityhospital.com/
AMA,https://beaufort.tricare.mil/
AMA,https://beaumonteh.com/
AMA,https://beavercountyhospitalauthority.com/
AMA,https://beckettsprings.com/
AMA,https://belajarcerita.com/
AMA,https://bellin.org/
AMA,https://belmontpines.com/
AMA,https://belvoirhospital.tricare.mil/
AMA,https://bennettcountyhospital.com/
AMA,https://berwickhospitalcenter.com/
AMA,https://bestcare.org/
AMA,https://beverlyhospital.org/
AMA,https://bewellctr.org/
AMA,https://bhbhospital.com/
AMA,https://bhddh.ri.gov/
AMA,https://bhsh.com/
AMA,https://bidneedham.org/
AMA,https://bidplymouth.org/
AMA,https://bienvillemedicalcenter.net/
AMA,https://bigbendhealthcare.com/
AMA,https://bigsouthforkmc.com/
AMA,https://binghammemorial.org/
AMA,https://blanchfield.tricare.mil/
AMA,https://blmhospital.com/
AMA,https://bloomingtonmeadows.com/
AMA,https://blountmemorial.org/
AMA,https://bluemountainhospital.org/
AMA,https://bonnergeneral.org/
AMA,https://boone.health/
AMA,https://boonecohealth.org/
AMA,https://bowdlehc.com/
AMA,https://bradfordhealth.com/
AMA,https://bremerton.tricare.mil/
AMA,https://brentwoodbehavioral.com/
AMA,https://brentwoodsprings.com/
AMA,https://brookeglenhospital.com/
AMA,https://brookshospital.org/
AMA,https://brooksrehab.org/
AMA,https://browncountyhospital.org/
AMA,https://brynnmarr.org/
AMA,https://bsahs.org/
AMA,https://bshfw.com/
AMA,https://bsmc.org/
AMA,https://bsweh.org/
AMA,https://bucktailmedicalcenter.org/
AMA,https://burkehealth.com/
AMA,https://business.explorebrainerdlakes.com/
AMA,https://byrdregional.com/
AMA,https://cadean.org/
AMA,https://camp-lejeune.tricare.mil/
AMA,https://camp-pendleton.tricare.mil/
AMA,https://cancer.osu.edu/
AMA,https://canyoncreekbh.com/
AMA,https://canyonridgehospital.com/
AMA,https://carepointhealth.org/
AMA,https://carewellhealth.org/
AMA,https://caribbeanmedicalcenter.com/
AMA,https://cariboumc.org/
AMA,https://carle.org/
AMA,https://carolinadunesbh.com/
AMA,https://caromonthealth.org/
AMA,https://carrolltonsprings.com/
AMA,https://cascademedical.org/
AMA,https://castrocountyhospital.com/
AMA,https://catalinaislandhealth.org/
AMA,https://cayugahealth.org/
AMA,https://cbuscoffee.com/
AMA,https://cchd-wa.org/
AMA,https://ccmedicalcenter.com/
AMA,https://ccmhia.com/
AMA,https://ccmhospital.com/
AMA,https://ccmsd.org/
AMA,https://cedarcreekhospital.com/
AMA,https://cedarhillshospital.com/
AMA,https://cedarridgebhs.com/
AMA,https://cedarspringsbhs.com/
AMA,https://centennialpeaks.com/
AMA,https://centerstone.org/
AMA,https://centinelamed.com/
AMA,https://centraldesertbh.com/
AMA,https://centralflorida.ufhealth.org/
AMA,https://centralfloridabehavioral.com/
AMA,https://centralvalleyspecialty.com/
AMA,https://chambershealth.org/
AMA,https://chambershospital.com/
AMA,https://charlottehungerford.org/
AMA,https://cherokeehospital.org/
AMA,https://cherokeermc.org/
AMA,https://chesapeakeregional.com/
AMA,https://chicotmemorial.com/
AMA,https://chilakewoodhealth.com/
AMA,https://childrenswi.org/
AMA,https://chinesehospital-sf.org/
AMA,https://choc.org/
AMA,https://choctawmemorial.com/
AMA,https://choosenorthern.org/
AMA,https://christianacare.org/
AMA,https://cibolahospital.com/
AMA,https://citizensmedcenter.com/
AMA,https://claibornemedical.com/
AMA,https://clarabartonhospital.com/
AMA,https://clarioncenter.com/
AMA,https://claycountyhospital.org/
AMA,https://clearskyhealth.com/
AMA,https://cliftonfinehospital.org/
AMA,https://clinchmh.org/
AMA,https://clivebehavioral.com/
AMA,https://cloquethospital.com/
AMA,https://clshospital.com/
AMA,https://cmccares.org/
AMA,https://cmhospital.com/
AMA,https://coastalharbor.com/
AMA,https://cogdellhospital.com/
AMA,https://collegemedicalcenter.com/
AMA,https://colletonmedical.com/
AMA,https://collingsworthgeneral.net/
AMA,https://colquittregional.com/
AMA,https://columbusch.com/
AMA,https://columbussprings.com/
AMA,https://comanchecmc.org/
AMA,https://communityhospitalofanaconda.org/
AMA,https://communitymemorial.org/
AMA,https://compasshealthnetwork.org/
AMA,https://conchocountyhospital.com/
AMA,https://continuecare.org/
AMA,https://cookcountyhealth.org/
AMA,https://cordellmemorialhospital.com/
AMA,https://corejenks.com/
AMA,https://corewellhealth.org/
AMA,https://cornerstonehospitals.com/
AMA,https://cornerstoneregional.com/
AMA,https://coshoctonhospital.org/
AMA,https://cottonwoodsprings.com/
AMA,https://covingtoncountyhospital.com/
AMA,https://cozadhealthcare.com/
AMA,https://craighospital.org/
AMA,https://creeksidebh.com/
AMA,https://crenshawcommunityhospital.com/
AMA,https://crescentregionalhospital.com/
AMA,https://crhealthcare.org/
AMA,https://crispregional.org/
AMA,https://crmccares.com/
AMA,https://crockettmedicalcenter.com/
AMA,https://culbersonhospital.org/
AMA,https://cullmanregional.com/
AMA,https://cumberlandhealthcare.com/
AMA,https://cumberlandhospital.com/
AMA,https://curahealth.com/
AMA,https://cvhealth.net/
AMA,https://cvmc.com/
AMA,https://cvrmc.org/
AMA,https://cypresspointesurgical.com/
AMA,https://dallas.kpcph.com/
AMA,https://dallasmedcenter.com/
AMA,https://dallasregionalmedicalcenter.com/
AMA,https://dbh.dc.gov/
AMA,https://dbhdd.georgia.gov/
AMA,https://dbhds.virginia.gov/
AMA,https://dcfs.nv.gov/
AMA,https://dchc.org/
AMA,https://dcmhsd.org/
AMA,https://deaconessillinoiscrossroads.com/
AMA,https://deaconessillinoismedicalcenter.com/
AMA,https://deaconessillinoisunioncounty.com/
AMA,https://dekalbregional.org/
AMA,https://delamobehavioralhealth.com/
AMA,https://delhihospital.com/
AMA,https://deltahealthco.org/
AMA,https://demanddeborah.org/
AMA,https://denversprings.com/
AMA,https://dequincymemorial.com/
AMA,https://desertviewhospital.com/
AMA,https://dhchd.org/
AMA,https://dhhr.wv.gov/
AMA,https://dhs.lacounty.gov/
AMA,https://directory.monument.health/
AMA,https://directory.thedacare.org/
AMA,https://dmh.mo.gov/
AMA,https://doctors-hospital.net/
AMA,https://doctorsmemorial.org/
AMA,https://doverbehavioral.com/
AMA,https://dphhs.mt.gov/
AMA,https://drcris.net/
AMA,https://driscollchildrens.org/
AMA,https://dschd.org/
AMA,https://dunessurgicalhospital.com/
AMA,https://dvmc.com/
AMA,https://eagleviewbh.com/
AMA,https://eagleville.org/
AMA,https://ecmh.org/
AMA,https://edcomed.com/
AMA,https://edfraserhospital.com/
AMA,https://edgewoodsurgical.com/
AMA,https://eglin.tricare.mil/
AMA,https://ehs.org/
AMA,https://eirmc.com/
AMA,https://eisenhower.tricare.mil/
AMA,https://eisenhowerhealth.org/
AMA,https://el-paso-ltac-hospital.business.site/
AMA,https://elch.org/
AMA,https://electrahospital.com/
AMA,https://elkviewhospital.com/
AMA,https://elmendorfrichardson.tricare.mil/
AMA,https://elpasobh.com/
AMA,https://elpasochildrens.org/
AMA,https://emeraldcoastbehavioral.com/
AMA,https://emhcare.net/
AMA,https://emhealth.org/
AMA,https://emilyprogram.com/
AMA,https://eminentmedicalcenter.com/
AMA,https://encompasshealth.com/
AMA,https://eph.org/
AMA,https://erhny.org/
AMA,https://ernesthealth.com/
AMA,https://essexcountynj.org/
AMA,https://evans.tricare.mil/
AMA,https://evanstonregionalhospital.com/
AMA,https://everestrehab.com/
AMA,https://excentrique.org/
AMA,https://fairchildmed.org/
AMA,https://fairfaxhospital.com/
AMA,https://fairfaxmed.com/
AMA,https://fairmountbhs.com/
AMA,https://fairviewparkhospital.com/
AMA,https://fallshospital.com/
AMA,https://familyhospitalsystems.com/
AMA,https://fanninregionalhospital.com/
AMA,https://faulktonmedical.org/
AMA,https://fbh.com/
AMA,https://fcmc.org/
AMA,https://fhsms.org/
AMA,https://fhw.org/
AMA,https://fiitjeecuttack.com/
AMA,https://firstsurgical.com/
AMA,https://floydvalley.org/
AMA,https://flushinghospital.org/
AMA,https://forestviewhospital.com/
AMA,https://forrestcitymedicalcenter.com/
AMA,https://frankfortregional.com/
AMA,https://freemanregional.com/
AMA,https://freestonemc.com/
AMA,https://fremonthospital.com/
AMA,https://fresnosurgicalhospital.com/
AMA,https://frh1.org/
AMA,https://friendshospital.com/
AMA,https://frisbiehospital.com/
AMA,https://fshsanantonio.com/
AMA,https://ftlauderdalebehavioral.com/
AMA,https://fultoncountyhealthcenter.org/
AMA,https://gardengrovehospital.com/
AMA,https://garfieldparkhospital.com/
AMA,https://gatewayregional.net/
AMA,https://gcdmc.org/
AMA,https://gch.org/
AMA,https://gchealth.org/
AMA,https://gcmc.org/
AMA,https://geisingerhealthsouth.com/
AMA,https://geisingerstlukes.org/
AMA,https://geogroup.com/
AMA,https://georgeregional.com/
AMA,https://getradiant.org/
AMA,https://gfclinic.com/
AMA,https://gh-health.org/
AMA,https://ghshospital.org/
AMA,https://giving.apps.upenn.edu/
AMA,https://glacialridge.org/
AMA,https://glenbeigh.com/
AMA,https://glendorahospital.com/
AMA,https://glenoakshospital.com/
AMA,https://glenrosemedicalcenter.com/
AMA,https://glh.org/
AMA,https://gmcmed.org/
AMA,https://goldenplains.org/
AMA,https://goodlandregional.com/
AMA,https://goodsamsanjose.com/
AMA,https://goshenhealth.com/
AMA,https://gpha.com/
AMA,https://gprmc-ok.com/
AMA,https://gracecottage.org/
AMA,https://grahamcountyhospital.org/
AMA,https://grandriverhealth.org/
AMA,https://granitehillshospital.com/
AMA,https://greeley.health/
AMA,https://greenecountyhospital.com/
AMA,https://grhc.org/
AMA,https://grhsonline.org/
AMA,https://grisellmemorialhospital.org/
AMA,https://groesbeckhospital.com/
AMA,https://grovecreekmc.org/
AMA,https://guthriecountyhospital.org/
AMA,https://halecountyhospital.com/
AMA,https://halifaxhealth.org/
AMA,https://hamiltonhospital.org/
AMA,https://hamptonhospital.com/
AMA,https://harlancountyhealth.com/
AMA,https://harlingenmedicalcenter.com/
AMA,https://hartfordhospital.org/
AMA,https://hartgrovehospital.com/
AMA,https://haskellmemorialhospital.com/
AMA,https://haskellregionalhospital.com/
AMA,https://havenwyckhospital.com/
AMA,https://haxtunhealth.org/
AMA,https://hbspr.org/
AMA,https://hchd.net/
AMA,https://hchdst.org/
AMA,https://hcmhosp.net/
AMA,https://hcpc.uth.edu/
AMA,https://health.cherokee.org/
AMA,https://health.hawaii.gov/
AMA,https://health.maryland.gov/
AMA,https://health.ucdavis.edu/
AMA,https://health.uconn.edu/
AMA,https://health.ucsd.edu/
AMA,https://health.wyo.gov/
AMA,https://healthandwelfare.idaho.gov/
AMA,https://healthcare.ascension.org/
AMA,https://healthsouthaltamontesprings.com/
AMA,https://healthsouthbraintree.com/
AMA,https://healthsouthcharleston.com/
AMA,https://healthsouthchesapeake.com/
AMA,https://healthsouthdesertcanyon.com/
AMA,https://healthsouthlasvegas.com/
AMA,https://healthsouthmartin.com/
AMA,https://healthsouthspringhill.com/
AMA,https://healthsouthsugarland.com/
AMA,https://healthsouthtallahassee.com/
AMA,https://healthsouthwalton.com/
AMA,https://healthy.kaiserpermanente.org/
AMA,https://heartlandbehavioral.com/
AMA,https://helenarmc.com/
AMA,https://helenhayeshospital.org/
AMA,https://hendrick.continuecare.org/
AMA,https://heritageoakshospital.com/
AMA,https://hf.org/
AMA,https://hfsc.org/
AMA,https://hhlincolnhealth.org/
AMA,https://hhs.iowa.gov/
AMA,https://highlandhosp.com/
AMA,https://highlandsbhs.com/
AMA,https://highlandsmedcenter.com/
AMA,https://highlandspringshealth.com/
AMA,https://hillcrest.com/
AMA,https://hillcrestbhs.com/
AMA,https://hillcrestclaremore.com/
AMA,https://hillcrestcushing.com/
AMA,https://hillcresthenryetta.com/
AMA,https://hillcrestmedicalcenter.com/
AMA,https://hillcrestsouth.com/
AMA,https://himasanpablo.com/
AMA,https://hmhospital.org/
AMA,https://holdenvillehospital.com/
AMA,https://hollyhillhospital.com/
AMA,https://holtonhospital.com/
AMA,https://holycrossmedicalcenter.org/
AMA,https://horizonmedcenter.com/
AMA,https://horizonspecialtyhosp.com/
AMA,https://horshamclinic.com/
AMA,https://hospital.uillinois.edu/
AMA,https://hospitalelmaestro.org/
AMA,https://hrihospital.com/
AMA,https://hscpediatriccenter.org/
AMA,https://hsriosa.com/
AMA,https://hughchatham.org/
AMA,https://hughston.com/
AMA,https://hugohospital.com/
AMA,https://humanservices.arkansas.gov/
AMA,https://humboldtgov.org/
AMA,https://huntington.northwell.edu/
AMA,https://icmedcenter.org/
AMA,https://ilhcgh.org/
AMA,https://indianaspinehospital.com/
AMA,https://indianheadmedicalcenter.com/
AMA,https://inlandhospital.org/
AMA,https://inlandnorthwestbh.com/
AMA,https://insightchicago.com/
AMA,https://insightsurgicalhospital.com/
AMA,https://integriscommunityhospital.com/
AMA,https://integrishealth.org/
AMA,https://intensivespecialty.com/
AMA,https://intermountainhealthcare.org/
AMA,https://intermountainhospital.com/
AMA,https://iroquoismemorial.com/
AMA,https://irwin.tricare.mil/
AMA,https://islandhealth.org/
AMA,https://iuhealth.org/
AMA,https://ivycreekhealth.com/
AMA,https://jacksonhealth.org/
AMA,https://jacksonparishhospital.com/
AMA,https://jacksonville.tricare.mil/
AMA,https://jamaicahospital.org/
AMA,https://jchosp.com/
AMA,https://jcrhc.org/
AMA,https://jeffersonhealthcare.org/
AMA,https://jeffersonhosp.com/
AMA,https://jenkinsmedicalcenter.com/
AMA,https://jenningsamericanlegionhospital.com/
AMA,https://jflusvi.org/
AMA,https://jmhsmn.org/
AMA,https://kahuku.hhsc.org/
AMA,https://kansasheart.com/
AMA,https://kauai.hhsc.org/
AMA,https://kch.hhsc.org/
AMA,https://kchosp.net/
AMA,https://kchs.org/
AMA,https://kcmh.net/
AMA,https://keefememorial.com/
AMA,https://keesler.tricare.mil/
AMA,https://keller.tricare.mil/
AMA,https://kentfieldhospital.com/
AMA,https://kentuckyrivermc.com/
AMA,https://ketteringhealth.org/
AMA,https://kimballhealth.org/
AMA,https://kimblehospital.org/
AMA,https://kindredhospitals.com/
AMA,https://kingwoodpines.com/
AMA,https://kittsonhc.org/
AMA,https://knappmed.org/
AMA,https://knoxvillehospital.org/
AMA,https://kpcph.com/
AMA,https://ksmedcenter.com/
AMA,https://kutopeka.com/
AMA,https://ladowntownmc.com/
AMA,https://lakebutlerhospital.com/
AMA,https://lakechelanhealth.org/
AMA,https://lakehealthdistrict.org/
AMA,https://lakelandcommunityhospital.com/
AMA,https://lakeshealth.org/
AMA,https://lakeside-wh.com/
AMA,https://lakesidebhs.com/
AMA,https://lakeviewsystem.com/
AMA,https://lancasterbehavioral.org/
AMA,https://landmarkmedical.org/
AMA,https://langleyeustis.tricare.mil/
AMA,https://lapalmaintercommunityhospital.com/
AMA,https://larabida.org/
AMA,https://larkinhealth.com/
AMA,https://laspalmasdelsolhealthcare.com/
AMA,https://laureloaksbhc.com/
AMA,https://laurelridgetc.com/
AMA,https://ldh.la.gov/
AMA,https://lecomhealth.com/
AMA,https://lehighregional.com/
AMA,https://lenoxhill.northwell.edu/
AMA,https://levihospital.com/
AMA,https://lexingtonregional.org/
AMA,https://lhcgroup.com/
AMA,https://libertydaytonrmc.com/
AMA,https://lifebritestokes.com/
AMA,https://lifecaremedicalcenter.org/
AMA,https://lifepointhealth.net/
AMA,https://lighthousebehavioral.com/
AMA,https://lincolnbehavioral.com/
AMA,https://lincolncountyhospital.net/
AMA,https://lincolnprairiebhc.com/
AMA,https://lincolnsurgery.com/
AMA,https://lindnercenterofhope.org/
AMA,https://lintonregionalmedicalcenter.org/
AMA,https://lisbonhospital.com/
AMA,https://littlefieldtexas.net/
AMA,https://littletonhealthcare.org/
AMA,https://livengrin.org/
AMA,https://llu.edu/
AMA,https://lluch.org/
AMA,https://locations.beaconhealthsystem.org/
AMA,https://locations.ecuhealth.org/
AMA,https://locations.stlukeshealth.org/
AMA,https://logancountyhospital.org/
AMA,https://lonestarbehavioralhealth.com/
AMA,https://losrobleshospital.com/
AMA,https://lostriversmedical.com/
AMA,https://lovelace.com/
AMA,https://lowerbuckshosp.com/
AMA,https://lrmh.org/
AMA,https://lubbockheart.com/
AMA,https://maconcommunityhospital.com/
AMA,https://madigan.tricare.mil/
AMA,https://madisonhealth.org/
AMA,https://madisonmedicalcenter.net/
AMA,https://madisonregionalhealth.org/
AMA,https://madisonville.continuecare.org/
AMA,https://madriverhospital.com/
AMA,https://magnoliarmc.org/
AMA,https://maimo.org/
AMA,https://mangumregional.net/
AMA,https://marshfieldclinic.org/
AMA,https://martin.tricare.mil/
AMA,https://martincountyhospital.org/
AMA,https://maryvilleacademy.org/
AMA,https://matheny.org/
AMA,https://mayaguezmedical.com/
AMA,https://mayhillhospital.com/
AMA,https://mcboh.com/
AMA,https://mcconehealth.org/
AMA,https://mces.org/
AMA,https://mchcare.com/
AMA,https://mchd.net/
AMA,https://mchhs.org/
AMA,https://mckenziehealth.com/
AMA,https://mckweb.com/
AMA,https://mcmc.net/
AMA,https://mdmercy.com/
AMA,https://meadowbrookrh.com/
AMA,https://medcenterhealth.org/
AMA,https://medicalwesthospital.org/
AMA,https://melissamemorial.org/
AMA,https://memhosp.org/
AMA,https://memorial.health/
AMA,https://memorialhealth.com/
AMA,https://memorialhealthcare.org/
AMA,https://memorialhermann.org/
AMA,https://memorialhermannfirstcolony.com/
AMA,https://memorialhermannkingwood.com/
AMA,https://memorialohio.com/
AMA,https://memorialregionalhealth.com/
AMA,https://memorialsatillahealth.com/
AMA,https://memphis-institute.edan.io/
AMA,https://menaregional.com/
AMA,https://menonitacima.org/
AMA,https://mentalhealth.vermont.gov/
AMA,https://mercer-health.com/
AMA,https://mercycenterville.org/
AMA,https://mercyregionalmedical.com/
AMA,https://mesaviewhospital.com/
AMA,https://mesillavalleyhospital.com/
AMA,https://methodisthospitals.org/
AMA,https://methodistmckinneyhospital.com/
AMA,https://metropavia.com/
AMA,https://mgghnv.org/
AMA,https://mghosp.org/
AMA,https://mghwv.com/
AMA,https://mh.alabama.gov/
AMA,https://mha.ohio.gov/
AMA,https://mhscc.org/
AMA,https://mhsks.org/
AMA,https://mhsmn.org/
AMA,https://michianabehavioralhealth.com/
AMA,https://midcoasthealthsystem.org/
AMA,https://middlesexhealth.org/
AMA,https://midstatemedical.org/
AMA,https://millwoodhospital.com/
AMA,https://mimbresmemorial.com/
AMA,https://mindenmedicalcenter.com/
AMA,https://mineralcommunityhospital.com/
AMA,https://minneolahealth.com/
AMA,https://miracaregroup.com/
AMA,https://mishhospital.com/
AMA,https://missionrmc.org/
AMA,https://mitchellcountyhospital.com/
AMA,https://mmcenters.com/
AMA,https://modocmedicalcenter.org/
AMA,https://monadnockcommunityhospital.com/
AMA,https://moncrief.tricare.mil/
AMA,https://monroehospital.com/
AMA,https://montclair-hospital.org/
AMA,https://montefioreeinstein.org/
AMA,https://montrosehealth.com/
AMA,https://morganmedical.org/
AMA,https://morrisonhospital.com/
AMA,https://mountainsidemedicalcenter.com/
AMA,https://mountainview-hospital.com/
AMA,https://mountainwestmc.com/
AMA,https://mountauburnhospital.org/
AMA,https://mountnittany.org/
AMA,https://mptf.com/
AMA,https://mrhmoab.org/
AMA,https://muensterhospital.com/
AMA,https://munisingmemorial.org/
AMA,https://murraycountymed.org/
AMA,https://muschealth.org/
AMA,https://mvhospital.org/
AMA,https://my.clevelandclinic.org/
AMA,https://mygrandstrandhealth.com/
AMA,https://myharnetthealth.org/
AMA,https://mylakehuron.com/
AMA,https://myskylinehealth.org/
AMA,https://mysouthwell.com/
AMA,https://myvgh.org/
AMA,https://nantuckethospital.org/
AMA,https://nashvillegeneral.org/
AMA,https://natchaug.org/
AMA,https://navicenthealth.org/
AMA,https://nberhospital.com/
AMA,https://nchmd.org/
AMA,https://ncmcla.com/
AMA,https://nebraskaspinehospital.com/
AMA,https://nelsoncountyhealthsystem.org/
AMA,https://newmanmemorialhospital.org/
AMA,https://newporthospitalandhealth.org/
AMA,https://newportnewsbhc.com/
AMA,https://newvistahealth.com/
AMA,https://nexushealthsystems.com/
AMA,https://nfmmc.org/
AMA,https://niobrarahospital.com/
AMA,https://nj.gov/
AMA,https://nmhcare.org/
AMA,https://nmmc.org/
AMA,https://noconageneral.com/
AMA,https://nolandhospitals.com/
AMA,https://nor-lea.org/
AMA,https://norcalbehavioral.com/
AMA,https://norcalrehab.com/
AMA,https://northbrookbhh.com/
AMA,https://northcentralsurgical.com/
AMA,https://northernlighthealth.org/
AMA,https://northernlouisianamedicalcenter.com/
AMA,https://northlakebh.org/
AMA,https://northmemorial.com/
AMA,https://northrunnelsmedicalcenter.com/
AMA,https://northstarbehavioral.com/
AMA,https://northsunflower.com/
AMA,https://northvistahospital.com/
AMA,https://northwesthillssurgical.com/
AMA,https://northwestrh.org/
AMA,https://northwestspecialtyhospital.com/
AMA,https://nortonhealthcare.com/
AMA,https://npvmc.org/
AMA,https://nsuh.northwell.edu/
AMA,https://ntmconline.net/
AMA,https://nvrh.org/
AMA,https://nwh.northwell.edu/
AMA,https://nwsurgicalokc.com/
AMA,https://nych.com/
AMA,https://oahs.us/
AMA,https://oakbendmedcenter.org/
AMA,https://oakdalecommunityhospital.ahmgt.com/
AMA,https://oakdaleprison.com/
AMA,https://oakeshospital.com/
AMA,https://oaklawn.org/
AMA,https://oaklawnhospital.org/
AMA,https://oakleafmedicalnetwork.com/
AMA,https://oakvalleyhospital.com/
AMA,https://oakwoodsprings.com/
AMA,https://oceanshealthcare.com/
AMA,https://och.scvh.org/
AMA,https://ochcares.com/
AMA,https://ocomhospital.com/
AMA,https://odessa.continuecare.org/
AMA,https://oklahoma.gov/
AMA,https://oklahomaspine.com/
AMA,https://oldvineyardbhs.com/
AMA,https://olneyhamiltonhospital.com/
AMA,https://ololsh.com/
AMA,https://omh.ny.gov/
AMA,https://onebrooklynhealth.org/
AMA,https://onecorehealth.com/
AMA,https://optimhealth.com/
AMA,https://orangecounty-gmc.com/
AMA,https://orleanscommunityhealth.org/
AMA,https://osagebeachccd.com/
AMA,https://osmondhospital.org/
AMA,https://osshealth.com/
AMA,https://osumc.com/
AMA,https://overlandpark.kpcph.com/
AMA,https://pachs.com/
AMA,https://pacificahospital.com/
AMA,https://paducah.continuecare.org/
AMA,https://palmetto.continuecare.org/
AMA,https://palmettobehavioralhealth.com/
AMA,https://palmpointbehavioral.com/
AMA,https://paloverdebh.com/
AMA,https://pamhealth.com/
AMA,https://panahospital.com/
AMA,https://paradisevalleyhospital.net/
AMA,https://parklandmedicalcenter.com/
AMA,https://parkplacesurgery.com/
AMA,https://parksideinc.org/
AMA,https://parkviewhosp.org/
AMA,https://parkwoodbhs.com/
AMA,https://pascackmedicalcenter.com/
AMA,https://pathrehab.com/
AMA,https://pattersonhc.org/
AMA,https://pauldingcountyhospital.com/
AMA,https://pavilionhospital.com/
AMA,https://pavilionwp.com/
AMA,https://pawhuskahospital.com/
AMA,https://pawneehospital.socs.net/
AMA,https://pawneevalleyhospital.com/
AMA,https://pbhospital.com/
AMA,https://pcgh.org/
AMA,https://pchospital.us/
AMA,https://peachford.com/
AMA,https://peakbehavioral.com/
AMA,https://perrymemorial.org/
AMA,https://phelpshealth.org/
AMA,https://phoebehealth.com/
AMA,https://phoenix.kpcph.com/
AMA,https://phoenixchildrens.org/
AMA,https://phoenixville.towerhealth.org/
AMA,https://phsmo.org/
AMA,https://physurg.com/
AMA,https://piggotthealthsystem.com/
AMA,https://pineville.continuecare.org/
AMA,https://pinewoodsprings.com/
AMA,https://pinnaclehealthcare.net/
AMA,https://pinnaclepointehospital.com/
AMA,https://pmcmt.org/
AMA,https://pmcregionalhospital.com/
AMA,https://pmhd.org/
AMA,https://poplarsprings.com/
AMA,https://portal.ct.gov/
AMA,https://portsmouthhospital.com/
AMA,https://pottstown.towerhealth.org/
AMA,https://ppimhs.org/
AMA,https://prague.hospital/
AMA,https://prairie-care.com/
AMA,https://prairie-stjohns.com/
AMA,https://prairieridge.health/
AMA,https://prairieview.org/
AMA,https://prismahealth.org/
AMA,https://prmc.org/
AMA,https://prmctx.com/
AMA,https://professionalhospital.net/
AMA,https://profiles.health.ny.gov/
AMA,https://providencekc.com/
AMA,https://providencemedical.com/
AMA,https://providers.arh.org/
AMA,https://psychinstitute.com/
AMA,https://purcellhospital.com/
AMA,https://pushmatahahospital.com/
AMA,https://pvillehosp.org/
AMA,https://quailrunbehavioral.com/
AMA,https://quincyhospital.org/
AMA,https://rainiersprings.com/
AMA,https://rainylakemedical.com/
AMA,https://rankenjordan.org/
AMA,https://rapidesregional.com/
AMA,https://rayhealthcare.org/
AMA,https://redbudregional.com/
AMA,https://redriverbc.com/
AMA,https://reevesmemorial.com/
AMA,https://regionalhospital.com/
AMA,https://regionalmedicalsanjose.com/
AMA,https://rehabhospitalofjennings.com/
AMA,https://reunionrehabhospital.com/
AMA,https://rheamedical.org/
AMA,https://rhshc.com/
AMA,https://ricecommunityhealth.com/
AMA,https://ricemedicalcenter.net/
AMA,https://ridgebhs.com/
AMA,https://ridgeviewhospital.net/
AMA,https://riohealth.com/
AMA,https://rivendellbehavioral.com/
AMA,https://rivendellofarkansas.com/
AMA,https://riverbridgela.com/
AMA,https://riveredgehospital.com/
AMA,https://riveroakshospital.com/
AMA,https://riverparkhospital.net/
AMA,https://riverpointbehavioral.com/
AMA,https://riversedgehealth.org/
AMA,https://rivershealth.org/
AMA,https://riversidecommunityhospital.com/
AMA,https://riversidehealth.org/
AMA,https://riverview.org/
AMA,https://riverviewregional.com/
AMA,https://riverwoodhealthcare.org/
AMA,https://rmccares.org/
AMA,https://roanegeneralhospital.com/
AMA,https://rockcountyhospital.com/
AMA,https://rockfordcenter.com/
AMA,https://rockregionalhospitalderby.com/
AMA,https://rockspringshealth.com/
AMA,https://rogersbh.org/
AMA,https://rollinghillshospital.org/
AMA,https://rookscountyhealthcenter.com/
AMA,https://roxboroughmemorial.com/
AMA,https://roxburyhospital.com/
AMA,https://sabinecountyhospital.com/
AMA,https://sabinemedicalcenter.net/
AMA,https://sacramentorehab.com/
AMA,https://sage-rehab.org/
AMA,https://sahchicago.org/
AMA,https://saintclares.com/
AMA,https://saintmarysreno.com/
AMA,https://salem.massgeneralbrigham.org/
AMA,https://salemtownhosp.com/
AMA,https://saltlake.kpcph.com/
AMA,https://saltlakebehavioralhealth.com/
AMA,https://samaritanhealth.com/
AMA,https://samhealth.org/
AMA,https://sandiego.tricare.mil/
AMA,https://sandimashospital.com/
AMA,https://sanjuanhealth.org/
AMA,https://santiamhospital.org/
AMA,https://sarhcare.org/
AMA,https://saundersmedicalcenter.com/
AMA,https://savoymedical.com/
AMA,https://scch.health/
AMA,https://schcmed.com/
AMA,https://schealthnd.com/
AMA,https://schwab.sinaichicago.org/
AMA,https://sckhealth.org/
AMA,https://scmchealth.com/
AMA,https://scmh.org/
AMA,https://scmhospital.org/
AMA,https://scmohospital.net/
AMA,https://scottishriteforchildren.org/
AMA,https://scrmc.com/
AMA,https://searhc.org/
AMA,https://sebasticookvalleyhealth.org/
AMA,https://sedancityhospital.org/
AMA,https://semedicalcenter.org/
AMA,https://seminolehospitaldistrict.com/
AMA,https://senecahospital.org/
AMA,https://serenityhospital.com/
AMA,https://setonharkerheights.net/
AMA,https://seymourhospital.com/
AMA,https://sfcjl.org/
AMA,https://sfcommunityhospitals.ucsfhealth.org/
AMA,https://shamrock.health/
AMA,https://shastaregional.com/
AMA,https://shelteringarmsinstitute.com/
AMA,https://shodair.org/
AMA,https://sierravistahospital.com/
AMA,https://signature-healthcare.org/
AMA,https://signaturehc.com/
AMA,https://sihd.org/
AMA,https://silverhillhospital.org/
AMA,https://simpsongeneral.com/
AMA,https://singingriverhealthsystem.com/
AMA,https://sireading.com/
AMA,https://siuh.northwell.edu/
AMA,https://sjbhh.net/
AMA,https://skyrehab.com/
AMA,https://sli.org/
AMA,https://slrh.scvh.org/
AMA,https://smh-cvh.org/
AMA,https://smmcnj.com/
AMA,https://smphealth.org/
AMA,https://snoqualmievalleyhealth.org/
AMA,https://sohumhealth.org/
AMA,https://southcoast-gmc.com/
AMA,https://southeastrehab.com/
AMA,https://southerncoos.org/
AMA,https://southernhillshospital.com/
AMA,https://southernregional.org/
AMA,https://southoaks.northwell.edu/
AMA,https://southtexassurgical.com/
AMA,https://spauldingrehab.org/
AMA,https://spearehospital.com/
AMA,https://specialistshospitalshreveport.com/
AMA,https://specialtyhospitaloflorain.org/
AMA,https://sphn.com/
AMA,https://spoonerhealth.com/
AMA,https://springbrookbehavioral.com/
AMA,https://springfieldhospital.org/
AMA,https://springmountaintreatmentcenter.com/
AMA,https://springsmemorial.com/
AMA,https://ssbythesea.com/
AMA,https://ssuh.northwell.edu/
AMA,https://stanfordhealthcare.org/
AMA,https://stanislaussurgical.com/
AMA,https://starvalleyhealth.org/
AMA,https://stbernardhospital.com/
AMA,https://stcharleshealthcare.org/
AMA,https://stegenevievehospital.org/
AMA,https://stephenscountyhospital.com/
AMA,https://sterlingsurgical.net/
AMA,https://sterlingtonrehab.com/
AMA,https://stfrancismedicalcenter.com/
AMA,https://stjohnleavenworth.com/
AMA,https://stjohns.ufhealth.org/
AMA,https://stjoseph-locations.stlukeshealth.org/
AMA,https://stjoseph.stlukeshealth.org/
AMA,https://stjosephbangor.org/
AMA,https://stjosephhospital.com/
AMA,https://stjosephkc.com/
AMA,https://stjosephshealth.org/
AMA,https://stjosephvilla.com/
AMA,https://stlukehealthcare.org/
AMA,https://stmaryskc.com/
AMA,https://stmarysmaine.com/
AMA,https://stocktonrehab.com/
AMA,https://stoughtonhealth.com/
AMA,https://straithhospital.org/
AMA,https://streamwoodhospital.com/
AMA,https://strosenh.org/
AMA,https://sturgishospital.com/
AMA,https://stvincents.org/
AMA,https://suburbanhosp.org/
AMA,https://summarehabhospital.com/
AMA,https://summithealthcare.net/
AMA,https://summitks.com/
AMA,https://summitmedcenter.com/
AMA,https://summitoakshospital.com/
AMA,https://summitpacificmedicalcenter.org/
AMA,https://summitridgehospital.net/
AMA,https://suncoastbhc.com/
AMA,https://suncolumbus.com/
AMA,https://sundelaware.com/
AMA,https://sunhouston.com/
AMA,https://sunkentucky.com/
AMA,https://sunrisehospital.com/
AMA,https://sunviewwellness.com/
AMA,https://surgeonschoice.com/
AMA,https://surgicalhospitalok.net/
AMA,https://svhealthcare.org/
AMA,https://sweenyhospital.org/
AMA,https://sweetwaterhospital.org/
AMA,https://swhealthcare.net/
AMA,https://swmconline.com/
AMA,https://sycamorespringshealth.com/
AMA,https://syracuseareahealth.com/
AMA,https://tbhcare.com/
AMA,https://tccada.com/
AMA,https://tchealth.org/
AMA,https://tchospital.us/
AMA,https://texarkanaemergencycenter.com/
AMA,https://texasneurorehab.com/
AMA,https://texasorthopedic.com/
AMA,https://texasstarrecovery.com/
AMA,https://tgcaz.org/
AMA,https://thayercountyhealth.com/
AMA,https://thcds.com/
AMA,https://thebridgeway.com/
AMA,https://thebrookhospitals.com/
AMA,https://thecarolinacenter.com/
AMA,https://thecolonyer.com/
AMA,https://thecoreinstitutehospital.com/
AMA,https://thedacare.org/
AMA,https://themeadows.net/
AMA,https://thevineshospital.com/
AMA,https://thmh.org/
AMA,https://thocc.org/
AMA,https://thorekandersonville.org/
AMA,https://threeriversbehavioral.org/
AMA,https://threerivershospital.net/
AMA,https://threeriversmedicalcenter.com/
AMA,https://tmcbonham.com/
AMA,https://tops-hospital.com/
AMA,https://totallykids.com/
AMA,https://towerhealth.org/
AMA,https://traceregional.com/
AMA,https://traumaticbraininjury.net/
AMA,https://travis.tricare.mil/
AMA,https://treasurevalleyhospital.com/
AMA,https://trianglesprings.com/
AMA,https://tricare.mil/
AMA,https://tridenthealthsystem.com/
AMA,https://trinityhealth.com/
AMA,https://tripler.tricare.mil/
AMA,https://tristatehospital.org/
AMA,https://trmc-al.com/
AMA,https://tsjh.org/
AMA,https://tuality.org/
AMA,https://turningpointcare.com/
AMA,https://tvhcare.org/
AMA,https://twentynine-palms.tricare.mil/
AMA,https://txsurgical.com/
AMA,https://uabstvincents.org/
AMA,https://uamshealth.com/
AMA,https://ubhdenton.com/
AMA,https://ucnj.org/
AMA,https://ufhealth.org/
AMA,https://ufhealthjax.org/
AMA,https://uihc.org/
AMA,https://uihealthcare.org/
AMA,https://ukhealthcare.uky.edu/
AMA,https://umhtx.org/
AMA,https://umiamihealth.org/
AMA,https://ummc.care/
AMA,https://umrhospital.com/
AMA,https://uniongeneralhealthsystem.com/
AMA,https://unitedmedicaldc.com/
AMA,https://unitedregional.org/
AMA,https://unitypsych.com/
AMA,https://uoflhealth.org/
AMA,https://uofmhealthwest.org/
AMA,https://urmc.org/
AMA,https://uscvhh.org/
AMA,https://ush.utah.gov/
AMA,https://usmdarlington.com/
AMA,https://uthealthathens.com/
AMA,https://uthealthcarthage.com/
AMA,https://uthealthhenderson.com/
AMA,https://uthealthjacksonville.com/
AMA,https://uthealthnorth.com/
AMA,https://uthealthpittsburg.com/
AMA,https://uthealthquitman.com/
AMA,https://uthealthrehab.com/
AMA,https://uthealthtylerhospital.com/
AMA,https://uvahealth.com/
AMA,https://valir.com/
AMA,https://vallevistahospital.com/
AMA,https://valleycareofohio.steward.org/
AMA,https://valleyhospital-phoenix.com/
AMA,https://valleyregionalmedicalcenter.com/
AMA,https://valleywisehealth.org/
AMA,https://vanzandtregionalhospital.com/
AMA,https://vbch.org/
AMA,https://vbpcweb.com/
AMA,https://vchca.org/
AMA,https://vhboise.com/
AMA,https://vhcentraldakotas.com/
AMA,https://vhcharleston.com/
AMA,https://vhdenver.com/
AMA,https://vhfargo.com/
AMA,https://vhrichardson.com/
AMA,https://vhsacramento.com/
AMA,https://vhsemichigan.com/
AMA,https://vibrahealthcare.com/
AMA,https://vistahealth.com/
AMA,https://vitalityaesthetic.com/
AMA,https://vitruvianhealth.com/
AMA,https://vrh.org/
AMA,https://vrhamarillo.com/
AMA,https://vrhsouthernindiana.com/
AMA,https://vshportland.com/
AMA,https://wagonerhospital.com/
AMA,https://walterreed.tricare.mil/
AMA,https://wamegohealthcenter.org/
AMA,https://watsonvillehospital.com/
AMA,https://waynegeneralhospital.org/
AMA,https://waynehospital.org/
AMA,https://wbihelp.com/
AMA,https://wchcd.org/
AMA,https://wcmhosp.org/
AMA,https://wearememorial.com/
AMA,https://weatherfordhospital.com/
AMA,https://weeksmedical.org/
AMA,https://wekivacenter.com/
AMA,https://westanaheimmedctr.com/
AMA,https://westaph.org/
AMA,https://westernstatehospital.ky.gov/
AMA,https://westoakshospital.com/
AMA,https://westparksprings.com/
AMA,https://westvalleymedctr.com/
AMA,https://wexnermedical.osu.edu/
AMA,https://wghospital.com/
AMA,https://whidbeyhealth.org/
AMA,https://whiteriverhealth.org/
AMA,https://whiterockmedicalcenter.com/
AMA,https://whitfieldregionalhospital.com/
AMA,https://whmcny.org/
AMA,https://whs.org/
AMA,https://wichitafalls.kpcph.com/
AMA,https://wickhosp.com/
AMA,https://williamsonhealth.org/
AMA,https://willingway.com/
AMA,https://willowcreekbh.com/
AMA,https://willowspringscenter.com/
AMA,https://winchesterhospital.org/
AMA,https://windhamhospital.org/
AMA,https://windmoor.com/
AMA,https://windsorlaurelwood.com/
AMA,https://winn.tricare.mil/
AMA,https://winnmed.org/
AMA,https://wmhc.us/
AMA,https://wmhweb.com/
AMA,https://wmmc.com/
AMA,https://wnj.org/
AMA,https://womack.tricare.mil/
AMA,https://womanshospital.com/
AMA,https://woodlandspringshealth.com/
AMA,https://woodlawnhospital.org/
AMA,https://wrightpatterson.tricare.mil/
AMA,https://wvumedicine.org/
AMA,https://www.4chealthin.org/
AMA,https://www.abbevilleareamc.com/
AMA,https://www.abbevillegeneral.com/
AMA,https://www.abrazohealth.com/
AMA,https://www.acadiahealthcare.com/
AMA,https://www.acadiavermilion.com/
AMA,https://www.accesshospital.com/
AMA,https://www.achospital.org/
AMA,https://www.achsiowa.org/
AMA,https://www.acmconline.org/
AMA,https://www.acmh.org/
AMA,https://www.acmhhosp.org/
AMA,https://www.acuityhealthcare.net/
AMA,https://www.adcetris.com/
AMA,https://www.adena.org/
AMA,https://www.adhealthcare.com/
AMA,https://www.adirondackhealth.org/
AMA,https://www.adventhealth.com/
AMA,https://www.adventisthealth.org/
AMA,https://www.adventisthealthcare.com/
AMA,https://www.advocatehealth.com/
AMA,https://www.ahcs.org/
AMA,https://www.ahmchealth.com/
AMA,https://www.ahn.org/
AMA,https://www.aikenregional.com/
AMA,https://www.akronchildrens.org/
AMA,https://www.alamedahealthsystem.org/
AMA,https://www.alaskaregional.com/
AMA,https://www.albany.va.gov/
AMA,https://www.alhambrahospital.com/
AMA,https://www.alicehyde.com/
AMA,https://www.alicepeckday.org/
AMA,https://www.allegiancehealth.org/
AMA,https://www.allenhealth.org/
AMA,https://www.alliancehealthdurant.com/
AMA,https://www.alliancehealthwoodward.com/
AMA,https://www.allied-services.org/
AMA,https://www.allinahealth.org/
AMA,https://www.altonmemorialhospital.org/
AMA,https://www.altru.org/
AMA,https://www.altusemergency.com/
AMA,https://www.alvaradohospital.com/
AMA,https://www.alwaysnhs.org/
AMA,https://www.amazingkids.org/
AMA,https://www.amc.edu/
AMA,https://www.amctoday.org/
AMA,https://www.amhne.org/
AMA,https://www.anaheimglobalmedicalcenter.com/
AMA,https://www.andalusiahealth.com/
AMA,https://www.andersonregional.org/
AMA,https://www.andersonrehabinstitute.com/
AMA,https://www.animassurgical.com/
AMA,https://www.apollo-bhh.com/
AMA,https://www.archbold.org/
AMA,https://www.archildrens.org/
AMA,https://www.arh.org/
AMA,https://www.arheart.com/
AMA,https://www.arkansascontinuedcarehospital.com/
AMA,https://www.armchealth.org/
AMA,https://www.armsacres.com/
AMA,https://www.arnothealth.org/
AMA,https://www.arrowheadmedcenter.org/
AMA,https://www.asante.org/
AMA,https://www.ashememorial.org/
AMA,https://www.ashlandhc.org/
AMA,https://www.ashleyregional.com/
AMA,https://www.ashospital.net/
AMA,https://www.aslh.org/
AMA,https://www.aspirehealthcorp.com/
AMA,https://www.aspirus.org/
AMA,https://www.astria.health/
AMA,https://www.athenslimestonehospital.com/
AMA,https://www.atholhospital.org/
AMA,https://www.atlanticare.org/
AMA,https://www.atlanticgeneral.org/
AMA,https://www.atlantichealth.org/
AMA,https://www.atlanticrehabinstitute.com/
AMA,https://www.atmorehealth.org/
AMA,https://www.atokamedicalcenter.org/
AMA,https://www.atriummedicalcenter.com/
AMA,https://www.auburnhospital.org/
AMA,https://www.augustahealth.com/
AMA,https://www.augustahealth.org/
AMA,https://www.aultmanorrville.org/
AMA,https://www.auroraarizona.com/
AMA,https://www.aurorabaycare.com/
AMA,https://www.aurorahealthcare.org/
AMA,https://www.auxiliomutuo.com/
AMA,https://www.avenirseniorliving.com/
AMA,https://www.avera.org/
AMA,https://www.avhealthsystem.com/
AMA,https://www.avmc.org/
AMA,https://www.avrmc.org/
AMA,https://www.azdhs.gov/
AMA,https://www.azkrmc.com/
AMA,https://www.baconcountyhospital.com/
AMA,https://www.bakersfieldbehavioral.com/
AMA,https://www.baldwinhealth.com/
AMA,https://www.balladhealth.org/
AMA,https://www.ballingerhospital.org/
AMA,https://www.bannerhealth.com/
AMA,https://www.baptist-health.com/
AMA,https://www.baptistfirst.org/
AMA,https://www.baptisthealth.com/
AMA,https://www.baptisthealthdeaconess.com/
AMA,https://www.baptisthealthsystem.com/
AMA,https://www.baptistjax.com/
AMA,https://www.baptistonline.org/
AMA,https://www.baptistrehab.com/
AMA,https://www.barlowhospital.org/
AMA,https://www.barnesjewish.org/
AMA,https://www.barnesjewishwestcounty.org/
AMA,https://www.barretthospital.org/
AMA,https://www.bartletthospital.org/
AMA,https://www.bartonhealth.org/
AMA,https://www.bassett.org/
AMA,https://www.baxterhealth.org/
AMA,https://www.bayfronthealth.com/
AMA,https://www.bayhealth.org/
AMA,https://www.bayoubendhealth.org/
AMA,https://www.baystatehealth.org/
AMA,https://www.bbgh.org/
AMA,https://www.bch.org/
AMA,https://www.bchccnet.org/
AMA,https://www.bchmed.org/
AMA,https://www.bcm.edu/
AMA,https://www.bcmh.net/
AMA,https://www.beaconbh.com/
AMA,https://www.beaconhealthsystem.org/
AMA,https://www.beartoothbillingsclinic.org/
AMA,https://www.beaumont.org/
AMA,https://www.beauregard.org/
AMA,https://www.beebehealthcare.org/
AMA,https://www.behavioralcenter.com/
AMA,https://www.behavioralhealthofrockytop.com/
AMA,https://www.bellevuehospital.com/
AMA,https://www.bellvillemc.org/
AMA,https://www.belmontbehavioral.com/
AMA,https://www.beloithealthsystem.org/
AMA,https://www.benefis.org/
AMA,https://www.berkshirehealthsystems.org/
AMA,https://www.bethanychildrens.org/
AMA,https://www.bethesdaweb.com/
AMA,https://www.beuil.com/
AMA,https://www.bgh.org/
AMA,https://www.bhcalhambra.com/
AMA,https://www.bhsala.com/
AMA,https://www.bhset.net/
AMA,https://www.bibbmed.com/
AMA,https://www.bigforkvalley.org/
AMA,https://www.billingsclinic.com/
AMA,https://www.bitterroothealth.org/
AMA,https://www.bjsph.org/
AMA,https://www.blackwellregional.org/
AMA,https://www.bleckleymemorial.com/
AMA,https://www.blessinghealth.org/
AMA,https://www.bluegrasscommunityhospital.com/
AMA,https://www.blufftonregional.com/
AMA,https://www.blythedale.org/
AMA,https://www.bmc.org/
AMA,https://www.bmchealthsystem.org/
AMA,https://www.bmgh.org/
AMA,https://www.bmh.org/
AMA,https://www.bmhsc.org/
AMA,https://www.bmhutah.org/
AMA,https://www.bmhvt.org/
AMA,https://www.bolivarmedical.com/
AMA,https://www.bonsecours.com/
AMA,https://www.bonsecourscommunityhosp.org/
AMA,https://www.boonehospital.com/
AMA,https://www.bop.gov/
AMA,https://www.boundarycommunityhospital.org/
AMA,https://www.bourbonhospital.com/
AMA,https://www.bournewood.com/
AMA,https://www.bowenhealth.org/
AMA,https://www.boystownhospital.org/
AMA,https://www.bozemanhealth.org/
AMA,https://www.bradleycountymedicalcenter.com/
AMA,https://www.brattlebororetreat.org/
AMA,https://www.brentwoodjackson.com/
AMA,https://www.brgeneral.org/
AMA,https://www.brhc.org/
AMA,https://www.bridgepointhealthcare.com/
AMA,https://www.bridgeporthospital.org/
AMA,https://www.brighamandwomens.org/
AMA,https://www.brighamandwomensfaulkner.org/
AMA,https://www.bristolhealth.org/
AMA,https://www.brmc-ogh.org/
AMA,https://www.brmh.net/
AMA,https://www.broadlawns.org/
AMA,https://www.brodstonehealthcare.org/
AMA,https://www.bronsonhealth.com/
AMA,https://www.bronxcare.org/
AMA,https://www.brookingshealth.org/
AMA,https://www.brooklane.org/
AMA,https://www.brookwoodbaptisthealth.com/
AMA,https://www.browardhealth.org/
AMA,https://www.browncountywi.gov/
AMA,https://www.brownfield-rmc.org/
AMA,https://www.brownhealth.org/
AMA,https://www.brrehab.com/
AMA,https://www.bryanhealth.com/
AMA,https://www.brylin.com/
AMA,https://www.bswhealth.com/
AMA,https://www.bswrehab.com/
AMA,https://www.bullockcountyhospital.com/
AMA,https://www.bunkiegeneral.com/
AMA,https://www.burgesshc.org/
AMA,https://www.burke.org/
AMA,https://www.burnettmedicalcenter.com/
AMA,https://www.butler.org/
AMA,https://www.bvchd.com/
AMA,https://www.bvhealthsystem.org/
AMA,https://www.bvhpr.org/
AMA,https://www.bvrmc.org/
AMA,https://www.bwmgch.com/
AMA,https://www.cabellhuntington.org/
AMA,https://www.cabinetpeaks.org/
AMA,https://www.cahcare.com/
AMA,https://www.calaishospital.org/
AMA,https://www.caldwellhosp.org/
AMA,https://www.caldwellmemorial.org/
AMA,https://www.calhounlibertyhospital.com/
AMA,https://www.californiarehabinstitute.com/
AMA,https://www.callawayhospital.org/
AMA,https://www.calvaryhospital.org/
AMA,https://www.calverthealthmedicine.org/
AMA,https://www.camc.org/
AMA,https://www.cameronmch.com/
AMA,https://www.cameronregional.org/
AMA,https://www.cancercenter.com/
AMA,https://www.canyonvistamedicalcenter.com/
AMA,https://www.capecodhealth.org/
AMA,https://www.capefearvalley.com/
AMA,https://www.capitalcaring.org/
AMA,https://www.capitalhealth.org/
AMA,https://www.cardiovascular.gobierno.pr/
AMA,https://www.care-one.com/
AMA,https://www.carilionclinic.org/
AMA,https://www.carlsbadmedicalcenter.com/
AMA,https://www.carolinaeasthealth.com/
AMA,https://www.carolinashospital.com/
AMA,https://www.carondelet.org/
AMA,https://www.carrollcountyhospital.org/
AMA,https://www.carrushealth.com/
AMA,https://www.carrushospital.com/
AMA,https://www.carsontahoe.com/
AMA,https://www.carsonvalleyhealth.org/
AMA,https://www.carterethealth.org/
AMA,https://www.carthagehospital.com/
AMA,https://www.carymedicalcenter.org/
AMA,https://www.casacolina.org/
AMA,https://www.caseycountyhospital.com/
AMA,https://www.casshealth.org/
AMA,https://www.cassregional.org/
AMA,https://www.castleviewhospital.net/
AMA,https://www.catawba.dbhds.virginia.gov/
AMA,https://www.catawbavalleyhealth.org/
AMA,https://www.catholichealthli.org/
AMA,https://www.catholichealthservices.org/
AMA,https://www.catholicmedicalcenter.org/
AMA,https://www.cavalierhospital.com/
AMA,https://www.cayetano@xsn.net/
AMA,https://www.cc.nih.gov/
AMA,https://www.ccc-az.org/
AMA,https://www.ccca.dbhds.virginia.gov/
AMA,https://www.cccupr.org/
AMA,https://www.cchealth.org/
AMA,https://www.cchs.org/
AMA,https://www.cchwyo.org/
AMA,https://www.ccmcks.org/
AMA,https://www.ccmhhealth.com/
AMA,https://www.ccmhosp.com/
AMA,https://www.cdvcmc.com/
AMA,https://www.cedarcomem.com/
AMA,https://www.cedarcresthospital.com/
AMA,https://www.cedarparkregional.com/
AMA,https://www.cedars-sinai.edu/
AMA,https://www.centegra.org/
AMA,https://www.centennialhillshospital.com/
AMA,https://www.centerpointehospital.com/
AMA,https://www.centerpointehospitalcolumbia.com/
AMA,https://www.centracare.com/
AMA,https://www.centrahealth.com/
AMA,https://www.centralcarolinahosp.com/
AMA,https://www.centralvalleymedicalcenter.com/
AMA,https://www.centrastate.com/
AMA,https://www.cfmedicalcenter.com/
AMA,https://www.cfvh.org/
AMA,https://www.cghmc.com/
AMA,https://www.chadronhospital.com/
AMA,https://www.chaffeehospitalandhome.com/
AMA,https://www.challiance.org/
AMA,https://www.chapmanglobalmedicalcenter.com/
AMA,https://www.chartercare.org/
AMA,https://www.charteroakhospital.com/
AMA,https://www.chasecountyhospital.com/
AMA,https://www.chathamhospital.org/
AMA,https://www.chatugeregionalhospital.org/
AMA,https://www.chcc.health/
AMA,https://www.chcsks.org/
AMA,https://www.cherrycountyhospital.org/
AMA,https://www.cheshiremed.org/
AMA,https://www.chestercountyhospital.org/
AMA,https://www.cheyennecountyhospital.com/
AMA,https://www.cheyenneregional.org/
AMA,https://www.chhealthsystem.com/
AMA,https://www.chickasaw.net/
AMA,https://www.chihealth.com/
AMA,https://www.childrens.com/
AMA,https://www.childrensal.org/
AMA,https://www.childrensdayton.org/
AMA,https://www.childrensdmc.org/
AMA,https://www.childrenshomepgh.org/
AMA,https://www.childrenshospital.org/
AMA,https://www.childrensmercy.org/
AMA,https://www.childrensmn.org/
AMA,https://www.childrensnational.org/
AMA,https://www.childrensnebraska.org/
AMA,https://www.childresshospital.com/
AMA,https://www.chisaintjosephhealth.org/
AMA,https://www.chistalexiushealth.org/
AMA,https://www.chistfrancishealth.org/
AMA,https://www.chistvincent.com/
AMA,https://www.chkd.org/
AMA,https://www.chla.org/
AMA,https://www.chmccook.org/
AMA,https://www.chnola.org/
AMA,https://www.chnwi.org/
AMA,https://www.choa.org/
AMA,https://www.choctawhealthcenter.org/
AMA,https://www.choctawregional.com/
AMA,https://www.chop.edu/
AMA,https://www.chp.edu/
AMA,https://www.chrichmond.org/
AMA,https://www.christianhospital.org/
AMA,https://www.christushealth.org/
AMA,https://www.chsbuffalo.org/
AMA,https://www.cincinnatichildrens.org/
AMA,https://www.circlesofcare.org/
AMA,https://www.citizensmedicalcenter.org/
AMA,https://www.citizensmemorial.com/
AMA,https://www.cityofhope.org/
AMA,https://www.clarindahealth.com/
AMA,https://www.claritycgc.org/
AMA,https://www.clarkehosp.org/
AMA,https://www.clarkregional.org/
AMA,https://www.claxtonhepburn.org/
AMA,https://www.claycountyhospital.com/
AMA,https://www.clevelandareahospital.com/
AMA,https://www.cliftonspringshospital.org/
AMA,https://www.cmcfc.org/
AMA,https://www.cmciks.com/
AMA,https://www.cmhc.org/
AMA,https://www.cmhcare.org/
AMA,https://www.cmhcinc.org/
AMA,https://www.cmhosp.com/
AMA,https://www.cmhregional.com/
AMA,https://www.cmhsumner.org/
AMA,https://www.cmmc.health/
AMA,https://www.cnhsa.com/
AMA,https://www.coastplazahospital.com/
AMA,https://www.cochranmemorial.com/
AMA,https://www.codyregionalhealth.org/
AMA,https://www.coffeeregional.org/
AMA,https://www.coffeyhealth.org/
AMA,https://www.columbiabasinhospital.org/
AMA,https://www.columbiamemorial.org/
AMA,https://www.columbiamemorialhealth.org/
AMA,https://www.columbushosp.org/
AMA,https://www.commonwealthhealth.net/
AMA,https://www.communityhospitalhp.com/
AMA,https://www.communityhospitalokc.com/
AMA,https://www.communitymed.org/
AMA,https://www.communitymedical.org/
AMA,https://www.communityrehabhospitalsouth.com/
AMA,https://www.compasshealthcare.com/
AMA,https://www.compassmemorial.org/
AMA,https://www.concordhospital.org/
AMA,https://www.conehealth.com/
AMA,https://www.conemaugh.org/
AMA,https://www.confluencehealth.org/
AMA,https://www.coniferpark.com/
AMA,https://www.connallymmc.org/
AMA,https://www.connecticutchildrens.org/
AMA,https://www.conversehospital.com/
AMA,https://www.conwaybh.com/
AMA,https://www.conwaymedicalcenter.com/
AMA,https://www.conwayregional.org/
AMA,https://www.cookchildrens.org/
AMA,https://www.cookhospital.org/
AMA,https://www.cooleydickinson.org/
AMA,https://www.cooperhealth.org/
AMA,https://www.cooperhealthcape.org/
AMA,https://www.copleyvt.org/
AMA,https://www.coqui.net/
AMA,https://www.coralgableshospital.com/
AMA,https://www.cornerstoneny.com/
AMA,https://www.corrections.nebraska.gov/
AMA,https://www.cottagehealth.org/
AMA,https://www.cottagehospital.org/
AMA,https://www.cottonwoodcreekboise.com/
AMA,https://www.countyofsb.org/
AMA,https://www.covenanthealth.com/
AMA,https://www.covenanthealthcare.com/
AMA,https://www.covingtonbh.com/
AMA,https://www.coxhealth.com/
AMA,https://www.cpgh.org/
AMA,https://www.cprmc.com/
AMA,https://www.cqch.org/
AMA,https://www.cranememorial.org/
AMA,https://www.creekhealth.org/
AMA,https://www.crestwoodmedcenter.com/
AMA,https://www.crestwynbehavioral.com/
AMA,https://www.crh.org/
AMA,https://www.crittenden-health.org/
AMA,https://www.crmc.health/
AMA,https://www.crmc.org/
AMA,https://www.crmchealth.org/
AMA,https://www.crmcinc.org/
AMA,https://www.crossingrivers.org/
AMA,https://www.crouse.org/
AMA,https://www.crozerhealth.org/
AMA,https://www.csh.dbhds.virginia.gov/
AMA,https://www.cubamemorialhospital.com/
AMA,https://www.cueroregionalhospital.org/
AMA,https://www.cumberlandhallhospital.com/
AMA,https://www.curryhealthnetwork.com/
AMA,https://www.cuyunamed.org/
AMA,https://www.cvhospital.org/
AMA,https://www.cvmc.org/
AMA,https://www.cypresscreekhospital.com/
AMA,https://www.dakotaregional.com/
AMA,https://www.dalemedical.org/
AMA,https://www.dallasbehavioral.com/
AMA,https://www.dallascohospital.org/
AMA,https://www.dallascountymedicalcenter.com/
AMA,https://www.dameronhospital.org/
AMA,https://www.dana-farber.org/
AMA,https://www.danielsmemorialhealthcare.org/
AMA,https://www.danvilleregional.com/
AMA,https://www.dardanelleregional.org/
AMA,https://www.dartmouth-hitchcock.org/
AMA,https://www.davishealthsystem.org/
AMA,https://www.daykimball.org/
AMA,https://www.dcfs.louisiana.gov/
AMA,https://www.dchbenkelman.com/
AMA,https://www.dchosp.org/
AMA,https://www.dchs.org/
AMA,https://www.dchsystem.com/
AMA,https://www.dcmedical.org/
AMA,https://www.dcmh.net/
AMA,https://www.dcstlukes.org/
AMA,https://www.dds.ca.gov/
AMA,https://www.deaconess.com/
AMA,https://www.decaturcountyhospital.org/
AMA,https://www.decaturgeneral.org/
AMA,https://www.decaturhealthsystems.org/
AMA,https://www.dech.org/
AMA,https://www.deltahealthsystem.org/
AMA,https://www.deltamem.org/
AMA,https://www.deltaspecialtyhospital.com/
AMA,https://www.denverhealth.org/
AMA,https://www.desertcarenetwork.com/
AMA,https://www.desertparkway.com/
AMA,https://www.desertspringshospital.com/
AMA,https://www.desotoregional.com/
AMA,https://www.detar.com/
AMA,https://www.dewitthealth.org/
AMA,https://www.dhhs.nh.gov/
AMA,https://www.dhr-rgv.com/
AMA,https://www.dhs.state.il.us/
AMA,https://www.dhss.delaware.gov/
AMA,https://www.dignityhealth.org/
AMA,https://www.dignityhealthevrehab.com/
AMA,https://www.dignityhealthevrehabgilbert.com/
AMA,https://www.dignityhealthrehab.com/
AMA,https://www.dileyridgemedicalcenter.com/
AMA,https://www.dimmitregionalhospital.com/
AMA,https://www.dlmed.org/
AMA,https://www.dmc-modesto.com/
AMA,https://www.dmc.org/
AMA,https://www.dmh.org/
AMA,https://www.dmhcares.com/
AMA,https://www.doc.sc.gov/
AMA,https://www.docshealth.com/
AMA,https://www.doctorshosplaredo.com/
AMA,https://www.doctorsmanteca.com/
AMA,https://www.doctorsmemorial.com/
AMA,https://www.dodgecountyhospital.com/
AMA,https://www.dorminymedical.org/
AMA,https://www.dosher.org/
AMA,https://www.douglascounty-ne.gov/
AMA,https://www.downstate.edu/
AMA,https://www.doylestownhealth.org/
AMA,https://www.drewmemorial.org/
AMA,https://www.drumrighthospital.com/
AMA,https://www.dshs.state.tx.us/
AMA,https://www.dshs.texas.gov/
AMA,https://www.dshs.wa.gov/
AMA,https://www.dukehealth.org/
AMA,https://www.dukesmemorialhosp.com/
AMA,https://www.duncanregional.com/
AMA,https://www.dwmmh.org/
AMA,https://www.eastalabamahealth.org/
AMA,https://www.easterniowarehabhospital.com/
AMA,https://www.eastgeorgiaregional.com/
AMA,https://www.eastlandmemorial.com/
AMA,https://www.eatonrapidsmedicalcenter.org/
AMA,https://www.ebaptisthealthcare.org/
AMA,https://www.ebch.org/
AMA,https://www.ech.org/
AMA,https://www.echn.org/
AMA,https://www.ecmc.edu/
AMA,https://www.ecommunity.com/
AMA,https://www.ecrmc.org/
AMA,https://www.ecuhealth.org/
AMA,https://www.edgertonhospital.com/
AMA,https://www.eehealth.org/
AMA,https://www.effinghamhealth.org/
AMA,https://www.eladoctorshospital.com/
AMA,https://www.elcaminohealth.org/
AMA,https://www.eldoradospringsbh.com/
AMA,https://www.ellettmemorial.com/
AMA,https://www.ellinwooddistricthospital.org/
AMA,https://www.elliothospital.org/
AMA,https://www.ellismedicine.org/
AMA,https://www.emanatehealth.org/
AMA,https://www.emanuelmedical.org/
AMA,https://www.emanuelmedicalcenter.org/
AMA,https://www.emergencyhospitals.care/
AMA,https://www.emersonhospital.org/
AMA,https://www.emoryhealthcare.org/
AMA,https://www.emsh.ms.gov/
AMA,https://www.endlesscare.org/
AMA,https://www.englewoodhealth.org/
AMA,https://www.enloe.org/
AMA,https://www.enmmc.com/
AMA,https://www.ennisregional.com/
AMA,https://www.ephc.org/
AMA,https://www.erlanger.org/
AMA,https://www.erlangerbh.com/
AMA,https://www.eshospital.org/
AMA,https://www.eskenazihealth.edu/
AMA,https://www.essentiahealth.org/
AMA,https://www.etch.com/
AMA,https://www.eurekaspringshospital.com/
AMA,https://www.evanhospital.com/
AMA,https://www.evansmemorialhospital.org/
AMA,https://www.evergreenhealth.com/
AMA,https://www.evergreenmedical.org/
AMA,https://www.ewmed.com/
AMA,https://www.exeterhospital.com/
AMA,https://www.fairfieldmemorial.org/
AMA,https://www.fairview.org/
AMA,https://www.fairviewregionalmedicalcenter.com/
AMA,https://www.fallonmedical.org/
AMA,https://www.fauquierhealth.org/
AMA,https://www.fbmcdallas.com/
AMA,https://www.fchtexas.com/
AMA,https://www.fcmc.us.com/
AMA,https://www.fcmcpa.org/
AMA,https://www.fcmh.com/
AMA,https://www.fcmh.net/
AMA,https://www.fdc.myflorida.com/
AMA,https://www.fdihb.org/
AMA,https://www.fdlco.wi.gov/
AMA,https://www.ferrellhospital.org/
AMA,https://www.fhmc-mi.com/
AMA,https://www.fhn.org/
AMA,https://www.firelands.com/
AMA,https://www.firstcarehc.com/
AMA,https://www.firsthealth.org/
AMA,https://www.fishercountyhospital.com/
AMA,https://www.fishertitus.org/
AMA,https://www.fitzgibbon.org/
AMA,https://www.flhealth.org/
AMA,https://www.flintriverhospital.com/
AMA,https://www.flowershospital.com/
AMA,https://www.floyd.org/
AMA,https://www.fmc-cares.com/
AMA,https://www.fmchealth.org/
AMA,https://www.fmdh.org/
AMA,https://www.fmolhs.org/
AMA,https://www.forkshospital.org/
AMA,https://www.forresthealth.org/
AMA,https://www.fortduncanmedicalcenter.com/
AMA,https://www.forthealthcare.com/
AMA,https://www.foundationhealth.org/
AMA,https://www.fourwindshospital.com/
AMA,https://www.foxchase.org/
AMA,https://www.franciscanhealth.org/
AMA,https://www.franhealth.org/
AMA,https://www.franklinhospital.net/
AMA,https://www.frederickhealth.org/
AMA,https://www.fredhutch.org/
AMA,https://www.freemanhealth.com/
AMA,https://www.frhs.org/
AMA,https://www.frhssd.org/
AMA,https://www.friendmed.org/
AMA,https://www.frioregionalhospital.com/
AMA,https://www.froedtert.com/
AMA,https://www.froedtertsouth.com/
AMA,https://www.fryemedctr.com/
AMA,https://www.fultoncountyhospital.org/
AMA,https://www.fwhuston.com/
AMA,https://www.gadsdenregional.com/
AMA,https://www.garfieldcountyhospital.com/
AMA,https://www.garnethealth.org/
AMA,https://www.gatewayshospital.org/
AMA,https://www.gaylord.org/
AMA,https://www.gbhoh.com/
AMA,https://www.gbmc.org/
AMA,https://www.gbregional.com/
AMA,https://www.gchnm.org/
AMA,https://www.gcmchealth.com/
AMA,https://www.gcmh.com/
AMA,https://www.gcrmc.org/
AMA,https://www.geisinger.org/
AMA,https://www.genesisbh.com/
AMA,https://www.genesishcs.org/
AMA,https://www.genesishealth.com/
AMA,https://www.genoamedical.org/
AMA,https://www.georgetownbehavioral.com/
AMA,https://www.georgetowncommunityhospital.com/
AMA,https://www.ghcares.org/
AMA,https://www.gibsonhospital.org/
AMA,https://www.gillettechildrens.org/
AMA,https://www.gilmorehealth.com/
AMA,https://www.girardmedicalcenter.com/
AMA,https://www.glensfallshospital.org/
AMA,https://www.glenwoodregional.org/
AMA,https://www.gmc.org/
AMA,https://www.gmha.org/
AMA,https://www.gonzaleshealthcare.com/
AMA,https://www.good-samaritan-hospital.org/
AMA,https://www.goodsamhosp.org/
AMA,https://www.goodsamhospital.com/
AMA,https://www.goodshepherdrehab.org/
AMA,https://www.gordonmemorial.org/
AMA,https://www.gothenburghealth.org/
AMA,https://www.gphealth.org/
AMA,https://www.gracehospital.org/
AMA,https://www.gradyhealth.org/
AMA,https://www.gradymem.org/
AMA,https://www.grahamhealthsystem.org/
AMA,https://www.grahamrmc.com/
AMA,https://www.granditasca.org/
AMA,https://www.grandlakehealth.org/
AMA,https://www.grandviewhealth.com/
AMA,https://www.granitecountyhospital.com/
AMA,https://www.grantregional.com/
AMA,https://www.grapehospital.com/
AMA,https://www.greaterregional.org/
AMA,https://www.greatriverhealth.org/
AMA,https://www.greenleafhospital.com/
AMA,https://www.greenvilleregionalhospital.com/
AMA,https://www.greenvilleshrinershospital.org/
AMA,https://www.greenwichhospital.org/
AMA,https://www.grh.org/
AMA,https://www.griffinhealth.org/
AMA,https://www.gritman.org/
AMA,https://www.grmc.org/
AMA,https://www.grmedcenter.com/
AMA,https://www.gshealth.org/
AMA,https://www.gshvin.org/
AMA,https://www.gundersenhealth.org/
AMA,https://www.gunnisonvalleyhealth.org/
AMA,https://www.guthrie.org/
AMA,https://www.guttenberghospital.org/
AMA,https://www.gvh.org/
AMA,https://www.gvhospital.org/
AMA,https://www.gvmh.org/
AMA,https://www.gwch.org/
AMA,https://www.gwhealthcare.org/
AMA,https://www.gwhospital.com/
AMA,https://www.hackensackmeridianhealth.org/
AMA,https://www.hadh.org/
AMA,https://www.hahv.org/
AMA,https://www.halifaxregional.org/
AMA,https://www.hamc.com/
AMA,https://www.hamiltoncenter.org/
AMA,https://www.hammondhenry.com/
AMA,https://www.hamptonregional.org/
AMA,https://www.hancockhealth.org/
AMA,https://www.hannibalregional.org/
AMA,https://www.harbor-ucla.org/
AMA,https://www.harboroaks.com/
AMA,https://www.hardinmedicalcenter.org/
AMA,https://www.hardtnermedical.com/
AMA,https://www.harmonmemorial.com/
AMA,https://www.harneydh.com/
AMA,https://www.harringtonhospital.org/
AMA,https://www.harrishealth.org/
AMA,https://www.harrisonmemhosp.com/
AMA,https://www.harshacenter.com/
AMA,https://www.havasuregional.com/
AMA,https://www.havenalbuquerque.com/
AMA,https://www.havenfrisco.com/
AMA,https://www.havenofphoenix.com/
AMA,https://www.havenphiladelphia.com/
AMA,https://www.havenreading.com/
AMA,https://www.hawaiipacifichealth.org/
AMA,https://www.hawardenregionalhealthcare.com/
AMA,https://www.haysmed.com/
AMA,https://www.hazelhawkins.com/
AMA,https://www.hbch.org/
AMA,https://www.hbmc.org/
AMA,https://www.hcafloridahealthcare.com/
AMA,https://www.hcahoustonhealthcare.com/
AMA,https://www.hcamidwest.com/
AMA,https://www.hcavirginia.com/
AMA,https://www.hcchospital.com/
AMA,https://www.hcchospital.org/
AMA,https://www.hcdpbc.org/
AMA,https://www.hchcares.org/
AMA,https://www.hchconline.org/
AMA,https://www.hchin.org/
AMA,https://www.hcmc-tn.org/
AMA,https://www.hcmc.us.com/
AMA,https://www.hcnj.us/
AMA,https://www.hdh.org/
AMA,https://www.health.state.mn.us/
AMA,https://www.health.wvu.edu/
AMA,https://www.healthiertucson.com/
AMA,https://www.healthonecares.com/
AMA,https://www.healthpartners.com/
AMA,https://www.healthsourcesaginaw.org/
AMA,https://www.healthsouthaustin.com/
AMA,https://www.healthsouthbakersfield.com/
AMA,https://www.healthsouthcoloradosprings.com/
AMA,https://www.healthsouthcolumbia.com/
AMA,https://www.healthsouthdeaconess.com/
AMA,https://www.healthsouthkentucky.com/
AMA,https://www.healthsouthlakeview.com/
AMA,https://www.healthsouthsarasota.com/
AMA,https://www.healthsouthseapines.com/
AMA,https://www.healthsouthvineland.com/
AMA,https://www.heartoftexashealthcare.org/
AMA,https://www.hebrewhealthcare.org/
AMA,https://www.hebrewseniorlife.org/
AMA,https://www.hegghc.org/
AMA,https://www.helenkeller.com/
AMA,https://www.hemetglobalmedcenter.com/
AMA,https://www.hendersoncchospital.com/
AMA,https://www.hendersonhealthcare.org/
AMA,https://www.hendersonhospital.com/
AMA,https://www.hendrickhealth.org/
AMA,https://www.hendricks.org/
AMA,https://www.hendrickshosp.org/
AMA,https://www.hennepinhealthcare.org/
AMA,https://www.henrycountyhospital.org/
AMA,https://www.henryford.com/
AMA,https://www.henrymayo.com/
AMA,https://www.heritagevalley.org/
AMA,https://www.heywood.org/
AMA,https://www.hfmhealth.org/
AMA,https://www.hghospital.org/
AMA,https://www.hhc.org/
AMA,https://www.hhsc.org/
AMA,https://www.hialeahhosp.com/
AMA,https://www.hickorytrail.com/
AMA,https://www.highlandch.com/
AMA,https://www.highpointhealthsystem.com/
AMA,https://www.highpointregional.com/
AMA,https://www.hillcrestpryor.com/
AMA,https://www.hillregionalhospital.com/
AMA,https://www.hillsborohealth.org/
AMA,https://www.hillsborohospital.com/
AMA,https://www.hillsdalehospital.com/
AMA,https://www.hoag.org/
AMA,https://www.hoagorthopedicinstitute.com/
AMA,https://www.hollandhospital.org/
AMA,https://www.hollywoodpresbyterian.com/
AMA,https://www.holy-cross.com/
AMA,https://www.holycrosshealth.org/
AMA,https://www.holyname.org/
AMA,https://www.holyokehealth.com/
AMA,https://www.holzer.org/
AMA,https://www.homeboundbrewhaus.com/
AMA,https://www.honokaahospital.org/
AMA,https://www.honorhealth-rehab.com/
AMA,https://www.honorhealth.com/
AMA,https://www.hoodmemorial.com/
AMA,https://www.hopedalemc.com/
AMA,https://www.hopkinsmedicine.org/
AMA,https://www.hornmemorialhospital.org/
AMA,https://www.hospice.com/
AMA,https://www.hospitalconcepcion.org/
AMA,https://www.hospitaldamas.com/
AMA,https://www.hospitalespr.org/
AMA,https://www.hospitalforbehavioralmedicine.com/
AMA,https://www.hospitalpanamericano.com/
AMA,https://www.hospitalupr.org/
AMA,https://www.houstonbehavioralhealth.com/
AMA,https://www.houstonmethodist.org/
AMA,https://www.houstonphysicianshospital.com/
AMA,https://www.howardmemorial.com/
AMA,https://www.hrmc.us/
AMA,https://www.hrrmc.com/
AMA,https://www.hsaipr.com/
AMA,https://www.hscbmoca.org/
AMA,https://www.hshs.org/
AMA,https://www.hss.edu/
AMA,https://www.hudsonregionalhospital.com/
AMA,https://www.hugginshospital.org/
AMA,https://www.huhealthcare.com/
AMA,https://www.humboldthospital.org/
AMA,https://www.hunterdonhealth.org/
AMA,https://www.huntingtonbeachtattooshop.com/
AMA,https://www.huntingtoncreekrecovery.com/
AMA,https://www.huntingtonhealth.org/
AMA,https://www.huntregional.org/
AMA,https://www.huntsvillehospital.org/
AMA,https://www.huntsvillememorial.com/
AMA,https://www.hurleymc.com/
AMA,https://www.huronregional.org/
AMA,https://www.hutchregional.com/
AMA,https://www.hvch.org/
AMA,https://www.iberiamedicalcenter.com/
AMA,https://www.icarerehabilitation.com/
AMA,https://www.idahofallscommunityhospital.com/
AMA,https://www.igh-hospital.com/
AMA,https://www.ihs.gov/
AMA,https://www.imhcc.com/
AMA,https://www.in.gov/
AMA,https://www.independence.health/
AMA,https://www.indianapolis-rehabhospital.com/
AMA,https://www.infirmaryhealth.org/
AMA,https://www.inova.org/
AMA,https://www.inspirahealthnetwork.org/
AMA,https://www.integris-health.com/
AMA,https://www.interfaithmedical.com/
AMA,https://www.ioshospital.com/
AMA,https://www.iowaspecialtyhospital.com/
AMA,https://www.iredelldavis.org/
AMA,https://www.iredellhealth.org/
AMA,https://www.irmc.org/
AMA,https://www.irwincntyhospital.com/
AMA,https://www.ivinsonhospital.org/
AMA,https://www.jackson.org/
AMA,https://www.jacksonhosp.com/
AMA,https://www.jacksonparkhospital.org/
AMA,https://www.jacksonpurchase.com/
AMA,https://www.janetoddhospital.com/
AMA,https://www.jaspergeneralhospital.com/
AMA,https://www.jaspermemorialhospital.org/
AMA,https://www.jcf-hospital.com/
AMA,https://www.jch.org/
AMA,https://www.jchd.org/
AMA,https://www.jchealthandlife.org/
AMA,https://www.jchealthcare.com/
AMA,https://www.jcmh.com/
AMA,https://www.jdmc.org/
AMA,https://www.jeffdavishospital.org/
AMA,https://www.jefferson.edu/
AMA,https://www.jeffersoncountyhealthcenter.org/
AMA,https://www.jeffersonhealth.org/
AMA,https://www.jeffhospital.com/
AMA,https://www.jewellcohospital.org/
AMA,https://www.jmc.org/
AMA,https://www.johnmuirhealth.com/
AMA,https://www.johnsoncounty-rehab.com/
AMA,https://www.johnsonmemorial.org/
AMA,https://www.johnstonhealth.org/
AMA,https://www.jpshealthnet.org/
AMA,https://www.jrmc.com/
AMA,https://www.jrmc.org/
AMA,https://www.jupitermed.com/
AMA,https://www.kaleidahealth.org/
AMA,https://www.kanokladesign.studio/
AMA,https://www.kansas.surgery/
AMA,https://www.kansashealthsystem.com/
AMA,https://www.karmanos.org/
AMA,https://www.kauhospital.org/
AMA,https://www.kaweahhealth.org/
AMA,https://www.kcchsd.org/
AMA,https://www.kch.org/
AMA,https://www.kchd.org/
AMA,https://www.kcoi.com/
AMA,https://www.kdads.ks.gov/
AMA,https://www.kdhks.com/
AMA,https://www.kdmc.org/
AMA,https://www.kearnycountyhospital.com/
AMA,https://www.keckmedicine.org/
AMA,https://www.kedren.org/
AMA,https://www.kellwest.com/
AMA,https://www.kennedykrieger.org/
AMA,https://www.kentri.org/
AMA,https://www.keokukhealth.com/
AMA,https://www.kernmedical.com/
AMA,https://www.kessler-rehab.com/
AMA,https://www.kh.org/
AMA,https://www.kidspeace.org/
AMA,https://www.kindredhospitals.com/
AMA,https://www.kingmanhc.com/
AMA,https://www.kingsdaughtershealth.com/
AMA,https://www.kirbyhealth.org/
AMA,https://www.ksbhospital.com/
AMA,https://www.ksspine.com/
AMA,https://www.kuakini.org/
AMA,https://www.kvc.org/
AMA,https://www.kvhd.org/
AMA,https://www.kvhealth.net/
AMA,https://www.kvhealthcare.org/
AMA,https://www.labettehealth.com/
AMA,https://www.lackeymemorialhospital.com/
AMA,https://www.lafayettegeneral.com/
AMA,https://www.lahey.org/
AMA,https://www.lajhealth.org/
AMA,https://www.lakeareamc.com/
AMA,https://www.lakebehavioralhospital.com/
AMA,https://www.lakecumberlandhospital.com/
AMA,https://www.lakegranburymedicalcenter.com/
AMA,https://www.lakelandbehavioralhealth.com/
AMA,https://www.lakeregional.com/
AMA,https://www.laketaylor.org/
AMA,https://www.lakeviewbehavioralhealth.com/
AMA,https://www.lakewoodhealthsystem.com/
AMA,https://www.lakewoodranchmedicalcenter.com/
AMA,https://www.lancastergeneralhealth.org/
AMA,https://www.landmarkhospitals.com/
AMA,https://www.lanecountyhospital.com/
AMA,https://www.lanermc.org/
AMA,https://www.lapazhospital.org/
AMA,https://www.laredomedical.com/
AMA,https://www.larkinbehavioral.com/
AMA,https://www.lasallegeneralhospital.com/
AMA,https://www.lasencinashospital.com/
AMA,https://www.lauderdalehospital.org/
AMA,https://www.lawrencegeneral.org/
AMA,https://www.lawrencemedicalcenter.com/
AMA,https://www.lawrencememorial.info/
AMA,https://www.lcgh.net/
AMA,https://www.lchcia.com/
AMA,https://www.lchdhealthcare.org/
AMA,https://www.lcmchealth.org/
AMA,https://www.lcmcwmh.com/
AMA,https://www.lcmh.com/
AMA,https://www.lcmhosp.org/
AMA,https://www.leehealth.org/
AMA,https://www.legacyhealth.org/
AMA,https://www.legenthealth.com/
AMA,https://www.lexmed.com/
AMA,https://www.lhhs.org/
AMA,https://www.libertyhospital.org/
AMA,https://www.libertyregional.org/
AMA,https://www.lifebridgehealth.org/
AMA,https://www.lifecare-health.com/
AMA,https://www.lifeways.org/
AMA,https://www.limamemorial.org/
AMA,https://www.lincolnhospital.org/
AMA,https://www.lindsborghospital.org/
AMA,https://www.livingstonhealthcare.org/
AMA,https://www.lkmc.com/
AMA,https://www.llhospital.com/
AMA,https://www.lmh.org/
AMA,https://www.lmhealth.org/
AMA,https://www.lmhospital.org/
AMA,https://www.lnrmc.com/
AMA,https://www.logan.org/
AMA,https://www.loganregionalmedicalcenter.com/
AMA,https://www.logansportmemorial.org/
AMA,https://www.lompocvmc.com/
AMA,https://www.longleafhospital.com/
AMA,https://www.longviewregional.com/
AMA,https://www.lorettohospital.org/
AMA,https://www.loringhospital.org/
AMA,https://www.losalamosmedicalcenter.com/
AMA,https://www.losgh.org/
AMA,https://www.lowerumpquahospital.org/
AMA,https://www.loyolamedicine.org/
AMA,https://www.lph.hospital/
AMA,https://www.lrhc.org/
AMA,https://www.lsbc.net/
AMA,https://www.lsuhospitals.org/
AMA,https://www.luriechildrens.org/
AMA,https://www.lutherandowntownhospital.com/
AMA,https://www.lutheranhospital.com/
AMA,https://www.lutherankosciuskohospital.com/
AMA,https://www.lvhn.org/
AMA,https://www.mackinacstraitshealth.org/
AMA,https://www.madeliahealth.org/
AMA,https://www.madison-health.com/
AMA,https://www.madisonhealth.com/
AMA,https://www.madisonparishhospital.com/
AMA,https://www.madonna.org/
AMA,https://www.magruderhospital.com/
AMA,https://www.maine.gov/
AMA,https://www.mainegeneral.org/
AMA,https://www.mainehealth.org/
AMA,https://www.mainlinehealth.org/
AMA,https://www.mammothhospital.com/
AMA,https://www.manateememorial.com/
AMA,https://www.manatimedical.com/
AMA,https://www.mangoldmemorial.org/
AMA,https://www.manhattansurgical.com/
AMA,https://www.maniilaq.org/
AMA,https://www.margaretvillehosp.org/
AMA,https://www.mariaparham.com/
AMA,https://www.marinahospital.com/
AMA,https://www.marionhealth.com/
AMA,https://www.marshallbrowninghospital.com/
AMA,https://www.marshallcountyhospital.org/
AMA,https://www.marshallmedical.org/
AMA,https://www.marshfieldclinic.org/
AMA,https://www.marthajefferson.org/
AMA,https://www.marybridge.org/
AMA,https://www.maryfreebed.com/
AMA,https://www.marylanning.org/
AMA,https://www.maryrutan.org/
AMA,https://www.marywashingtonhealthcare.com/
AMA,https://www.masondistricthospital.org/
AMA,https://www.masonhealth.com/
AMA,https://www.masonicare.org/
AMA,https://www.mass.gov/
AMA,https://www.massachealth.org/
AMA,https://www.massalud.com/
AMA,https://www.masseyeandear.org/
AMA,https://www.massgeneral.org/
AMA,https://www.matagordaregional.org/
AMA,https://www.matherhospital.org/
AMA,https://www.matsuregional.com/
AMA,https://www.mauihealth.org/
AMA,https://www.mauryregional.com/
AMA,https://www.mayersmemorial.com/
AMA,https://www.mayoclinic.org/
AMA,https://www.mayoclinichealthsystem.org/
AMA,https://www.mcehospital.com/
AMA,https://www.mchalbia.com/
AMA,https://www.mchcares.com/
AMA,https://www.mchks.com/
AMA,https://www.mchodessa.com/
AMA,https://www.mchonline.org/
AMA,https://www.mchswecare.com/
AMA,https://www.mchsys.org/
AMA,https://www.mckenziehealth.org/
AMA,https://www.mclaren.org/
AMA,https://www.mcleanhospital.org/
AMA,https://www.mcleodhealth.org/
AMA,https://www.mcmccares.com/
AMA,https://www.mcmedical.org/
AMA,https://www.mcmh.org/
AMA,https://www.mcmh.us/
AMA,https://www.mcphersoncenterforhealth.org/
AMA,https://www.mcrhc.com/
AMA,https://www.mdanderson.org/
AMA,https://www.mdh.org/
AMA,https://www.mdihospital.org/
AMA,https://www.meadowviewregional.com/
AMA,https://www.meadowwoodhospital.com/
AMA,https://www.med.navy.mil/
AMA,https://www.medctrbarbour.org/
AMA,https://www.medicalartshospital.org/
AMA,https://www.medicalcentersetexas.org/
AMA,https://www.medicalcityhealthcare.com/
AMA,https://www.medinahospital.net/
AMA,https://www.medstarfranklin.org/
AMA,https://www.medstarhealth.org/
AMA,https://www.meekermemorial.org/
AMA,https://www.meememorial.com/
AMA,https://www.melham.org/
AMA,https://www.memorial.org/
AMA,https://www.memorialcare.org/
AMA,https://www.memorialcommunityhealth.org/
AMA,https://www.memorialhospitalgardena.com/
AMA,https://www.memorialhospitaloflafayettecounty.org/
AMA,https://www.menningerclinic.org/
AMA,https://www.mercy.com/
AMA,https://www.mercy.net/
AMA,https://www.mercybh.com/
AMA,https://www.mercycare.org/
AMA,https://www.mercyh.org/
AMA,https://www.mercyhealthlovecounty.com/
AMA,https://www.mercyhealthsystem.org/
AMA,https://www.mercyhospitalvalleycity.org/
AMA,https://www.mercyone.org/
AMA,https://www.mercyonenorthiowaaffiliates.org/
AMA,https://www.meridianhs.org/
AMA,https://www.merithealthbiloxi.com/
AMA,https://www.merithealthcentral.com/
AMA,https://www.merithealthmadison.com/
AMA,https://www.merithealthnatchez.com/
AMA,https://www.merithealthrankin.com/
AMA,https://www.merithealthriveroaks.com/
AMA,https://www.merithealthriverregion.com/
AMA,https://www.merithealthwesley.com/
AMA,https://www.merithealthwomanshospital.com/
AMA,https://www.meritushealth.com/
AMA,https://www.methodist-rehab.com/
AMA,https://www.methodistfamily.org/
AMA,https://www.methodisthealth.org/
AMA,https://www.methodisthealthsystem.org/
AMA,https://www.methodisthospitalforsurgery.com/
AMA,https://www.methodistonline.org/
AMA,https://www.metrohealth.org/
AMA,https://www.mghospital.com/
AMA,https://www.mgmc.org/
AMA,https://www.mh-m.org/
AMA,https://www.mhchester.com/
AMA,https://www.mhcs.us/
AMA,https://www.mhealthfairview.org/
AMA,https://www.mhhcc.org/
AMA,https://www.mhhs.healthcare/
AMA,https://www.mhs.net/
AMA,https://www.mhsystem.org/
AMA,https://www.mhtcguymon.org/
AMA,https://www.mhtlc.org/
AMA,https://www.mhweb.org/
AMA,https://www.miamijewishhealth.org/
AMA,https://www.michigan.gov/
AMA,https://www.michiganmedicine.org/
AMA,https://www.midjeffextendedcare.com/
AMA,https://www.midlandhealth.org/
AMA,https://www.midwestmedicalcenter.org/
AMA,https://www.milebluff.com/
AMA,https://www.milfordregional.org/
AMA,https://www.millerchildrens.memorialcare.org/
AMA,https://www.millercountyhospital.com/
AMA,https://www.milwaukee-rehabhospital.com/
AMA,https://www.minershosp.com/
AMA,https://www.missionhealth.org/
AMA,https://www.missouribaptist.org/
AMA,https://www.missouribaptistsullivan.org/
AMA,https://www.missouridelta.com/
AMA,https://www.mizellmh.com/
AMA,https://www.mlhealth.org/
AMA,https://www.mlkch.org/
AMA,https://www.mlmh.net/
AMA,https://www.mmchs.org/
AMA,https://www.mmclc.org/
AMA,https://www.mmcportlavaca.com/
AMA,https://www.mmhealth.org/
AMA,https://www.mmhok.net/
AMA,https://www.moberlyregionalmedicalcenter.com/
AMA,https://www.mobridgehospital.org/
AMA,https://www.moffitt.org/
AMA,https://www.monhealth.com/
AMA,https://www.monroehospital.org/
AMA,https://www.monroesurgical.com/
AMA,https://www.monroviamemorial.com/
AMA,https://www.montagehealth.org/
AMA,https://www.montefiorehealthsystem.org/
AMA,https://www.montefiorenyack.org/
AMA,https://www.montefioreslc.org/
AMA,https://www.montrosebehavioral.com/
AMA,https://www.morrillcountyhospital.com/
AMA,https://www.morrishospital.org/
AMA,https://www.morrowcountyhealthdistrict.org/
AMA,https://www.morrowcountyhospital.com/
AMA,https://www.mortonplant.com/
AMA,https://www.mountain.commonspirit.org/
AMA,https://www.mountainlakesmedicalcenter.com/
AMA,https://www.mountainsedgehospital.com/
AMA,https://www.mountainstar.com/
AMA,https://www.mountainviewhospital.org/
AMA,https://www.mountainviewregional.com/
AMA,https://www.mountcarmelhealth.com/
AMA,https://www.mountsinai.org/
AMA,https://www.mrcohosp.com/
AMA,https://www.mrhc.org/
AMA,https://www.mrhcia.com/
AMA,https://www.mrhcok.com/
AMA,https://www.mrhme.org/
AMA,https://www.msh.ms.gov/
AMA,https://www.mskcc.org/
AMA,https://www.msmc.com/
AMA,https://www.msmh.org/
AMA,https://www.msrhc.org/
AMA,https://www.mtascutneyhospital.org/
AMA,https://www.mtgraham.org/
AMA,https://www.mtnviewhospital.com/
AMA,https://www.muhealth.org/
AMA,https://www.multicare.org/
AMA,https://www.munsonhealthcare.org/
AMA,https://www.murrayhospital.org/
AMA,https://www.mvhealth.org/
AMA,https://www.mvhealthsystem.org/
AMA,https://www.mvmc.org/
AMA,https://www.mvmedcenter.org/
AMA,https://www.mwmc.com/
AMA,https://www.mwph.org/
AMA,https://www.mwsurgicalhospital.com/
AMA,https://www.myammc.org/
AMA,https://www.myarborhealth.org/
AMA,https://www.mycaldwellmemorial.com/
AMA,https://www.myccmc.org/
AMA,https://www.mycmh.org/
AMA,https://www.myflfamilies.com/
AMA,https://www.myharrisregional.com/
AMA,https://www.myhch.org/
AMA,https://www.myhorizonhealth.org/
AMA,https://www.mylivingstonhospital.com/
AMA,https://www.mylrh.org/
AMA,https://www.mymarinhealth.org/
AMA,https://www.mymhp.org/
AMA,https://www.mymichigan.org/
AMA,https://www.mymlc.com/
AMA,https://www.mymosh.com/
AMA,https://www.mynmchealth.org/
AMA,https://www.myrgh.org/
AMA,https://www.myrtuemedical.org/
AMA,https://www.mysmh.org/
AMA,https://www.mystfrancis.com/
AMA,https://www.myswaincommunity.com/
AMA,https://www.nacmedicalcenter.com/
AMA,https://www.nacmem.org/
AMA,https://www.nahealth.com/
AMA,https://www.namccares.com/
AMA,https://www.namcshoals.com/
AMA,https://www.narmc.com/
AMA,https://www.nashunchealthcare.org/
AMA,https://www.nationaljewish.org/
AMA,https://www.nationalparkmedical.com/
AMA,https://www.nationwidechildrens.org/
AMA,https://www.natividad.com/
AMA,https://www.navarrohospital.com/
AMA,https://www.navos.org/
AMA,https://www.nbhh.com/
AMA,https://www.ncbhok.org/
AMA,https://www.ncdhhs.gov/
AMA,https://www.ncdps.gov/
AMA,https://www.nch.org/
AMA,https://www.nchospital.org/
AMA,https://www.nchsi.com/
AMA,https://www.nckmed.com/
AMA,https://www.ncspecialty.com/
AMA,https://www.nd.gov/
AMA,https://www.ndhc.net/
AMA,https://www.nebh.org/
AMA,https://www.nebraskamed.com/
AMA,https://www.nec.org/
AMA,https://www.nemhs.net/
AMA,https://www.nemours.org/
AMA,https://www.nermc.com/
AMA,https://www.neshobageneral.com/
AMA,https://www.neuropsychiatrichospitals.net/
AMA,https://www.newberryhospital.org/
AMA,https://www.newlondonhospital.org/
AMA,https://www.newmanrh.org/
AMA,https://www.nfch.org/
AMA,https://www.ngcah.com/
AMA,https://www.nghs.com/
AMA,https://www.nicklauschildrens.org/
AMA,https://www.nih.org/
AMA,https://www.nj.gov/
AMA,https://www.njrehab.org/
AMA,https://www.nkch.org/
AMA,https://www.nlh.org/
AMA,https://www.nm.org/
AMA,https://www.nmbhi.org/
AMA,https://www.nmhs.net/
AMA,https://www.nmrmc.com/
AMA,https://www.nmsh.ms.gov/
AMA,https://www.nnmc.com/
AMA,https://www.nnrhospital.com/
AMA,https://www.nolandhealth.com/
AMA,https://www.norcen.org/
AMA,https://www.normanregional.com/
AMA,https://www.northbay.org/
AMA,https://www.northeastrehab.com/
AMA,https://www.northfieldhospital.org/
AMA,https://www.northmemorial.com/
AMA,https://www.northoaks.org/
AMA,https://www.northokaloosa.com/
AMA,https://www.northshore-rehab.com/
AMA,https://www.northshore.org/
AMA,https://www.northshorehealthgm.org/
AMA,https://www.northshoremc.org/
AMA,https://www.northside.com/
AMA,https://www.northtampabehavioralhealth.com/
AMA,https://www.northvalleyhealth.org/
AMA,https://www.northwell.edu/
AMA,https://www.northwesternmedicalcenter.org/
AMA,https://www.northwesthealth.com/
AMA,https://www.nortonsoundhealth.org/
AMA,https://www.novanthealth.org/
AMA,https://www.novanthealthuva.org/
AMA,https://www.nrmchealth.com/
AMA,https://www.nrmchospital.org/
AMA,https://www.ntcohosp.com/
AMA,https://www.numc.edu/
AMA,https://www.nuvancehealth.org/
AMA,https://www.nvhospital.org/
AMA,https://www.nwh.org/
AMA,https://www.nwhealthlaporte.com/
AMA,https://www.nwhealthstarke.com/
AMA,https://www.nwths.com/
AMA,https://www.nyc.gov/
AMA,https://www.nychealthandhospitals.org/
AMA,https://www.nyee.edu/
AMA,https://www.nygsh.org/
AMA,https://www.nyp.org/
AMA,https://www.nyspi.org/
AMA,https://www.nyuhs.org/
AMA,https://www.oasishospital.com/
AMA,https://www.obhbr.info/
AMA,https://www.obhgno.info/
AMA,https://www.obhhospital.com/
AMA,https://www.ocbumperandbody.com/
AMA,https://www.oceanbeachhospital.com/
AMA,https://www.och.org/
AMA,https://www.ochealthsystem.org/
AMA,https://www.ochiltreehospital.com/
AMA,https://www.ochonline.com/
AMA,https://www.ochsner.org/
AMA,https://www.ochsnerlsuhs.org/
AMA,https://www.ochsnerrush.org/
AMA,https://www.ocmh.org/
AMA,https://www.odessaregional.com/
AMA,https://www.ohiohealth-rehab.com/
AMA,https://www.ohiohealth.com/
AMA,https://www.ohiohospitalforpsychiatry.com/
AMA,https://www.ohsu.edu/
AMA,https://www.okeenehospital.com/
AMA,https://www.okheart.com/
AMA,https://www.oklahomacity-rehab.com/
AMA,https://www.oklahomasurgicalhospital.com/
AMA,https://www.okmh.org/
AMA,https://www.olathehealth.org/
AMA,https://www.olmmed.org/
AMA,https://www.olympicmedical.org/
AMA,https://www.omhc.org/
AMA,https://www.oneidahealth.org/
AMA,https://www.onslow.org/
AMA,https://www.onvidahealth.org/
AMA,https://www.opelousasgeneral.com/
AMA,https://www.optionsbehavioralhealthsystem.com/
AMA,https://www.orchardhospital.com/
AMA,https://www.oregon.gov/
AMA,https://www.orlandohealth.com/
AMA,https://www.orovillehospital.com/
AMA,https://www.orthoindy.com/
AMA,https://www.osfhealth.com/
AMA,https://www.osfhealthcare.org/
AMA,https://www.oswegohealth.org/
AMA,https://www.othellocommunityhospital.org/
AMA,https://www.ottawacountyhealthcenter.com/
AMA,https://www.ottumwaregionalhealth.com/
AMA,https://www.ouachitamedcenter.com/
AMA,https://www.ouhealth.com/
AMA,https://www.outerbankshealth.org/
AMA,https://www.overlakehospital.org/
AMA,https://www.ovsurgical.com/
AMA,https://www.owensborohealth.org/
AMA,https://www.ozarkhealthinc.com/
AMA,https://www.ozarkshealthcare.com/
AMA,https://www.pa.gov/
AMA,https://www.pacificgrovehospital.com/
AMA,https://www.pagosaspringsmedicalcenter.org/
AMA,https://www.pah.org/
AMA,https://www.palestineregional.com/
AMA,https://www.palmbeachhealthnetwork.com/
AMA,https://www.palmettogeneral.org/
AMA,https://www.palomarhealth.org/
AMA,https://www.palomarhealthrehabinstitute.com/
AMA,https://www.paloverdehospital.org/
AMA,https://www.pardeehospital.org/
AMA,https://www.parklandhealth.org/
AMA,https://www.parklandhealthcenter.org/
AMA,https://www.parkridgehealth.com/
AMA,https://www.parkroyalhospital.com/
AMA,https://www.parkview.com/
AMA,https://www.parkviewregional.com/
AMA,https://www.parmermedicalcenter.com/
AMA,https://www.parrishhealthcare.com/
AMA,https://www.patientshospital.com/
AMA,https://www.patrickbharris.com/
AMA,https://www.paviahealth.com/
AMA,https://www.pbmchealth.org/
AMA,https://www.pbrmc.com/
AMA,https://www.pcghospital.com/
AMA,https://www.pchd.net/
AMA,https://www.pchne.org/
AMA,https://www.pchonline.org/
AMA,https://www.pchosp.org/
AMA,https://www.pchospital.org/
AMA,https://www.pchsgrant.com/
AMA,https://www.pcmh-mo.org/
AMA,https://www.pcmhfs.com/
AMA,https://www.pcmhosp.com/
AMA,https://www.pdh.org/
AMA,https://www.peacehealth.org/
AMA,https://www.pellahealth.org/
AMA,https://www.pemiscot.org/
AMA,https://www.pennmedicine.org/
AMA,https://www.pennstatehealth.org/
AMA,https://www.perhamhealth.org/
AMA,https://www.perimeterhealthcare.com/
AMA,https://www.permianregional.com/
AMA,https://www.pershinghospital.org/
AMA,https://www.personhospital.com/
AMA,https://www.petersonhealth.com/
AMA,https://www.phelpsmemorial.com/
AMA,https://www.phgbatesville.com/
AMA,https://www.phhealthcare.org/
AMA,https://www.philiphealthservices.com/
AMA,https://www.phillipshospital.org/
AMA,https://www.phs.org/
AMA,https://www.phycarehospital.com/
AMA,https://www.physiciansregional.com/
AMA,https://www.piedmont.org/
AMA,https://www.piedmontmedicalcenter.com/
AMA,https://www.pihhealth.org/
AMA,https://www.pikevillehospital.org/
AMA,https://www.pinerest.org/
AMA,https://www.pioneermemorial.org/
AMA,https://www.pioneershospital.org/
AMA,https://www.pioneerspecialtyhospital.com/
AMA,https://www.planview.com/
AMA,https://www.pmcak.org/
AMA,https://www.pmh.com/
AMA,https://www.pmhmedicalcenter.com/
AMA,https://www.pmhnet.com/
AMA,https://www.pmhwv.org/
AMA,https://www.pocahontashospital.org/
AMA,https://www.polarahealth.com/
AMA,https://www.pomerenehospital.org/
AMA,https://www.pontiacgeneral.com/
AMA,https://www.porterhealth.com/
AMA,https://www.portermedical.org/
AMA,https://www.porterstarke.org/
AMA,https://www.portneuf.org/
AMA,https://www.portstluciehospitalinc.com/
AMA,https://www.powershealth.org/
AMA,https://www.ppgh.com/
AMA,https://www.prairielakes.com/
AMA,https://www.premierhealth.com/
AMA,https://www.presbypr.com/
AMA,https://www.prhc.us/
AMA,https://www.princetonhcs.org/
AMA,https://www.progresswest.org/
AMA,https://www.prohealthcare.org/
AMA,https://www.promedica.org/
AMA,https://www.promiseeastla.com/
AMA,https://www.providence.org/
AMA,https://www.prowersmedical.com/
AMA,https://www.psh-rehab.com/
AMA,https://www.putnamgeneral.com/
AMA,https://www.pvhc.org/
AMA,https://www.pvhmc.org/
AMA,https://www.queens.org/
AMA,https://www.raleighgeneral.com/
AMA,https://www.ramchealth.com/
AMA,https://www.randolphhealth.org/
AMA,https://www.rangelyhospital.com/
AMA,https://www.rchc.us/
AMA,https://www.rchmtayr.org/
AMA,https://www.rchsd.org/
AMA,https://www.reaganhealth.com/
AMA,https://www.reboundbehavioralhealth.com/
AMA,https://www.redeemerhealth.org/
AMA,https://www.redfieldcmh.org/
AMA,https://www.redlandshospital.org/
AMA,https://www.redriverhospital.com/
AMA,https://www.reevesregional.com/
AMA,https://www.refugiohospital.com/
AMA,https://www.regencyhospital.com/
AMA,https://www.regionalhealth.com/
AMA,https://www.regionalonehealth.org/
AMA,https://www.regionsbh.com/
AMA,https://www.regmedctr.org/
AMA,https://www.rehabhospital.org/
AMA,https://www.rehabhospitalofmontana.com/
AMA,https://www.rehabhospitalri.com/
AMA,https://www.rehabhospitalwi.com/
AMA,https://www.reidhealth.org/
AMA,https://www.renobehavioral.com/
AMA,https://www.renown.org/
AMA,https://www.resolutehealth.com/
AMA,https://www.rexhealth.com/
AMA,https://www.rfgh.net/
AMA,https://www.rhirehab.com/
AMA,https://www.rhs.care/
AMA,https://www.richardsonmed.org/
AMA,https://www.richlandhospital.com/
AMA,https://www.ridgeview.com/
AMA,https://www.ridgeviewinstitute.com/
AMA,https://www.ridgeviewmedical.org/
AMA,https://www.rimrehab.org/
AMA,https://www.riovistabehavioral.com/
AMA,https://www.rivercresthospital.com/
AMA,https://www.riverhospital.org/
AMA,https://www.riverplacebh.com/
AMA,https://www.riversidehealthcare.org/
AMA,https://www.riversidehospital.net/
AMA,https://www.riversideonline.com/
AMA,https://www.riverviewbehavioralhealth.com/
AMA,https://www.riverviewhealth.org/
AMA,https://www.riverwoodsbehavioral.com/
AMA,https://www.rmcca.com/
AMA,https://www.rmch.org/
AMA,https://www.rmchospital.com/
AMA,https://www.rmhmt.org/
AMA,https://www.rmlspecialtyhospital.org/
AMA,https://www.rochellehospital.com/
AMA,https://www.rochesterregional.org/
AMA,https://www.rockcastleregional.org/
AMA,https://www.rollinghillshospital.com/
AMA,https://www.romehealth.org/
AMA,https://www.rooseveltrecovery.com/
AMA,https://www.roosmem.org/
AMA,https://www.roselandhospital.org/
AMA,https://www.roswellpark.org/
AMA,https://www.rphospital.org/
AMA,https://www.rpmh.net/
AMA,https://www.rrh.org/
AMA,https://www.rrmc.org/
AMA,https://www.rsfh.com/
AMA,https://www.rucares.org/
AMA,https://www.ruhealth.org/
AMA,https://www.rumcsi.org/
AMA,https://www.rush.edu/
AMA,https://www.rushcountymemorialhospital.com/
AMA,https://www.rushmemorial.com/
AMA,https://www.russellcohospital.org/
AMA,https://www.russellhospital.org/
AMA,https://www.rustonregional.com/
AMA,https://www.rvbh.com/
AMA,https://www.rvmc.org/
AMA,https://www.rwhs.org/
AMA,https://www.rwjbh.org/
AMA,https://www.sabethahospital.com/
AMA,https://www.safeguide.net/
AMA,https://www.sagememorial.com/
AMA,https://www.sagewesthealthcare.com/
AMA,https://www.sahealth.com/
AMA,https://www.sahpendleton.org/
AMA,https://www.saintalphonsus.org/
AMA,https://www.saintcroixhealth.org/
AMA,https://www.saintfrancis.com/
AMA,https://www.saintfranciscare.com/
AMA,https://www.saintfrancishosp.com/
AMA,https://www.saintjosephs.org/
AMA,https://www.saintlukeskc.org/
AMA,https://www.saintmarysregional.com/
AMA,https://www.saintpetershcs.com/
AMA,https://www.saintthomasbehavioral.com/
AMA,https://www.salemhealth.org/
AMA,https://www.salemregional.com/
AMA,https://www.salinasurgical.com/
AMA,https://www.salinasvalleyhealth.com/
AMA,https://www.salinememorial.org/
AMA,https://www.samaritanhealthcare.com/
AMA,https://www.samaritanhospital.net/
AMA,https://www.samc.com/
AMA,https://www.samedaysurgerycenter.org/
AMA,https://www.sampsonrmc.org/
AMA,https://www.sanantoniobehavioral.com/
AMA,https://www.sandiego.aurorabehavioral.com/
AMA,https://www.sandiegocounty.gov/
AMA,https://www.sanfordhealth.org/
AMA,https://www.sanjorgechildrenshospital.com/
AMA,https://www.sanjosebh.com/
AMA,https://www.sanjuanregional.com/
AMA,https://www.sanlucaspr.com/
AMA,https://www.sanluisvalleyhealth.org/
AMA,https://www.sanramonmedctr.com/
AMA,https://www.sarahbush.org/
AMA,https://www.saratogahospital.org/
AMA,https://www.sarh.org/
AMA,https://www.satantahospital.net/
AMA,https://www.saukprairiehealthcare.org/
AMA,https://www.sbamh.com/
AMA,https://www.sbcraleigh.com/
AMA,https://www.sbhny.org/
AMA,https://www.sblfch.org/
AMA,https://www.scdmh.org/
AMA,https://www.sch-culvercity.com/
AMA,https://www.scheurer.org/
AMA,https://www.schneckmed.org/
AMA,https://www.scmcinc.org/
AMA,https://www.scmhks.org/
AMA,https://www.scotlandhealth.org/
AMA,https://www.scotthospital.net/
AMA,https://www.scripps.org/
AMA,https://www.scsh.com/
AMA,https://www.sdch.com/
AMA,https://www.seasidehc.com/
AMA,https://www.seattlechildrens.org/
AMA,https://www.sebastianalbrecht.com/
AMA,https://www.sechosp.org/
AMA,https://www.seilingmunicipalhospital.org/
AMA,https://www.selectmedicalcorp.com/
AMA,https://www.selectrehabilitationhospital.com/
AMA,https://www.selectspecialtyhospitals.com/
AMA,https://www.selfregional.org/
AMA,https://www.semel.ucla.edu/
AMA,https://www.sentara.com/
AMA,https://www.sevenhillsbi.com/
AMA,https://www.seviercountymedical.com/
AMA,https://www.sf.gov/
AMA,https://www.sfmc.net/
AMA,https://www.sfsurgical.com/
AMA,https://www.sghs.org/
AMA,https://www.sgmc.org/
AMA,https://www.sgmh.org/
AMA,https://www.shamrockhospital.com/
AMA,https://www.shannonhealth.com/
AMA,https://www.sharonregionalmedical.org/
AMA,https://www.sharp.com/
AMA,https://www.shelteringarms.com/
AMA,https://www.shepherd.org/
AMA,https://www.sheppardpratt.org/
AMA,https://www.sheridanhospital.com/
AMA,https://www.sheridanhospital.org/
AMA,https://www.sheridanmemorial.net/
AMA,https://www.shoremedicalcenter.org/
AMA,https://www.shorepointhealthcharlotte.com/
AMA,https://www.shoshonehealth.com/
AMA,https://www.shreveport-rehabhospital.com/
AMA,https://www.shrinerschildrens.org/
AMA,https://www.sidneyhealth.org/
AMA,https://www.sidneyrmc.com/
AMA,https://www.sierra-view.com/
AMA,https://www.sierratucson.com/
AMA,https://www.sih.net/
AMA,https://www.silvercross.org/
AMA,https://www.silverlakehospital.org/
AMA,https://www.silveroaksbehavioralhospital.com/
AMA,https://www.simpson-rehab.com/
AMA,https://www.sinaichicago.org/
AMA,https://www.siouxcenterhealth.org/
AMA,https://www.siskinrehab.org/
AMA,https://www.sistemamenonita.com/
AMA,https://www.sistersvillehospital.com/
AMA,https://www.sjahs.org/
AMA,https://www.sjchs.org/
AMA,https://www.sjgeneral.org/
AMA,https://www.sjhsyr.org/
AMA,https://www.sjmed.com/
AMA,https://www.sjph.org/
AMA,https://www.sjrmc.org/
AMA,https://www.sjvcenter.org/
AMA,https://www.skagitregionalhealth.org/
AMA,https://www.skylakes.org/
AMA,https://www.slhduluth.com/
AMA,https://www.slhmarion.org/
AMA,https://www.slhn.org/
AMA,https://www.slidellmemorial.org/
AMA,https://www.smccare.com/
AMA,https://www.smchealth.org/
AMA,https://www.smchospital.com/
AMA,https://www.smcnd.org/
AMA,https://www.smcok.com/
AMA,https://www.smdcmedicalcenter.org/
AMA,https://www.smdh.net/
AMA,https://www.smh.com/
AMA,https://www.smha.org/
AMA,https://www.smhtx.com/
AMA,https://www.smmh.hhsc.org/
AMA,https://www.smokeypointbehavioralhospital.com/
AMA,https://www.smrmc.com/
AMA,https://www.smsh.ms.gov/
AMA,https://www.snhhealth.org/
AMA,https://www.soch.com/
AMA,https://www.somc.org/
AMA,https://www.somersethospital.com/
AMA,https://www.sonomavalleyhospital.org/
AMA,https://www.sonora-hospital.org/
AMA,https://www.southcoast.org/
AMA,https://www.southcoastbehavioral.com/
AMA,https://www.southcountyhealth.org/
AMA,https://www.southerntnlawrenceburg.com/
AMA,https://www.southerntnpulaski.com/
AMA,https://www.southerntnwinchester.com/
AMA,https://www.southlakehospital.com/
AMA,https://www.southlincolnmedical.com/
AMA,https://www.southnassau.org/
AMA,https://www.southshorehealth.org/
AMA,https://www.southshorehospital.com/
AMA,https://www.southsunflower.com/
AMA,https://www.southtexashealthsystemedinburg.com/
AMA,https://www.southtexassurgicalhospital.com/
AMA,https://www.southwesthealth.org/
AMA,https://www.southwesthealthcare.com/
AMA,https://www.southwoodhospital.com/
AMA,https://www.southwoodshealth.com/
AMA,https://www.sovahhealth.com/
AMA,https://www.spartahospital.com/
AMA,https://www.spartanburgregional.com/
AMA,https://www.spectrumhealth.org/
AMA,https://www.spectrumhealthlakeland.org/
AMA,https://www.spencerhospital.org/
AMA,https://www.sphealth.org/
AMA,https://www.sphosp.org/
AMA,https://www.sphp.com/
AMA,https://www.sprhc.org/
AMA,https://www.springbrookhospital.org/
AMA,https://www.springheights.care/
AMA,https://www.springhillmedicalcenter.com/
AMA,https://www.springvalleyhospital.com/
AMA,https://www.springviewhospital.com/
AMA,https://www.springwoodsbehavioral.com/
AMA,https://www.sralab.org/
AMA,https://www.srhc.com/
AMA,https://www.srmcfl.com/
AMA,https://www.sscbr.com/
AMA,https://www.ssmhealth.com/
AMA,https://www.st-claire.org/
AMA,https://www.st-marys.org/
AMA,https://www.staffordcounty.org/
AMA,https://www.stamfordhealth.org/
AMA,https://www.stanfordchildrens.org/
AMA,https://www.stanleyhealth.org/
AMA,https://www.stanthonycommunityhosp.org/
AMA,https://www.stanthonyhospital.org/
AMA,https://www.stantoncountyhospital.com/
AMA,https://www.starcarelubbock.org/
AMA,https://www.starrcountyhospital.com/
AMA,https://www.starrregional.com/
AMA,https://www.stbernards.info/
AMA,https://www.stclair.org/
AMA,https://www.stdavids.com/
AMA,https://www.steelemh.org/
AMA,https://www.stelizabeth.com/
AMA,https://www.stevenscountyhospital.com/
AMA,https://www.steward.org/
AMA,https://www.stewartmemorial.org/
AMA,https://www.stfrancis-shakopee.com/
AMA,https://www.stgabriels.com/
AMA,https://www.sthelenahospital.org/
AMA,https://www.stillwater-medical.org/
AMA,https://www.stilwellmemorialhospital.com/
AMA,https://www.stjohns.health/
AMA,https://www.stjohnshealth.org/
AMA,https://www.stjosephshighland.com/
AMA,https://www.stjude.org/
AMA,https://www.stlawrencehealthsystem.org/
AMA,https://www.stlouischildrens.org/
AMA,https://www.stlukes-stl.com/
AMA,https://www.stlukesbehavioralhealth.org/
AMA,https://www.stlukeshealth.org/
AMA,https://www.stlukesonline.org/
AMA,https://www.stmaryshealthcaresystem.org/
AMA,https://www.stmarysregional.com/
AMA,https://www.stmgb.org/
AMA,https://www.stonecrestcenter.com/
AMA,https://www.stonybrookmedicine.edu/
AMA,https://www.stormontvail.org/
AMA,https://www.storymedical.org/
AMA,https://www.strategicbh.com/
AMA,https://www.stringfellowmemorial.com/
AMA,https://www.stritas.org/
AMA,https://www.strosehospital.org/
AMA,https://www.sttammany.health/
AMA,https://www.sturdyhealth.org/
AMA,https://www.stvincent.health/
AMA,https://www.stvincenthospital.com/
AMA,https://www.summahealth.org/
AMA,https://www.summerlinhospital.com/
AMA,https://www.summitmedicalcasper.com/
AMA,https://www.surgeryspecialty.com/
AMA,https://www.sutterhealth.org/
AMA,https://www.svhnm.org/
AMA,https://www.svmhi.dbhds.virginia.gov/
AMA,https://www.swedish.org/
AMA,https://www.swedishcovenant.org/
AMA,https://www.sweetwatermemorial.com/
AMA,https://www.sweharris.org/
AMA,https://www.swgeneral.com/
AMA,https://www.swhcoronaregional.com/
AMA,https://www.swhealth.org/
AMA,https://www.swhpalmdaleregional.com/
AMA,https://www.swhtemeculavalley.com/
AMA,https://www.swisherhospital.com/
AMA,https://www.swmedcenter.com/
AMA,https://www.syringahospital.org/
AMA,https://www.tamarackhealth.org/
AMA,https://www.tanner.org/
AMA,https://www.taylorregional.org/
AMA,https://www.tbh.org/
AMA,https://www.tclmh.org/
AMA,https://www.tcmedcenter.org/
AMA,https://www.tcmh.org/
AMA,https://www.tcrh.org/
AMA,https://www.telecarecorp.com/
AMA,https://www.tennova.com/
AMA,https://www.tennovanorthknoxville.com/
AMA,https://www.texaschildrens.org/
AMA,https://www.texashealth.org/
AMA,https://www.texashealthhuguley.org/
AMA,https://www.texasinstituteforsurgery.com/
AMA,https://www.texasrehabarlington.com/
AMA,https://www.texasrehabhospital.com/
AMA,https://www.texasrehabkeller.com/
AMA,https://www.texomamedicalcenter.net/
AMA,https://www.tfhd.com/
AMA,https://www.tgh.org/
AMA,https://www.tghealthsystem.com/
AMA,https://www.tghnorth.org/
AMA,https://www.theblackberrycenter.com/
AMA,https://www.thecarpenterhealthnetwork.com/
AMA,https://www.thechristhospital.com/
AMA,https://www.theduponthospital.com/
AMA,https://www.thehospitalsofprovidence.com/
AMA,https://www.theneuromedicalcenter.com/
AMA,https://www.theorthohospital.com/
AMA,https://www.thewilloughatnaples.com/
AMA,https://www.thibodaux.com/
AMA,https://www.thompsonhealth.com/
AMA,https://www.thorek.org/
AMA,https://www.threegablessurgery.com/
AMA,https://www.throckmortonhospital.com/
AMA,https://www.tidalhealth.org/
AMA,https://www.tidelandshealth.org/
AMA,https://www.tiogahealth.org/
AMA,https://www.titusregional.com/
AMA,https://www.titusvillehospital.org/
AMA,https://www.tjsamson.org/
AMA,https://www.tmcaz.com/
AMA,https://www.tmh.org/
AMA,https://www.tn.gov/
AMA,https://www.tomahhealth.org/
AMA,https://www.torrancememorial.org/
AMA,https://www.touchette.org/
AMA,https://www.trhealth.com/
AMA,https://www.trhosp.org/
AMA,https://www.tricitymed.org/
AMA,https://www.trigghospital.org/
AMA,https://www.trihealth.com/
AMA,https://www.trihealthrehab.com/
AMA,https://www.trinityhealth.org/
AMA,https://www.trinityhealthma.org/
AMA,https://www.trinityhealthmichigan.org/
AMA,https://www.trinityhealthofne.org/
AMA,https://www.trinitymed.com/
AMA,https://www.trinitytwincity.org/
AMA,https://www.trioshealth.org/
AMA,https://www.tristarhealth.com/
AMA,https://www.trivalleyhealth.com/
AMA,https://www.troymedicalcenter.com/
AMA,https://www.trustpointhospital.com/
AMA,https://www.tuftsmedicine.org/
AMA,https://www.tulsa-rehabhospital.com/
AMA,https://www.tulsaspinehospital.com/
AMA,https://www.tvhd.org/
AMA,https://www.uabmedicine.org/
AMA,https://www.uchealth.com/
AMA,https://www.uchealth.org/
AMA,https://www.uchicagomedicine.org/
AMA,https://www.uchicagomedicineadventhealth.org/
AMA,https://www.uchs.org/
AMA,https://www.ucihealth.org/
AMA,https://www.uclahealth.org/
AMA,https://www.ucsfbenioffchildrens.org/
AMA,https://www.ucsfhealth.org/
AMA,https://www.ucvh.org/
AMA,https://www.uhcc.com/
AMA,https://www.uhd.org/
AMA,https://www.uhhospitals.org/
AMA,https://www.uhnj.org/
AMA,https://www.umc.edu/
AMA,https://www.umcelpaso.org/
AMA,https://www.umchealthsystem.com/
AMA,https://www.umcsn.com/
AMA,https://www.ummhealth.org/
AMA,https://www.umms.org/
AMA,https://www.unchealth.org/
AMA,https://www.unchealthblueridge.org/
AMA,https://www.unchealthsoutheastern.org/
AMA,https://www.unclenoir.org/
AMA,https://www.uncrockingham.org/
AMA,https://www.union.health/
AMA,https://www.uniongen.com/
AMA,https://www.unity-health.org/
AMA,https://www.unitymedcenter.com/
AMA,https://www.unitymedicalmanchester.com/
AMA,https://www.unityphysicianshospital.com/
AMA,https://www.unitypoint.org/
AMA,https://www.universityhealth.com/
AMA,https://www.universityhealthkc.org/
AMA,https://www.unm.edu/
AMA,https://www.uofmhealthsparrow.org/
AMA,https://www.uphealthsystem.com/
AMA,https://www.uplandhillshealth.org/
AMA,https://www.upmc.com/
AMA,https://www.upstate.edu/
AMA,https://www.urmc.rochester.edu/
AMA,https://www.usahealthsystem.com/
AMA,https://www.uscarcadiahospital.org/
AMA,https://www.utmb.edu/
AMA,https://www.utmedicalcenter.org/
AMA,https://www.utoledo.edu/
AMA,https://www.utsouthwestern.edu/
AMA,https://www.uuhsc.utah.edu/
AMA,https://www.uvahealthsouth.com/
AMA,https://www.uvmhealth.org/
AMA,https://www.uwhealth.org/
AMA,https://www.uwmedicine.org/
AMA,https://www.va.gov/
AMA,https://www.vailhealth.org/
AMA,https://www.valleybaptist.net/
AMA,https://www.valleybehavioral.com/
AMA,https://www.valleychildrens.org/
AMA,https://www.valleycountyhealthsystem.org/
AMA,https://www.valleyhealth.com/
AMA,https://www.valleyhealthlink.com/
AMA,https://www.valleyhospital.net/
AMA,https://www.valleymed.org/
AMA,https://www.valleypres.org/
AMA,https://www.valleyspringsbh.com/
AMA,https://www.valleyviewmedicalcenter.net/
AMA,https://www.vanderbilthealth.com/
AMA,https://www.vandiestmc.org/
AMA,https://www.vantagepointnwa.com/
AMA,https://www.vanwerthealth.org/
AMA,https://www.vaughanregional.com/
AMA,https://www.vcuhealth.org/
AMA,https://www.veteransmemorialhospital.com/
AMA,https://www.vfmc.net/
AMA,https://www.vhchealth.org/
AMA,https://www.victorvalleyglobalmedicalcenter.com/
AMA,https://www.virtua.org/
AMA,https://www.vistadelmarhospital.com/
AMA,https://www.vmfh.org/
AMA,https://www.vmh.org/
AMA,https://www.voans.org/
AMA,https://www.vvh.org/
AMA,https://www.vvrmc.org/
AMA,https://www.wabashgeneral.com/
AMA,https://www.wahiawageneral.org/
AMA,https://www.wake.gov/
AMA,https://www.wakehealth.edu/
AMA,https://www.wakemed.org/
AMA,https://www.waldeneatingdisorders.com/
AMA,https://www.walthallchamber.com/
AMA,https://www.wardmemorial.com/
AMA,https://www.warmc.com/
AMA,https://www.washingtoncountyhospital.net/
AMA,https://www.washingtoncountyhospital.org/
AMA,https://www.waterburyhospital.org/
AMA,https://www.watertownregional.com/
AMA,https://www.waukeshacounty.gov/
AMA,https://www.waverlyhealthcenter.org/
AMA,https://www.waynecountyhospital.org/
AMA,https://www.waynehealthcare.org/
AMA,https://www.wayneunc.org/
AMA,https://www.wbrhely.org/
AMA,https://www.wcch.com/
AMA,https://www.wcch.org/
AMA,https://www.wcchs.net/
AMA,https://www.wchc.org/
AMA,https://www.wchnh.org/
AMA,https://www.wchs-wy.org/
AMA,https://www.wcrmc.com/
AMA,https://www.websterhospital.org/
AMA,https://www.weemsmemorial.com/
AMA,https://www.weirtonmedical.com/
AMA,https://www.weisermemorialhospital.org/
AMA,https://www.weismanchildrens.com/
AMA,https://www.weisshospital.com/
AMA,https://www.weliahealth.org/
AMA,https://www.wellbridgefortworth.com/
AMA,https://www.wellfound.org/
AMA,https://www.wellingtonregional.com/
AMA,https://www.wellspan.org/
AMA,https://www.wellstar.org/
AMA,https://www.wellstonehospital.com/
AMA,https://www.wesleymc.com/
AMA,https://www.westboroughbehavioral.com/
AMA,https://www.westchesterhospital.com/
AMA,https://www.westerlyhospital.org/
AMA,https://www.westernreservehospital.org/
AMA,https://www.westgablesrehabhospital.com/
AMA,https://www.westholtmed.org/
AMA,https://www.westlakemedical.com/
AMA,https://www.westspringshospital.org/
AMA,https://www.westsuburbanmc.com/
AMA,https://www.wfph.org/
AMA,https://www.wgh.org/
AMA,https://www.wheatlandmemorial.org/
AMA,https://www.whhs.com/
AMA,https://www.whittierhealth.com/
AMA,https://www.whmc.org/
AMA,https://www.wichitacountyhealthcenter.com/
AMA,https://www.willamettevalleymedical.com/
AMA,https://www.willapaharborhospital.com/
AMA,https://www.willowcresthospital.com/
AMA,https://www.willseye.org/
AMA,https://www.willsmemorialhospital.com/
AMA,https://www.wilsonhealth.org/
AMA,https://www.wilsonmedical.org/
AMA,https://www.windbercare.org/
AMA,https://www.winnerregional.org/
AMA,https://www.winonahealth.org/
AMA,https://www.winstonmedical.org/
AMA,https://www.wiregrassmedicalcenter.org/
AMA,https://www.wiseregional.com/
AMA,https://www.witham.org/
AMA,https://www.wkhs.com/
AMA,https://www.wmchealth.org/
AMA,https://www.wmh.org/
AMA,https://www.wmhs.com/
AMA,https://www.wmrmc.com/
AMA,https://www.wnhcares.org/
AMA,https://www.womans.org/
AMA,https://www.womenandinfants.org/
AMA,https://www.woodcountyhospital.org/
AMA,https://www.woodcountywi.gov/
AMA,https://www.woodlandheights.net/
AMA,https://www.woodlandsspecialtyhospital.com/
AMA,https://www.woosterhospital.org/
AMA,https://www.wpahs.org/
AMA,https://www.wphospital.org/
AMA,https://www.wregional.com/
AMA,https://www.wrhs.com/
AMA,https://www.wth.net/
AMA,https://www.wth.org/
AMA,https://www.wwhealth.org/
AMA,https://www.wyandotmemorial.org/
AMA,https://www.ykhc.org/
AMA,https://www.ynhh.org/
AMA,https://www.yoakumhospital.org/
AMA,https://www.yorkgeneral.org/
AMA,https://www.yorkhospital.com/
AMA,https://www.yourlourdes.com/
AMA,https://www.yrmc.org/
AMA,https://www.zuckerbergsanfranciscogeneral.org/
AMA,https://www2.houltonregional.org/
AMA,https://wyomingmedicalcenter.org/
AMA,https://yalobushageneral.com/
AMA,https://ych.us/
AMA,https://yourcommunityhospital.com/
AMA,https://yourhometownhospital.org/
AMA,https://yumahospital.org/
CMS,https://1stchoice-ar.org
CMS,https://1stchoiceicc.com
CMS,https://219health.org
CMS,https://21stcenturyrehab.com
CMS,https://24hrer.com
CMS,https://26health.org
CMS,https://340bopais.hrsa.gov
CMS,https://360therapygroup.com
CMS,https://3riverscommunityhealth.com
CMS,https://3riverstherapy.com
CMS,https://3rtc.com
CMS,https://428healthcare.com
CMS,https://4pds.org
CMS,https://4rbh.org
CMS,https://501ranch.com
CMS,https://504healthnet.org
CMS,https://800xraynow.com
CMS,https://aaachc.org
CMS,https://aabr.org
CMS,https://aachc.org
CMS,https://aaci.org
CMS,https://aanhpihealth.org
CMS,https://aaphc.org
CMS,https://aaronmanor.com
CMS,https://abbeyhealthandrehab.com
CMS,https://abbingtonvillage.com
CMS,https://abbotsfordhcc.com
CMS,https://abbottterrace.com
CMS,https://aberdeenbethesda.org
CMS,https://aberdeengardenshca.org
CMS,https://abernethylaurels.org
CMS,https://abigailrehab.com
CMS,https://ability-rehab.com
CMS,https://abilitybeyond.org
CMS,https://abilityconnection.org
CMS,https://abilitykc.org
CMS,https://abilityrehabilitation.com
CMS,https://abilityworksok.org
CMS,https://abingtonhc.com
CMS,https://able-2.org
CMS,https://able-inc.org
CMS,https://ablelight.org
CMS,https://aboutsmh.org
CMS,https://abraxasyfs.org
CMS,https://absolutcenter.com
CMS,https://acacianetwork.org
CMS,https://acadian.rpsb.us
CMS,https://acadianapediatricsla.com
CMS,https://acadianapractitioners.com
CMS,https://acadianhealth.com
CMS,https://accelaavalon.com
CMS,https://accelatlongmont.com
CMS,https://accelcollegestation.com
CMS,https://accelcrystalpark.com
CMS,https://accelwb.com
CMS,https://accesscommunityhealthcenters.org
CMS,https://accesseast.org
CMS,https://accesshealthky.com
CMS,https://accesshealthla.org
CMS,https://accessmedicalmonroe.com
CMS,https://accessmentalhealthcare.com
CMS,https://acclaimrehab.com
CMS,https://accoladehc.com
CMS,https://accordcare.com
CMS,https://accordia-health.org
CMS,https://Accordiushealth.com
CMS,https://account.allinahealth.org
CMS,https://aces.adair.kyschools.us
CMS,https://achc-ks.org
CMS,https://achcid.org
CMS,https://achievablehealth.org
CMS,https://achieverehabny.com
CMS,https://achm.ernesthealth.com
CMS,https://achsnm.ernesthealth.com
CMS,https://acipt.com
CMS,https://ackertpark.com
CMS,https://aclifepoints.org
CMS,https://acof.org
CMS,https://acrhomes.com
CMS,https://acrhs.buncombeschools.org
CMS,https://acrms.buncombeschools.org
CMS,https://acrsthemaples.org
CMS,https://action-pt.net
CMS,https://activedevelopmenttherapies.com
CMS,https://actorsfundhome.org
CMS,https://acvhealth.net
CMS,https://adacarecenter.com
CMS,https://adagiohealth.org
CMS,https://adamsheritage.org
CMS,https://adamsrehab.com
CMS,https://adamswoodcrest.org
CMS,https://adaptoregon.org
CMS,https://adarahc.com
CMS,https://adecinc.com
CMS,https://adelantehealthcare.com
CMS,https://adelphirehab.com
CMS,https://adirabossier.com
CMS,https://adiranar.com
CMS,https://adirariverside.com
CMS,https://adrcnj.org
CMS,https://adroitcarecenter.com
CMS,https://adsd.nv.gov
CMS,https://adsleepcenters.com
CMS,https://adtherapy.com
CMS,https://adultandchild.org
CMS,https://advacaremn.com
CMS,https://advancechc.org
CMS,https://advanced-family-medical-clinic.ueniweb.com
CMS,https://advancednh.com
CMS,https://advancedphysicaltherapy.com
CMS,https://advancedrehab.us
CMS,https://advancedrehabautumnlake.com
CMS,https://advancedtherapysolutions.com
CMS,https://advancedultrasoundfl.com
CMS,https://advancerehab.com
CMS,https://advancerehabbc.com
CMS,https://advantagecaredtc.org
CMS,https://advantageeyecare.net
CMS,https://advantagefitness.com
CMS,https://adventdialysis.com
CMS,https://advocate-eb.com
CMS,https://advphysicaltherapy.com
CMS,https://aegistherapies.com
CMS,https://aeofelgin.com
CMS,https://aeriushealthcenter.com
CMS,https://affiniahealthcare.org
CMS,https://affinityhealthcenter.org
CMS,https://affinityhealthmanagement.com
CMS,https://affinityskilled.com
CMS,https://afhc.nursing.ufl.edu
CMS,https://afpwa.org
CMS,https://aftenro.org
CMS,https://agapefamilyhealth.com
CMS,https://agapefamilyhealth.org
CMS,https://agapept.com
CMS,https://agawameast.com
CMS,https://agawamnorth.com
CMS,https://agawamsouth.com
CMS,https://agawamwest.com
CMS,https://aging.lacity.gov
CMS,https://aging.networkofcare.org
CMS,https://ah-nw.org
CMS,https://ahcdetroit.org
CMS,https://ahcseniorcare.com
CMS,https://ahfohio.com
CMS,https://ahmchealth.com
CMS,https://ahs.sfhs.org
CMS,https://ahsfhc.org
CMS,https://ahvahealth.com
CMS,https://aicota.com
CMS,https://aidanhealthservices.com
CMS,https://aihfs.org
CMS,https://aihschgo.org
CMS,https://aikennewtech.cps-k12.org
CMS,https://airforceacademy.tricare.mil
CMS,https://akronia.org
CMS,https://al.bartletthealth.com
CMS,https://al.hughston.com
CMS,https://alabamaarms.org
CMS,https://alabamaclinicalschools.com
CMS,https://alabamafamilycentral.org
CMS,https://alachuapediatricsandprimarycare.com
CMS,https://alamancerehab.com
CMS,https://alamedacarecenter.com
CMS,https://alamedacenter.com
CMS,https://alamedahc.com
CMS,https://alamitosbelmontrehab.com
CMS,https://alamitoswest.com
CMS,https://alarishealth.com
CMS,https://alaskacenter.org
CMS,https://alaskagardenshc.com
CMS,https://albanycommunityhealthclinic.com
CMS,https://albemarlehealthrehab.com
CMS,https://albemarlenephrology.com
CMS,https://alcestercarerehab.com
CMS,https://alcottrehabilitation.com
CMS,https://aldenterrace.com
CMS,https://alderwoodparkhealthandrehab.com
CMS,https://alderwoodpostacute.com
CMS,https://alexandervalleyhealthcare.org
CMS,https://alexandriacc.com
CMS,https://alexandriahc.com
CMS,https://algonamanor.com
CMS,https://alhambra.wlcfirm.com
CMS,https://alhambrahrc.com
CMS,https://alhambrapa.com
CMS,https://alicevillemanornursinghome.com
CMS,https://alivio.org
CMS,https://all4health.org
CMS,https://allairehc.com
CMS,https://allamericanvillage.com
CMS,https://allcaretherapyservices.com
CMS,https://alleganynursingandrehab.com
CMS,https://alleghanyrehab.com
CMS,https://allegiant-healthcare-of-mesa.wheree.com
CMS,https://allegriafountains.com
CMS,https://allegriavillage.com
CMS,https://allenbrookerehabcenter.com
CMS,https://allendalehc.com
CMS,https://allenoaks.com
CMS,https://alliancecarecenter.com
CMS,https://alliancecommunityhc.com
CMS,https://alliancehhs.org
CMS,https://alliancemed.org
CMS,https://alliantliving.com
CMS,https://alliedmobileimaging.com
CMS,https://alliedportablexray.squarespace.com
CMS,https://allinc.org
CMS,https://allsaintshc.com
CMS,https://allstatportable.com
CMS,https://alluregalesburg.com
CMS,https://alluregeneseo.com
CMS,https://allureknoxcounty.com
CMS,https://allurelakestorey.com
CMS,https://alluremendota.com
CMS,https://alluremoline.com
CMS,https://alluremtcarroll.com
CMS,https://allureofperu.com
CMS,https://allurepinecrest.com
CMS,https://allureprophetstown.com
CMS,https://allurequadcities.com
CMS,https://alluresterling.com
CMS,https://allurestockton.com
CMS,https://allurewalnut.com
CMS,https://alma-hr.com
CMS,https://almadenhealthandrehabilitationcenter.com
CMS,https://almaredwine.rpsb.us
CMS,https://almondcarecenter.org
CMS,https://almondvista.com
CMS,https://alopexhc.com
CMS,https://alphaopportunities.org
CMS,https://alphasnf.com
CMS,https://alpine-hc.com
CMS,https://alpinefireside.com
CMS,https://alpinehealthandrehabcenter.com
CMS,https://alpinemeadowrehab.com
CMS,https://alpinenursinghome.com
CMS,https://alpinerehab.net
CMS,https://alpineskillednursing.com
CMS,https://alpinevalleyrehab.com
CMS,https://altamesarehab.com
CMS,https://altavistarehab.net
CMS,https://altenheim.com
CMS,https://altenheimstlouis.org
CMS,https://altercare.com
CMS,https://altura.org
CMS,https://altus.tricare.mil
CMS,https://altushc.com
CMS,https://alvaradocc.com
CMS,https://alvaradomeadows.com
CMS,https://alvis180.org
CMS,https://amahealthproviders.com
CMS,https://amarillomedicallodge.com
CMS,https://amarillorehab.org
CMS,https://amarilloskilledcenter.com
CMS,https://ambassadorhccollegepark.com
CMS,https://ambassadorhealthcare.com
CMS,https://ambassadorok.com
CMS,https://ambassadorvhc.com
CMS,https://amberhillpt.com
CMS,https://amberwoodcarecentre.com
CMS,https://amberwoodhealthandrehab.com
CMS,https://amberwoodpa.com
CMS,https://ambhospital.com
CMS,https://amcdstage.ahmgt.com
CMS,https://amchealthcare.org
CMS,https://ameliarehab.com
CMS,https://americandialysiscenters.com
CMS,https://americanhealthassociates.com
CMS,https://americanhealthimaging.com
CMS,https://americanrenal.com
CMS,https://americanrivercc.com
CMS,https://amfhealthcare.com
CMS,https://amhealthpartners.com
CMS,https://amistadchc.com
CMS,https://amistadnr.com
CMS,https://amnhome.com
CMS,https://ams.ashevillecityschools.net
CMS,https://amspecialty.org
CMS,https://amsterdamcares.org
CMS,https://anaheimglobalmedicalcenter.com
CMS,https://anaheimhealthcare.com
CMS,https://anaheimterracecc.com
CMS,https://anchor-pa.com
CMS,https://anchorcarerc.com
CMS,https://ANDBEHOME.COM
CMS,https://andersonwalkinmedicalclinic.com
CMS,https://andoverforestrehab.com
CMS,https://andovermanor.com
CMS,https://andovervillagesnr.com
CMS,https://andrewresidence.com
CMS,https://anetaphc.com
CMS,https://anewmgt.com
CMS,https://anewstartclinics.com
CMS,https://angelinarehabcenter.com
CMS,https://angelo-kidney-connection.com
CMS,https://angeloaknursing.com
CMS,https://angelview.org
CMS,https://anha.org
CMS,https://annandale.org
CMS,https://annandalecarecenter.org
CMS,https://annecarlsen.org
CMS,https://annegrady.org
CMS,https://anrcenter.org
CMS,https://antlersmanor.com
CMS,https://anwatin.mpschools.org
CMS,https://aosh.org
CMS,https://apachejunctionhc.com
CMS,https://apbh.org
CMS,https://apd.myflorida.com
CMS,https://apedsky.com
CMS,https://aperioncare.com
CMS,https://apexhealthcare.net
CMS,https://aphrehabilitation.com
CMS,https://api.dadeschools.net
CMS,https://apicha.org
CMS,https://aplahealth.org
CMS,https://apo-ozarks.org
CMS,https://apollohrc.com
CMS,https://applecreekhr.com
CMS,https://appleseedpediatrics.com
CMS,https://appletoncitymanor.net
CMS,https://applevalleycarecenter.com
CMS,https://applewood.com
CMS,https://appomattoxrehab.com
CMS,https://apps.health.ny.gov
CMS,https://apps.hhs.texas.gov
CMS,https://aprn1.com
CMS,https://aptncare.com
CMS,https://apxray.com
CMS,https://arabellahcm.com
CMS,https://ararathome.org
CMS,https://arbolsantarosa.com
CMS,https://arborcarecenter.com
CMS,https://arborglencare.com
CMS,https://arborlakenursing.com
CMS,https://arbormanorrehab.com
CMS,https://arbornursingcenter.com
CMS,https://arborpa.com
CMS,https://arborridgerehab.com
CMS,https://arborsatcarroll.com
CMS,https://arborsatdelaware.com
CMS,https://arborsatfairlawn.com
CMS,https://arborsatgallipolis.com
CMS,https://arborsatmarietta.com
CMS,https://arborsatmifflin.com
CMS,https://arborsatmilford.com
CMS,https://arborsatminerva.com
CMS,https://arborsatoregon.com
CMS,https://arborsatpomeroy.com
CMS,https://arborsatspringfield.com
CMS,https://arborsatstow.com
CMS,https://arborsatstreetsboro.com
CMS,https://arborsatsylvania.com
CMS,https://arborsatwoodsfield.com
CMS,https://arborswest.com
CMS,https://arborviewsl.com
CMS,https://arbrookplaza.com
CMS,https://arbutusparkmanor.com
CMS,https://arcadia.org
CMS,https://arcadiahcc.com
CMS,https://arcadiahcr.com
CMS,https://arcaopeningdoors.org
CMS,https://arcbroward.com
CMS,https://arcdialysis.com
CMS,https://archatl.com
CMS,https://archerheightshc.com
CMS,https://archstonecare.com
CMS,https://archwoodhouseclhf.com
CMS,https://arciv.org
CMS,https://arcny.org
CMS,https://arcofcs.org
CMS,https://arcomonroe.org
CMS,https://arcopportunities.org
CMS,https://arcphysicaltherapy.net
CMS,https://arcswin.org
CMS,https://arcwestchester.org
CMS,https://arden-wood.com
CMS,https://ardenparkpa.com
CMS,https://areaofficeonaging.com
CMS,https://argentinecarecenter.com
CMS,https://ariaatmm.com
CMS,https://ariabrookfield.com
CMS,https://ariachc.org
CMS,https://ariawaukesha.com
CMS,https://arirehab.com
CMS,https://aristacareatcedaroaks.com
CMS,https://arizonaelksassociation.org
CMS,https://arizonaspecialtyhospital.com
CMS,https://arkbranfordhills.com
CMS,https://arkstcamillus.com
CMS,https://arlington.yourpurehealth.com
CMS,https://arlingtongardenscc.com
CMS,https://arlingtonheightshealth.com
CMS,https://armourfamilymedicine.com
CMS,https://armouroaks.org
CMS,https://armyresidence.com
CMS,https://arnoldwalter.com
CMS,https://arora.org
CMS,https://arrowheadhealthcarecenter.com
CMS,https://arrowheadspringshealthcare.com
CMS,https://arroyovistacare.com
CMS,https://arshealth.com
CMS,https://artesiahc.com
CMS,https://artesianhome.com
CMS,https://artesiapalmscc.com
CMS,https://arthurcenter.com
CMS,https://artificialkidneycenter.com
CMS,https://artmanhome.org
CMS,https://arvadacare.com
CMS,https://arvinpa.com
CMS,https://aryamedicalgroup.com
CMS,https://asashealthpartners.com
CMS,https://asburycampus.com
CMS,https://asburyhealthandrehab.org
CMS,https://asburyparkcare.com
CMS,https://ascensionseniorliving.org
CMS,https://ascentist.com
CMS,https://ascotdiagnostic.com
CMS,https://ashebororehab.com
CMS,https://asherhealth.org
CMS,https://ashfordhall.com
CMS,https://ashland-pa.com
CMS,https://ashlandhealthcenter.com
CMS,https://ashlandhealthrehab.com
CMS,https://ashleyriverhealthcare.com
CMS,https://ashtabulacountynursing.com
CMS,https://ashtonmemorial.com
CMS,https://asianhealthservices.org
CMS,https://asianpacificfund.org
CMS,https://asistencia-villa-rehabilitation-and-care-center.iconnecthire.com
CMS,https://askbhsc.org
CMS,https://aspenhealthrehab.com
CMS,https://aspenhillrehab.com
CMS,https://aspenhillshealthcare.com
CMS,https://aspirecounselingservice.com
CMS,https://aspirehealthgrp.com
CMS,https://aspireseniorliving.health
CMS,https://aspiretransitionalcare.org
CMS,https://assistedlivingmagazine.com
CMS,https://associatedrehabservice.com
CMS,https://assurancehealthsystem.com
CMS,https://astercreekrehab.com
CMS,https://astorianrc.com
CMS,https://astoriaplaceofcambridge.org
CMS,https://atc.bell.kyschools.us
CMS,https://atchisonseniorvillage.com
CMS,https://ate.barren.kyschools.us
CMS,https://athena-therapy.com
CMS,https://athenshealthandrehab.com
CMS,https://athenskidneycenter.org
CMS,https://athenspeds.com
CMS,https://athertonparkpostacute.com
CMS,https://atkinsnr.com
CMS,https://atkinsonhcc.com
CMS,https://atlanticcoastrehab.com
CMS,https://atlanticheightsretirement.com
CMS,https://atlanticmedical.org
CMS,https://atlanticmemorial.com
CMS,https://atlanticmobileimaging.com
CMS,https://atlanticshoresliving.com
CMS,https://atlanticsportcare.com
CMS,https://atlas-pa.com
CMS,https://atlasmedical.us
CMS,https://atokaokchamber.com
CMS,https://atriumatnavesink.org
CMS,https://atriumhsl.com
CMS,https://atriumlivingcenters.com
CMS,https://atriumofbellmead.com
CMS,https://atriumrehab.com
CMS,https://atsedinburg.com
CMS,https://atticaltc.com
CMS,https://auburndalesportspine.com
CMS,https://auburnhomes.org
CMS,https://auburnoakscarecenter.com
CMS,https://auburnopelikaparents.com
CMS,https://auburnrehab.com
CMS,https://auburnrt.com
CMS,https://auburnvillage.com
CMS,https://auditor.eriecounty.oh.gov
CMS,https://audubonpt.com
CMS,https://augsburgseniorliving.org
CMS,https://augustacenterrehab.com
CMS,https://augustahealthandrehab.com
CMS,https://augustiliff.com
CMS,https://augustleewood.com
CMS,https://augustrichmond.com
CMS,https://aultmandocs.com
CMS,https://aurorabrulehome.com
CMS,https://auroradialysis.org
CMS,https://aurorahealthrehab.com
CMS,https://auroraplains.com
CMS,https://austinoasishc.com
CMS,https://austinrnc.com
CMS,https://austinswellness.com
CMS,https://autumnhillshealthcarecenter.com
CMS,https://autumnlakealicemanor.com
CMS,https://autumnlakearcola.com
CMS,https://autumnlakearlingtonwest.com
CMS,https://autumnlakeballengercreek.com
CMS,https://autumnlakebaltimorewashington.com
CMS,https://autumnlakebeloit.com
CMS,https://autumnlakeberkeleyheights.com
CMS,https://autumnlakebirchmanor.com
CMS,https://autumnlakebraddockheights.com
CMS,https://autumnlakebradfordoaks.com
CMS,https://autumnlakebridgepark.com
CMS,https://autumnlakebuckshill.com
CMS,https://autumnlakecalvertmanor.com
CMS,https://autumnlakecatonsville.com
CMS,https://autumnlakecherrylane.com
CMS,https://autumnlakechesapeakewoods.com
CMS,https://autumnlakechevychase.com
CMS,https://autumnlakecrofton.com
CMS,https://autumnlakecromwell.com
CMS,https://autumnlakecrystalsprings.com
CMS,https://autumnlakegladevalley.com
CMS,https://autumnlakeglenburnie.com
CMS,https://autumnlakegreenfield.com
CMS,https://autumnlakehealthcare.com
CMS,https://autumnlakehomewood.com
CMS,https://autumnlakelochraven.com
CMS,https://autumnlakelonggreen.com
CMS,https://autumnlakelongview.com
CMS,https://autumnlakemadison.com
CMS,https://autumnlakememorialbridge.com
CMS,https://autumnlakenewbritain.com
CMS,https://autumnlakenorwalk.com
CMS,https://autumnlakeoakmanor.com
CMS,https://autumnlakeoakview.com
CMS,https://autumnlakeoceanview.com
CMS,https://autumnlakeoldbridge.com
CMS,https://autumnlakeoverlea.com
CMS,https://autumnlakeparkville.com
CMS,https://autumnlakepatuxentriver.com
CMS,https://autumnlakeperringparkway.com
CMS,https://autumnlakepikesville.com
CMS,https://autumnlakeriverview.com
CMS,https://autumnlakeruxton.com
CMS,https://autumnlakesalemcounty.com
CMS,https://autumnlakesilverspring.com
CMS,https://autumnlakesouthgate.com
CMS,https://autumnlakespacreek.com
CMS,https://autumnlakesummitpark.com
CMS,https://autumnlakethewillows.com
CMS,https://autumnlakevineland.com
CMS,https://autumnlakevoorhees.com
CMS,https://autumnlakewaughchapel.com
CMS,https://autumnlakewesthartford.com
CMS,https://autumnleaves.com
CMS,https://autumnmeadows.net
CMS,https://autumnwoodcc.com
CMS,https://autumnwoods.com
CMS,https://auxiliosanpablo.com
CMS,https://avala.com
CMS,https://avalongarden1920.com
CMS,https://avalonhealthcare.com
CMS,https://avalonkirbyville.com
CMS,https://avalonrehabhc.com
CMS,https://avalonvillahealthcare.com
CMS,https://avamereburien.com
CMS,https://avamereissaquah.com
CMS,https://avamereparkwest.com
CMS,https://avamereridgemont.com
CMS,https://avamereshoreline.com
CMS,https://avcarecenter.com
CMS,https://avclinic.org
CMS,https://avemariahome.org
CMS,https://aventuraatassumption.com
CMS,https://aventuraatcarriageinn.com
CMS,https://aventuraatcreekside.com
CMS,https://aventuraathumilityhouse.com
CMS,https://aventuraatoakwoodvillage.com
CMS,https://aventuraatpembrooke.com
CMS,https://aventuraatprospect.com
CMS,https://aventuraatshiloh.com
CMS,https://aventuraatterraceview.com
CMS,https://aventuraatthebay.com
CMS,https://aventuraatwaltonhills.com
CMS,https://aventuraatwestpark.com
CMS,https://aventurarehab.com
CMS,https://avenue360.org
CMS,https://averyheights.org
CMS,https://averyrehab.com
CMS,https://aviarahealthcare.com
CMS,https://avidhcg.com
CMS,https://avistanursingandrehab.com
CMS,https://aviva.health
CMS,https://avivaatfitzsimons.com
CMS,https://avon-place.net
CMS,https://avs.merakey.org
CMS,https://avvhealthcenters.com
CMS,https://awhealthcare.com
CMS,https://awinds.com
CMS,https://axesspointe.org
CMS,https://axisclinics.org
CMS,https://axishealth.org
CMS,https://aydencarebellesprings.com
CMS,https://aydencaregreenville.com
CMS,https://aydencareoregon.com
CMS,https://aydencarepiqua.com
CMS,https://aydencaretoledo.com
CMS,https://aydencarewaterville.com
CMS,https://aydencarewauseon.com
CMS,https://aydencourt.com
CMS,https://ayershealthandrehab.com
CMS,https://ayervalley.com
CMS,https://azahealth.org
CMS,https://azalealand.com
CMS,https://azaleatrailnursinghome.com
CMS,https://azerclinic.com
CMS,https://azle-manor.com
CMS,https://aztechealthcare.com
CMS,https://azurerehab.com
CMS,https://azxrays.com
CMS,https://bach.health
CMS,https://backinactionmedical.com
CMS,https://baes.upshurschools.com
CMS,https://bahcnm.org
CMS,https://baileycreekhealthandrehab.com
CMS,https://baileyhouse.org
CMS,https://bainbridgerehab.com
CMS,https://bakersfieldpa.com
CMS,https://bakersfieldpace.org
CMS,https://bakersvilleclinic.org
CMS,https://balboahc.com
CMS,https://balchspringshealthandrehab.com
CMS,https://baldwincenter.org
CMS,https://baldwingardens.com
CMS,https://baldwinhrc.com
CMS,https://ballardhrc.com
CMS,https://ballardnursingcenter.com
CMS,https://ballingerhealthcare.com
CMS,https://balmoralnursing.com
CMS,https://baltimoreprotherapy.com
CMS,https://bamchealth.com
CMS,https://bandbcare.com
CMS,https://banhok.com
CMS,https://bannister-center.facilities.centershealthcare.org
CMS,https://banyanhealth.org
CMS,https://baptist.integrishealth.org
CMS,https://baptisthealthdeaconess.com
CMS,https://baptisthill.ccsdschools.com
CMS,https://baptistretirement.org
CMS,https://baptistseniorfamily.org
CMS,https://baptistvillage.org
CMS,https://barbourcourt.com
CMS,https://barbourhealth.org
CMS,https://barclaysrehab.com
CMS,https://bardstown.kyschools.us
CMS,https://barnegatrehab.com
CMS,https://barregardens.com
CMS,https://barrencountynursingandrehab.com
CMS,https://bartelscommunity.org
CMS,https://bartleyhealthcare.com
CMS,https://bartowcenter.com
CMS,https://bartz-altadonna-chc.org
CMS,https://basinclinic.org
CMS,https://bassphysicaltherapy.com
CMS,https://batesmillersims.com
CMS,https://bayamonmedical.com
CMS,https://bayapointerehab.com
CMS,https://bayareahc.com
CMS,https://bayberrycarecenter.com
CMS,https://baybluffs.org
CMS,https://baybreezehcr.com
CMS,https://baycommunityhealth.org
CMS,https://baycountymcf.com
CMS,https://baycrestcc.com
CMS,https://bayharborrehab.com
CMS,https://baylorlascolinas.com
CMS,https://bayonetnursingandrehab.com
CMS,https://bayoupinescarecenter.com
CMS,https://baypointenursingpavilion.com
CMS,https://bayshirecarlsbad.com
CMS,https://bayshireranchomirage.com
CMS,https://bayshiretorreypines.com
CMS,https://bayshorepointerehab.com
CMS,https://baysidehcr.com
CMS,https://baysidehealthrehab.com
CMS,https://bayterracerhc.com
CMS,https://bayviewhcc.com
CMS,https://bayviewnursingrehabcommunity.com
CMS,https://bayviewrehabcenter.com
CMS,https://bayviewrehabhc.com
CMS,https://bayvillage.org
CMS,https://bbhsnet.com
CMS,https://bbrehab.com
CMS,https://bbrhc.com
CMS,https://bbtrails.org
CMS,https://bbvrehab.com
CMS,https://bcecares.com
CMS,https://bchcc.org
CMS,https://bchs.bourbon.kyschools.us
CMS,https://bchsnola.org
CMS,https://bcminnovativetherapies.com
CMS,https://bcomhealth.org
CMS,https://bdnrc.com
CMS,https://beachbreezerehab.com
CMS,https://beachcreekpostacute.com
CMS,https://beachesrehabcenters.com
CMS,https://beachsidenursingcenter.com
CMS,https://beachsidepostacute.com
CMS,https://beachstreethrc.com
CMS,https://beachwoodcare.com
CMS,https://beachwoodpostacute.com
CMS,https://beaconbrookhealth.com
CMS,https://beaconharborhealth.com
CMS,https://beaconhillgr.org
CMS,https://beaconhillrehabilitation.com
CMS,https://beaconinc.org
CMS,https://beaconsc.com
CMS,https://beaconspecialized.org
CMS,https://beacontlc.com
CMS,https://beaminghealth.com
CMS,https://bearcreeknursingcenter.com
CMS,https://bearhillrehab.com
CMS,https://bearmountainnhr.com
CMS,https://beatitudescampus.org
CMS,https://beatricehealthandrehab.com
CMS,https://beaufonthealthrehab.com
CMS,https://beaufortpediatrics.com
CMS,https://beaufortpt.com
CMS,https://beaumontbh.com
CMS,https://beaumonthealthcarecenter.com
CMS,https://beaumontnursingandrehab.com
CMS,https://beauvaisrehab.com
CMS,https://beavercreekrehab.com
CMS,https://beaverdamhcc.com
CMS,https://beaverrhc.com
CMS,https://beaverutah.net
CMS,https://bedford-pa.com
CMS,https://bedfordspringshr.com
CMS,https://bedfordwellnessandrehab.com
CMS,https://bedrock-hamptonhouse.com
CMS,https://bedrock-island.com
CMS,https://bedrock-kingston.com
CMS,https://bedrock-lakecity.com
CMS,https://bedrock-lakeeustis.com
CMS,https://bedrock-melbourne.com
CMS,https://bedrock-orlandosouth.com
CMS,https://bedrock-suwannee.com
CMS,https://bedrock-wedgewood.com
CMS,https://bedrock-williamsportnorth.com
CMS,https://bedrock-williamsportsouth.com
CMS,https://bedrock-winterpark.com
CMS,https://bedrock-yeadon.com
CMS,https://bedrockhcs.com
CMS,https://bedsidexray.com
CMS,https://beeberetirementcenter.com
CMS,https://beechermanor.com
CMS,https://beechtreecenter.com
CMS,https://beechtreehr.com
CMS,https://beechwoodcare.org
CMS,https://beeghlyoaksrehab.com
CMS,https://beevillephysicaltherapy.com
CMS,https://beggsclinico.com
CMS,https://behealthandrehab.com
CMS,https://belaircarecenter.com
CMS,https://belairehealthrehab.com
CMS,https://beldenvillagenursing.com
CMS,https://belgradenursinghome.com
CMS,https://believetherapies.com
CMS,https://bellaterracenursing.com
CMS,https://bellavitarehab.com
CMS,https://bellbrookrehab.com
CMS,https://belleaireastrehab.com
CMS,https://bellecarecenter.com
CMS,https://belleterracepa.com
CMS,https://bellevillehrc.com
CMS,https://bellevueokc.com
CMS,https://bellflowerpa.com
CMS,https://bellhavencenter.com
CMS,https://bellminorhome.com
CMS,https://belltowerskillednursing.com
CMS,https://bellvillemidcoasthospital.org
CMS,https://bellwoodnursingcenter.com
CMS,https://belmontbayrehab.com
CMS,https://belmonthcc.com
CMS,https://belmontterrace.com
CMS,https://belterrahc.com
CMS,https://beltlinenursing.com
CMS,https://belvederenr.com
CMS,https://belvista.com
CMS,https://benchmarkhs.com
CMS,https://bennetthillscare.com
CMS,https://bennettsvillehrc.com
CMS,https://benningtonglen.com
CMS,https://bensonhealth.org
CMS,https://bentleysextendedcare.com
CMS,https://benziemaples.org
CMS,https://bereahealthky.com
CMS,https://bereawalkin.com
CMS,https://berkschc.net
CMS,https://berkshirehealthrehab.com
CMS,https://berkshireplace.com
CMS,https://berkshirerehab.com
CMS,https://berkshirerehabilitation.com
CMS,https://berkshirerhc.com
CMS,https://berlinnursingandrehab.com
CMS,https://berlinrehabhc.com
CMS,https://bermudavillage.net
CMS,https://bernicerehabcenter.com
CMS,https://berrienoakscenter.com
CMS,https://berryhillltc.com
CMS,https://bersamobilexray.com
CMS,https://berthoudcare.com
CMS,https://bertramnursing.com
CMS,https://bertrandchaffee.com
CMS,https://bertrandne.com
CMS,https://bertrandnursingrehab.com
CMS,https://bes.buncombeschools.org
CMS,https://bes.hcsedu.org
CMS,https://bes.lamarcountyschools.org
CMS,https://bestcarefamilypractice.org
CMS,https://bethanycenterrehab.com
CMS,https://bethanygrand.com
CMS,https://bethanyhs.com
CMS,https://bethanylutheranvillage.org
CMS,https://bethanynd.org
CMS,https://bethanynursing.com
CMS,https://bethanynw.org
CMS,https://bethanyripon.org
CMS,https://bethanyvillageks.com
CMS,https://bethanywoodscare.com
CMS,https://bethaven.org
CMS,https://bethelfamilyclinic.org
CMS,https://bethelhealthcare.com
CMS,https://bethellutheranhomeinc.org
CMS,https://bethelnewlife.org
CMS,https://bethelwellness.org
CMS,https://bethesdaca.org
CMS,https://bethesdacarecenter.com
CMS,https://bethesdahealth.org
CMS,https://bethesdahome.org
CMS,https://bethesdanursinghome.com
CMS,https://bethesdarehab.com
CMS,https://bethshan.org
CMS,https://bethsholomliving.org
CMS,https://betsyrossrehab.com
CMS,https://betterselfcommunitycare.com
CMS,https://bettydarewellness.com
CMS,https://beverlycare.org
CMS,https://beverlycommunityclinic.com
CMS,https://bf.kendal.org
CMS,https://bfhc1.org
CMS,https://bgmedicalgroup.com
CMS,https://bgrehabcare.com
CMS,https://bhamhealthcare.com
CMS,https://bhc-use-wpapp.azurewebsites.net
CMS,https://bhcodev4.wpenginepowered.com
CMS,https://bhhm.org
CMS,https://bhmc-oak.com
CMS,https://bhochg.com
CMS,https://bhp.meade.kyschools.us
CMS,https://bhs-inc.org
CMS,https://bhs.matsuk12.us
CMS,https://bhshealth.org
CMS,https://bhshealthcenternetwork.com
CMS,https://bi-countyservices.com
CMS,https://bidmilton.org
CMS,https://bigelmnursing.com
CMS,https://bighornhc.com
CMS,https://bigoakrehab.com
CMS,https://bigskymobileimaging.com
CMS,https://bigspringcenterforskilledcare.com
CMS,https://bigsurhealthcenter.org
CMS,https://billingsrehab.com
CMS,https://billingsurbanindianhealth.org
CMS,https://binghamhealthcare.org
CMS,https://bio-medical-applications-of-south-plainfield.hub.biz
CMS,https://biomedicalimaging.us
CMS,https://biostatdx.com
CMS,https://birch-hc.com
CMS,https://birchcreekpostacute.com
CMS,https://birchfamilyservices.org
CMS,https://birchpointehealth.com
CMS,https://birchwoodbeaumont.com
CMS,https://birchwoodbeeville.com
CMS,https://birchwoodcare.com
CMS,https://birchwoodgolfcrest.com
CMS,https://birchwoodgrapevine.com
CMS,https://birchwoodnursing.com
CMS,https://birchwoodparkrehab.com
CMS,https://birchwoodplaza.com
CMS,https://birchwoodrehabilitation.com
CMS,https://birchwoodrhc.com
CMS,https://birchwoodseniorliving.com
CMS,https://birminghameastrehabcenter.com
CMS,https://birminghamnursingandrehab.com
CMS,https://biscaynerehab.com
CMS,https://bishopcare.net
CMS,https://bishopcarecenter.com
CMS,https://bishopmccarthy.org
CMS,https://bishopspencerplace.org
CMS,https://blackhawklifecare.com
CMS,https://blackstonevalleyhealth.com
CMS,https://blairehouseofmilford.com
CMS,https://blairehouseoftewksbury.com
CMS,https://blairehouseofworcester.com
CMS,https://blakeford.com
CMS,https://blakehurstlcs.com
CMS,https://blandclinic.com
CMS,https://blcnky.com
CMS,https://bleckleymemorial.com
CMS,https://blessingchc.com
CMS,https://blhcc.org
CMS,https://blockinstitute.org
CMS,https://bloomfieldhealthcare.com
CMS,https://bloomhf.org
CMS,https://blossom-hill.org
CMS,https://blossomsatmidtown.com
CMS,https://blossomsatnlr.com
CMS,https://blossomsrnc.com
CMS,https://blountstownhealthandrehab.com
CMS,https://blueberryhillrehab.com
CMS,https://bluebonnetnursing.com
CMS,https://bluebonnetpoint.com
CMS,https://bluepalmsdaytona.com
CMS,https://bluepalmsdeland.com
CMS,https://blueridgekids.com
CMS,https://blueriverhealthcarecenter.com
CMS,https://bluerockpt.com
CMS,https://blueskytherapy.net
CMS,https://bluestonehrc.com
CMS,https://bluewestopportunities.org
CMS,https://blumenthalhealthrehab.com
CMS,https://bmagroupglobal.com
CMS,https://bmcrehab.com
CMS,https://bmgh.org
CMS,https://bmsi.org
CMS,https://bnrcenter.com
CMS,https://bocaciegacenter.com
CMS,https://bocacirclerehab.com
CMS,https://bocaratonhealthandrehab.com
CMS,https://bodygears.com
CMS,https://bolster-jeffries.com
CMS,https://bondypt.com
CMS,https://bonesonwheels.com
CMS,https://bonhamnursing.com
CMS,https://bonitahillspostacute.com
CMS,https://bonnersferryfamilymedicine.com
CMS,https://bono-walnutridgefamilymedical.com
CMS,https://bonterratc.com
CMS,https://bookertwashingtonnursinghome.com
CMS,https://botetourt.carringtonplaces.com
CMS,https://bouldercanyonhealth.com
CMS,https://boulderpostacute.com
CMS,https://boundarywaterscc.com
CMS,https://bournemanor.org
CMS,https://bowietxchamber.org
CMS,https://bowlinggreenhealthrehab.com
CMS,https://bowlinggreenmanor.com
CMS,https://boyntonbeachrehab.com
CMS,https://boysandgirlshomeiowa.org
CMS,https://bprehab.com
CMS,https://bradenhospital.com
CMS,https://bradenriverrehab.com
CMS,https://bradfordheightsnr.com
CMS,https://bradfordhills.com
CMS,https://bradfordmanor.com
CMS,https://bradfordsquarenursing.com
CMS,https://bradleygardens.net
CMS,https://bradleypolkwalkinclinic.com
CMS,https://bradshawmedical.com
CMS,https://brainrehabnetwork.com
CMS,https://braintree.royalhealthgroup.com
CMS,https://brandonoaks.net
CMS,https://brandonrehabcenter.com
CMS,https://brandonwoodsdartmouth.com
CMS,https://brandonwoodsnewbedford.com
CMS,https://brazostherapy.org
CMS,https://brcliving.org
CMS,https://breadforthecity.org
CMS,https://breakwatercommons.com
CMS,https://breckenridgevillage.com
CMS,https://breckinridgeservices.org
CMS,https://breezyhillsrehab.com
CMS,https://bremondnursing.com
CMS,https://brenhamfamilypractice.com
CMS,https://brentwoodcenterrehab.com
CMS,https://brentwoodhealthandrehab.com
CMS,https://brentwoodjackson.com
CMS,https://brentwoodnursinghome.com
CMS,https://brentwoodterrace.com
CMS,https://bres.beaufortschools.net
CMS,https://brethrencarevillage.org
CMS,https://brewercenterrehab.com
CMS,https://brewsterclinic.org
CMS,https://brewsterliving.org
CMS,https://brhealthcarecenter.com
CMS,https://briahs.com
CMS,https://brianrabin.com
CMS,https://briarclifferi.com
CMS,https://briarcliffsnf.com
CMS,https://briarcliffsouthbend.com
CMS,https://briarcrestnursing.com
CMS,https://briarfield.net
CMS,https://briarplacenursing.com
CMS,https://briarwood-village.com
CMS,https://briarwoodclc.cesltc.com
CMS,https://briarwoodhcc.com
CMS,https://briarwoodhealth.webflow.io
CMS,https://briarwoodnar.com
CMS,https://briarwoodrehab.com
CMS,https://bridgecaresuites.com
CMS,https://bridgeclinic.org
CMS,https://bridgecrestpa.com
CMS,https://bridgeportmedicallodge.com
CMS,https://bridgervalleymedicalgroup.com
CMS,https://bridgesct.org
CMS,https://bridgeview.care
CMS,https://bridgeviewrehabcenter.com
CMS,https://bridgewalkonharden.com
CMS,https://bridgewayseniorliving.com
CMS,https://bridgewoodpostacute.com
CMS,https://brightoncares.net
CMS,https://brightonplacehrc.com
CMS,https://brightpathprogram.com
CMS,https://brightpointe.yourpurehealth.com
CMS,https://brightpointeatlytlelake.com
CMS,https://brightpointhealth.org
CMS,https://brightstartkid.com
CMS,https://brightwater-living.com
CMS,https://brightwellbehavioral.com
CMS,https://brintonmanorhc.com
CMS,https://brnursing.com
CMS,https://broadmoormedicallodge.com
CMS,https://broadriverrehab.com
CMS,https://broadviewhrc.com
CMS,https://broadway-center-lexington.edan.io
CMS,https://broadwaybythesea.net
CMS,https://broadwayhcc.com
CMS,https://broadwayhouse.org
CMS,https://broadwaymanorhc.com
CMS,https://broadwayvillapostacute.com
CMS,https://brodieranch.com
CMS,https://brokenarrowpt.com
CMS,https://brokenbowhealthandrehab.com
CMS,https://bronxparkcenter.com
CMS,https://brookfieldhealthcare.net
CMS,https://brookhavenatlexington.org
CMS,https://brookhavencare.com
CMS,https://brookhavenoh.org
CMS,https://brookhavenrehab.com
CMS,https://brooklyngardens.com
CMS,https://brooklyngardensdialysis.com
CMS,https://brookmonthc.com
CMS,https://brookshirepa.com
CMS,https://brookshirerehab.com
CMS,https://brookside-hc.com
CMS,https://brooksidecare.org
CMS,https://brooksidehealthcare.com
CMS,https://brooksidehealthcare.net
CMS,https://brooksidenursingcenter.com
CMS,https://brooksiderehab.com
CMS,https://brooksiderehabandnursing.com
CMS,https://brookstonelc.com
CMS,https://brooksvillehealthcarecenter.com
CMS,https://brookview-hc.com
CMS,https://brookwoodhc.com
CMS,https://brothersofmercy.org
CMS,https://broussardal.com
CMS,https://brownfieldcare.com
CMS,https://brownmemorialhome.com
CMS,https://brownsburghcc.com
CMS,https://brownsvillechc.org
CMS,https://brownwoodrehab.com
CMS,https://brptlake.com
CMS,https://brrh.ernesthealth.com
CMS,https://brspecialty.org
CMS,https://bruceclc.cesltc.com
CMS,https://brunswickcove.com
CMS,https://brunswickmo.com
CMS,https://brunswickrehab.com
CMS,https://brushhillcc.com
CMS,https://brushycreekpa.com
CMS,https://brynmawr-village.com
CMS,https://brynwoodhrc.com
CMS,https://bscrh.com
CMS,https://bsfmedical.com
CMS,https://bsisnf.yolocare2.com
CMS,https://bswarlington.com
CMS,https://bswhealthsunnyvale.com
CMS,https://bszmedicalpa.com
CMS,https://buckeyecommunityservices.org
CMS,https://buckeyecr.com
CMS,https://buckeyehills.org
CMS,https://buckeyenwh.com
CMS,https://buckinghamhouston.com
CMS,https://buckinghampavilion.com
CMS,https://bucknercalderwoods.org
CMS,https://bucknerparkwayplace.org
CMS,https://bucknerwestminster.org
CMS,https://buenaparknc.com
CMS,https://buenavidanursing.com
CMS,https://buenavidarehab.com
CMS,https://buenavidasanantonio.com
CMS,https://buenavistacarecenter.net
CMS,https://buffalocrossingsrehab.com
CMS,https://bullhook.com
CMS,https://bumch.org
CMS,https://bums.upshurschools.com
CMS,https://burbankhc.com
CMS,https://burbankhealthcare.com
CMS,https://burgerrehab.com
CMS,https://burkehealthrehab.com
CMS,https://burlesonmanorcare.com
CMS,https://burleyphysicaltherapy.com
CMS,https://burlingtonconvalescent.com
CMS,https://burtonmc.com
CMS,https://bushnellmedicalclinic.com
CMS,https://bushwick-center.facilities.centershealthcare.org
CMS,https://business.bataviachamber.org
CMS,https://business.callawaychamber.net
CMS,https://business.chamber.owensboro.com
CMS,https://business.columbiacountychamber.com
CMS,https://business.ennis-chamber.com
CMS,https://business.headlandal.org
CMS,https://business.hopkinschamber.org
CMS,https://business.manateechamber.com
CMS,https://business.meridianchamber.org
CMS,https://business.mooresvillenc.org
CMS,https://business.nacogdoches.org
CMS,https://business.northbrookchamber.org
CMS,https://business.phillipscountychamber.org
CMS,https://business.plainfield-in.com
CMS,https://business.portsmouth.org
CMS,https://business.putnamcountychamber.com
CMS,https://business.rankinchamber.com
CMS,https://business.regionalchamber.com
CMS,https://business.rimcountrychamber.com
CMS,https://business.spichamber.com
CMS,https://business.sttammanychamber.org
CMS,https://business.tangipahoachamber.org
CMS,https://business.twinsburgchamber.com
CMS,https://business.weslaco.com
CMS,https://business.wwlcchamber.com
CMS,https://butlerhc.com
CMS,https://butte.networkofcare.org
CMS,https://buttenwc.org
CMS,https://butterfieldtrailvillage.org
CMS,https://buttonfamilypractice.com
CMS,https://bvchd.com
CMS,https://bvhc.sfhs.org
CMS,https://bvlh.org
CMS,https://bvrehab.com
CMS,https://byronhealth.org
CMS,https://bywoodeast.com
CMS,https://caaofcc.org
CMS,https://cabarrushealthrehab.com
CMS,https://cabellhuntington.org
CMS,https://cabincreekhealth.com
CMS,https://cabothr.com
CMS,https://cabshealthnetwork.org
CMS,https://cacost.org
CMS,https://cahabamedicalcare.com
CMS,https://cahcinc.com
CMS,https://cahealthnet.org
CMS,https://caiinc.org
CMS,https://cainclinic.com
CMS,https://cajunaaa.org
CMS,https://cal-city-clinic.edan.io
CMS,https://caldwellcountyhealth.com
CMS,https://caldwellmedical.com
CMS,https://caldwellop.org
CMS,https://calhounconvalescentcenter.com
CMS,https://calhounhcc.com
CMS,https://calhounrehabcenter.com
CMS,https://californiakidneyspecialists.com
CMS,https://californianch.com
CMS,https://californiapostacute.com
CMS,https://californiaterracehc.com
CMS,https://calirehab.com
CMS,https://callen-lorde.org
CMS,https://callongtermcarecompare.org
CMS,https://calmed.tricare.mil
CMS,https://calrehabhc.com
CMS,https://calusarecovery.com
CMS,https://calvadocare.com
CMS,https://calvaryhomes.org
CMS,https://calvertccc.com
CMS,https://calvertcountynursingcenter.org
CMS,https://camanoislandhealth.com
CMS,https://camarillohealthcare.com
CMS,https://cambridgehealthcenter.com
CMS,https://cambridgem.com
CMS,https://cambridgenursingky.com
CMS,https://cambridgepac.com
CMS,https://cambridgeplacesv.com
CMS,https://cambridgerehab.com
CMS,https://cambridgerehabhc.com
CMS,https://camdenhc.com
CMS,https://camdenpostacute.com
CMS,https://camelbackrehab.com
CMS,https://camelliagardenscnr.com
CMS,https://cameronnursingcenter.com
CMS,https://camillushealth.org
CMS,https://caminohealthcare.net
CMS,https://caminohealthcenter.org
CMS,https://candlewoodvalley.com
CMS,https://cannon.tricare.mil
CMS,https://cannoncountytn.gov
CMS,https://cantata.org
CMS,https://canterbury-rehab.com
CMS,https://canterburyonthelake.com
CMS,https://canterburyrehab.com
CMS,https://canterburywoods.org
CMS,https://cantexcc.com
CMS,https://cantonelementary.cantonschools.net
CMS,https://canyoncreekpostacute.com
CMS,https://canyonlandscarecenter.com
CMS,https://canyonlandschc.org
CMS,https://canyonspringspostacute.com
CMS,https://canyonvistapostacute.com
CMS,https://capechamber.chambermaster.com
CMS,https://capecod.royalhealthgroup.com
CMS,https://capecodrehabhc.com
CMS,https://capeheritagerehab.com
CMS,https://caperegency.com
CMS,https://capitalcityghc.com
CMS,https://capitalhealth.com
CMS,https://capitalhealthcarenetwork.com
CMS,https://capitalpostacute.com
CMS,https://capitolcityrnc.com
CMS,https://capitolhillcares.com
CMS,https://capitolhouseofbr.com
CMS,https://capitolphysicaltherapy.com
CMS,https://capitolrehabhc.com
CMS,https://capnc.org
CMS,https://capostacute.com
CMS,https://caprirehabilitation.com
CMS,https://caprocknursing.com
CMS,https://capstonecenterrehab.com
CMS,https://capwn.org
CMS,https://caracole.org
CMS,https://caradayhealth.com
CMS,https://carbondalenursing.com
CMS,https://carbonmedicalservice.com
CMS,https://carcinc.org
CMS,https://cardinalhayeshome.org
CMS,https://cardinalritterseniorservices.org
CMS,https://cardinalservices.org
CMS,https://cardon.us
CMS,https://care-age.com
CMS,https://careagehills.com
CMS,https://careageindiana.com
CMS,https://careandrehab.com
CMS,https://careathomeny.org
CMS,https://careavailability.com
CMS,https://carecenterofdequincy.easyapply.co
CMS,https://carecoinfo.com
CMS,https://carecorehealth.com
CMS,https://caredialysiscenter.com
CMS,https://careforthehomeless.org
CMS,https://carelistings.com
CMS,https://caremanornursingandrehab.com
CMS,https://carenursingcenter.com
CMS,https://carepavilionhealth.com
CMS,https://careresource.org
CMS,https://caresouth.org
CMS,https://carestlhealth.org
CMS,https://careteamplus.org
CMS,https://caretelbrighton.com
CMS,https://caretelstjoseph.com
CMS,https://carevide.org
CMS,https://careworks.org
CMS,https://carf.org
CMS,https://caribourehab.com
CMS,https://carillonnursing.com
CMS,https://caringhealth.org
CMS,https://caringhealthcarenetwork.com
CMS,https://caringheartmwdialysis.com
CMS,https://caringheartrnc.com
CMS,https://carlinspeech.com
CMS,https://carlinsprings.com
CMS,https://carlsbadbytheseacc.org
CMS,https://carltonshoreshrc.com
CMS,https://carlylehcc.com
CMS,https://carlyleplace.org
CMS,https://carmel.therestoracy.com
CMS,https://carmelhillscarecenter.com
CMS,https://carmelhillswellness.com
CMS,https://carmelhosp.org
CMS,https://carmelmountain.net
CMS,https://carmen.health
CMS,https://carmimanor.com
CMS,https://carnegieparkpa.com
CMS,https://carnegiepostacute.com
CMS,https://carolinameadows.org
CMS,https://carolinamedassoc.com
CMS,https://carolinapediatric.us
CMS,https://carolinarehabcenterburke.com
CMS,https://carolinarehabcumberland.com
CMS,https://carolinariverscare.com
CMS,https://carolinerehab.com
CMS,https://carondeletvillage.org
CMS,https://carriagehillbethesda.com
CMS,https://carriagerehab.com
CMS,https://carringtonnd.com
CMS,https://carrollrehab.com
CMS,https://carrolltonhealth.com
CMS,https://carrollwoodcarecenter.com
CMS,https://carroltonhealth.com
CMS,https://cars-services.org
CMS,https://carsonnursingandrehab.com
CMS,https://carsonvalleyhealth.org
CMS,https://carterrehabcenter.com
CMS,https://carthagehealthandrehab.com
CMS,https://carverlivingcenter.com
CMS,https://casa-angelica.com
CMS,https://casaarenahc.com
CMS,https://casabonitahc.com
CMS,https://casacoloma.com
CMS,https://casadelascampanas.com
CMS,https://casadevidaseniorliving.com
CMS,https://casahobart.com
CMS,https://casamariahc.com
CMS,https://casamorarehabilitationandextendedcare.com
CMS,https://casasadobesrehab.com
CMS,https://cascadedirectprimarycare.com
CMS,https://cascadefamilypractice.com
CMS,https://cascadelifealliance.org
CMS,https://cascades-verdae.com
CMS,https://cascadesatgalveston.com
CMS,https://cascadesatjacinto.com
CMS,https://cascadesatportarthur.com
CMS,https://cascadesatseniorrehab.com
CMS,https://cascadeshealthcare.com
CMS,https://cascadeterracepa.com
CMS,https://cascadiaoflewiston.com
CMS,https://case.edu
CMS,https://caseyspond.org
CMS,https://caseyvillenrc.com
CMS,https://casitascarecenter.com
CMS,https://caspermountainhc.com
CMS,https://casscountymedicalcarefacility.org
CMS,https://casselmanhc.com
CMS,https://cassenacare.com
CMS,https://cassenakidneycare.com
CMS,https://cassfamilyclinic.org
CMS,https://castlepinesatlufkin.com
CMS,https://castlerockmedicalcenter.org
CMS,https://catalinacare.com
CMS,https://catalystwalkinclinic.com
CMS,https://catawbacountync.gov
CMS,https://cateredmanor.com
CMS,https://cathedralhealthcarecenter.com
CMS,https://catherineshc.org
CMS,https://catholiccarecenter.org
CMS,https://catholiceldercare.org
CMS,https://catholicmc.com
CMS,https://catonpark.com
CMS,https://cayuganursingandrehab.org
CMS,https://cbcidd.com
CMS,https://cbhclarksville.com
CMS,https://cbhealthwv.org
CMS,https://cbhphilly.org
CMS,https://cbhs.portlandschools.org
CMS,https://cbhsjc.org
CMS,https://cbnrc.com
CMS,https://cbvillage.org
CMS,https://cc-md.org
CMS,https://cc-si.org
CMS,https://cca.bigspringchamber.com
CMS,https://ccannapolis.com
CMS,https://ccarbors.com
CMS,https://ccatcourthouse.com
CMS,https://ccatgreenacres.com
CMS,https://ccbayshore.com
CMS,https://ccbes.buncombeschools.org
CMS,https://ccbeylea.com
CMS,https://ccbrackenville.com
CMS,https://ccbrakeleypark.com
CMS,https://ccburlingtonwoods.com
CMS,https://cccedargrove.com
CMS,https://ccchclinic.com
CMS,https://ccchestnuthill.com
CMS,https://cccofbolivar.com
CMS,https://cccofmedina.com
CMS,https://cccofunicoicounty.com
CMS,https://cccorsicahills.com
CMS,https://ccdawnview.com
CMS,https://ccfairlawnedge.com
CMS,https://ccfoxhill.com
CMS,https://ccgreenknoll.com
CMS,https://ccgrotonregency.com
CMS,https://cchagerstown.com
CMS,https://cchamiltonplaza.com
CMS,https://ccharborage.com
CMS,https://ccharringtoncourt.com
CMS,https://ccharstonhall.com
CMS,https://cchc-online.org
CMS,https://cchccenters.org
CMS,https://cchci.org
CMS,https://ccholidaycity.com
CMS,https://cchsseniorliving.org
CMS,https://cchyattsville.com
CMS,https://ccicharlestown.org
CMS,https://ccinglemoor.com
CMS,https://cciweb.org
CMS,https://cckressonview.com
CMS,https://cclaplata.com
CMS,https://cclaurelton.com
CMS,https://cclehigh.com
CMS,https://ccmarcella.com
CMS,https://ccmercerville.com
CMS,https://ccmeriden.com
CMS,https://ccmhealthmn.com
CMS,https://ccmiddlebury.com
CMS,https://ccmilfordmanor.com
CMS,https://ccmonmouth.com
CMS,https://ccms.buncombeschools.org
CMS,https://ccmultimed.com
CMS,https://ccoceangrove.com
CMS,https://cconpalm.com
CMS,https://ccorangepark.com
CMS,https://ccparkplace.com
CMS,https://ccphillipsburg.com
CMS,https://ccplainfield.com
CMS,https://ccprimarycare1.wixsite.com
CMS,https://ccprospectheights.com
CMS,https://ccregent.com
CMS,https://ccrh.ernesthealth.com
CMS,https://ccsevernapark.com
CMS,https://ccshorrockgardens.com
CMS,https://ccshrewsbury.com
CMS,https://ccsilverlake.com
CMS,https://ccspringbrook.com
CMS,https://ccstvincents.com
CMS,https://ccsummitridge.com
CMS,https://ccthealth.org
CMS,https://cctwincities.org
CMS,https://ccvoorhees.com
CMS,https://ccwaynehills.com
CMS,https://ccwestcaldwell.com
CMS,https://ccwestfield.com
CMS,https://ccwheaton.com
CMS,https://ccwhiting.com
CMS,https://ccwoodlands.com
CMS,https://cd.nmsu.edu
CMS,https://cdhs.colorado.gov
CMS,https://cdjh.rpsb.us
CMS,https://cdnsm5-ss2.sharpschool.com
CMS,https://cdphe.colorado.gov
CMS,https://cdphealth.com
CMS,https://cdtnyvt.org
CMS,https://cedar-hc.com
CMS,https://cedarbrookrehabilitation.com
CMS,https://cedarcreeknursing.com
CMS,https://cedarcrestcarecenter.com
CMS,https://cedarcrestcenter.org
CMS,https://cedarcrestlife.com
CMS,https://cedarcrestpostacute.com
CMS,https://cedarcrossingscare.com
CMS,https://cedargrove-rtc.com
CMS,https://cedargrovenursing.com
CMS,https://cedarhaven.healthcare
CMS,https://cedarhealthandrehab.com
CMS,https://cedarhill-center.com
CMS,https://cedarhillhrc.com
CMS,https://cedarhillsbehavioral.com
CMS,https://cedarhillscnr.com
CMS,https://cedarhollowrehab.com
CMS,https://cedarlake.org
CMS,https://cedarmanorcare.com
CMS,https://cedaroaksretirementcenter.com
CMS,https://cedarpointehealth.com
CMS,https://cedarrapidsne.com
CMS,https://cedarridgehcc.com
CMS,https://cedarridgewdm.com
CMS,https://cedarsoflebanonhc.com
CMS,https://cedarviewhc.com
CMS,https://cedarviewrehab.com
CMS,https://cedarwoodpostacute.com
CMS,https://celebrateseniorliving.org
CMS,https://celebrationfc.com
CMS,https://celinamanor.com
CMS,https://cempa.org
CMS,https://centennialhcc.com
CMS,https://centennialmedgrp.com
CMS,https://centennialpa.com
CMS,https://center84.com
CMS,https://centerforfamilyhealth.org
CMS,https://centerforlifemanagement.org
CMS,https://centerforlivinghc.com
CMS,https://centerforpediatrictherapies.com
CMS,https://centerhomehe.com
CMS,https://centeroffamilylove.org
CMS,https://centerofthekingdom.com
CMS,https://centerplacehealth.org
CMS,https://centerpointofbr.com
CMS,https://centers.aspirehealthgrp.com
CMS,https://centers.consulatehc.com
CMS,https://centers.nspirehc.com
CMS,https://centershealthcare.com
CMS,https://centerstonehealthservices.org
CMS,https://centerstreetclinic.org
CMS,https://centervilleclinics.com
CMS,https://centervillepa.com
CMS,https://centervillerehab.com
CMS,https://centinelanursingwest.com
CMS,https://centralcityconcern.org
CMS,https://centralcityhealth.org
CMS,https://centralcontinuingcare.com
CMS,https://centralfloridapeds.com
CMS,https://centralgardenspa.com
CMS,https://centralhealthcarelecenter.com
CMS,https://centraliamochamber.com
CMS,https://centralillinoisurgentcare.com
CMS,https://centralnursing.com
CMS,https://centralozarks.org
CMS,https://centralparkrehab.com
CMS,https://centraltexasnursing.com
CMS,https://centralusa.salvationarmy.org
CMS,https://centrepointerehab.com
CMS,https://centromedsa.com
CMS,https://century.sd25.us
CMS,https://cerespostacute.com
CMS,https://cerritosvista.com
CMS,https://ces.covingtoncountyschools.org
CMS,https://ces.scsb.org
CMS,https://cfdsny.org
CMS,https://cfhc.org
CMS,https://cfkc.org
CMS,https://cfpmd.net
CMS,https://cfsseniorliving.org
CMS,https://cftrg.com
CMS,https://cg-idd.com
CMS,https://cgfm.com
CMS,https://cghcnola.org
CMS,https://cgphysicaltherapy.com
CMS,https://ch-dc.org
CMS,https://chadhamedical.com
CMS,https://chadwickrehabcenter.com
CMS,https://chamber.perrycountytn.com
CMS,https://chambershealthandrehab.com
CMS,https://championswillowbrook.com
CMS,https://chandlercreek.com
CMS,https://chandlerhallhealthservices.org
CMS,https://chandlerpostacute.com
CMS,https://changeinc.org
CMS,https://channelislandspa.com
CMS,https://chapa-de.org
CMS,https://chapelhillnrc.com
CMS,https://chapelridgehr.com
CMS,https://chapmanhealthcare.net
CMS,https://charhall.org
CMS,https://charlenemanor.org
CMS,https://charlesdrew.com
CMS,https://charlesevanscenter.org
CMS,https://charlestonhcgroup.com
CMS,https://charlottebayrehab.com
CMS,https://charlottecommunityhealth.org
CMS,https://charlottehealthrehab.com
CMS,https://charlottesvillerehab.com
CMS,https://charminglakes.com
CMS,https://charterhouse-mayo.org
CMS,https://chas.org
CMS,https://chasebrexton.org
CMS,https://chasecenterlogansport.azurewebsites.net
CMS,https://chateau.jpschools.org
CMS,https://chateaucenter.com
CMS,https://chateaudville.com
CMS,https://chateaustjames.com
CMS,https://chathamhillssubacute.com
CMS,https://chatsworthhc.com
CMS,https://chatsworthparkhealth.com
CMS,https://chatterboxspeechtherapy.com
CMS,https://chatugefp.org
CMS,https://chautauquaguesthomes.com
CMS,https://chautauquahr.com
CMS,https://chautauquasprings.org
CMS,https://chc-ut.org
CMS,https://chc.la
CMS,https://chc.sfhs.org
CMS,https://chcb.net
CMS,https://chcclynden.org
CMS,https://chcfhc.org
CMS,https://chciokc.org
CMS,https://chcm.us
CMS,https://chcnorthcountry.org
CMS,https://chcnrv.org
CMS,https://chcofcapecod.org
CMS,https://chcrichmond.org
CMS,https://chcsek.org
CMS,https://chcsga.org
CMS,https://chcsunnyridge.com
CMS,https://chcwk.mymedaccess.com
CMS,https://chdi4health.org
CMS,https://chehalempa.com
CMS,https://chelseagardensnh.com
CMS,https://chelseahc.com
CMS,https://chelseajewish.org
CMS,https://chelsearetirement.mybrio.org
CMS,https://chelseashomehealthcare.com
CMS,https://cheney.cttech.org
CMS,https://cherokeecommcare.com
CMS,https://cherokeefamilyhealth.com
CMS,https://cherokeeparkrehab.com
CMS,https://cherokeerosenursing.com
CMS,https://cherrybrookhcc.org
CMS,https://cherrydalehealthrehab.com
CMS,https://cherryhealth.org
CMS,https://cherryhillnursing.com
CMS,https://cherrypointbay.com
CMS,https://cherryrx.com
CMS,https://chesaningnc.com
CMS,https://chesapeakehc.org
CMS,https://chesapeakehealthrehab.com
CMS,https://chesapeakeshoresnc.com
CMS,https://cheshirehome.org
CMS,https://chesi.org
CMS,https://chespenn.org
CMS,https://chestertonmanorhealthcare.com
CMS,https://chestertonpt.com
CMS,https://chestertownrehab.com
CMS,https://chestnuthillhc.com
CMS,https://chestnutrpa.com
CMS,https://chestnutwoodsrehab.com
CMS,https://chetn.org
CMS,https://chfpr.org
CMS,https://chhcok.com
CMS,https://chicagobehavioralhospital.com
CMS,https://chicagofamilyhealth.org
CMS,https://chicagoridgenursing.com
CMS,https://chickasawnationhealth.net
CMS,https://chifriendship.com
CMS,https://chihealthcenter.com
CMS,https://childcenterny.org
CMS,https://childhabcenter.com
CMS,https://childrens.uvahealth.com
CMS,https://childrenssquare.org
CMS,https://chiloquin.com
CMS,https://chimercyhealth.com
CMS,https://chinovalleyhc.com
CMS,https://chippewamanor.com
CMS,https://chisjh.org
CMS,https://chisouthfl.org
CMS,https://chmccook.org
CMS,https://chn-indiana.org
CMS,https://chnursingandrehab.com
CMS,https://choctawrc.com
CMS,https://choosechatt.com
CMS,https://choosekeswick.org
CMS,https://chooselouisianahealth.com
CMS,https://chowanrivercare.com
CMS,https://chowchillafamilyclinic.com
CMS,https://chowchillahealth.specialdistrict.org
CMS,https://chpberkshires.org
CMS,https://chphealthmt.org
CMS,https://chpofil.org
CMS,https://chrcaustin.com
CMS,https://chrisoma.com
CMS,https://christcarepediatrics.com
CMS,https://christhealthcenter.org
CMS,https://christhouse.org
CMS,https://christiancarerc.org
CMS,https://christiancaretexas.org
CMS,https://christiancity.org
CMS,https://christianfamilymedicine.org
CMS,https://christianhorizonsliving.org
CMS,https://christianopportunity.org
CMS,https://christianvillages.org
CMS,https://christusfoundationshreveportbossier.org
CMS,https://christushealth-production-cd.azurewebsites.net
CMS,https://christwoodrc.com
CMS,https://chs.covingtoncountyschools.org
CMS,https://chs.scsb.org
CMS,https://chshartford.org
CMS,https://chsiclinics.org
CMS,https://chsofwi.org
CMS,https://chssd.org
CMS,https://chuknduluemd.com
CMS,https://churchhillhcp.com
CMS,https://chwpcares.org
CMS,https://ci.hemingford.ne.us
CMS,https://cibolocreekhealth.org
CMS,https://cimarronparknursingandrehab.com
CMS,https://cimarronpointe.us
CMS,https://cimgpeds.com
CMS,https://cincinnaticares.org
CMS,https://circleofcareinsalem.com
CMS,https://circlethecity.org
CMS,https://circlevillepa.com
CMS,https://cisconursing.com
CMS,https://cisspr.org
CMS,https://citadelcarecenters.com
CMS,https://citadelhealthcare.com
CMS,https://citadelpostacute.com
CMS,https://citizenscarefrederick.com
CMS,https://citizensmedicalcenter.org
CMS,https://citizensmemorial.com
CMS,https://citrus.floridahealth.gov
CMS,https://citrushealth.org
CMS,https://citrusheightspa.com
CMS,https://citrushrc.com
CMS,https://citrusnursing.com
CMS,https://citycreekpostacute.com
CMS,https://citycreeksacramento.com
CMS,https://cityoffarmercity.org
CMS,https://cityofhoopeston.com
CMS,https://cityofnokomis.com
CMS,https://cityofstockdale.com
CMS,https://cityparkhealth.com
CMS,https://cityviewpa.com
CMS,https://civiccenterhealthandrehab.com
CMS,https://cjmc.us
CMS,https://ckcdocs.com
CMS,https://ckdocs.com
CMS,https://clairpt.com
CMS,https://clappsasheboro.com
CMS,https://clarabaldwinstocker.com
CMS,https://claremontcarecenter.com
CMS,https://claremontmanorrehab.org
CMS,https://claremontnursing.com
CMS,https://claremoreokla.com
CMS,https://claridgehc.com
CMS,https://claridgehouse.care
CMS,https://clarionwellness.com
CMS,https://clarissacarecenter.org
CMS,https://clarity-healthcare.org
CMS,https://clarityupstate.org
CMS,https://clarkdd.org
CMS,https://clarkfamilypracticellc.com
CMS,https://clarkfieldcarecenter.com
CMS,https://clarkretirement.org
CMS,https://clarksoncommunitycarecenter.wordpress.com
CMS,https://clarksvilleskillednursing.com
CMS,https://classicrehabilitation.com
CMS,https://clayberg.org
CMS,https://claypoolhillpt.net
CMS,https://claytonrehabcenter.com
CMS,https://clearcreeknursing.com
CMS,https://clearstreamhc.com
CMS,https://clearviewhome.org
CMS,https://clearwatercenter.com
CMS,https://clearwaterhealthcare.com
CMS,https://clementineprograms.com
CMS,https://clermonthealthandrehab.com
CMS,https://clermontpark.org
CMS,https://clevelandfamilyhealth.com
CMS,https://clevelandhealthcarecenter.com
CMS,https://clevelandnursingandrehab.com
CMS,https://cliffsiderehab.com
CMS,https://clinicalrenal.com
CMS,https://clinicamexico.com
CMS,https://clinicaromero.com
CMS,https://clinicas.org
CMS,https://clinicasierravista.org
CMS,https://clinics.bentoncountyor.gov
CMS,https://clinisync.org
CMS,https://clinton-place.com
CMS,https://clintoncountymedicalcenter.com
CMS,https://clivedenhealth.com
CMS,https://clovelakes.com
CMS,https://cloverdalehealthcare.com
CMS,https://cloverleafhealthcare.com
CMS,https://clovermeadowsrehab.com
CMS,https://clovernookhc.com
CMS,https://cloverrehab.com
CMS,https://clvillage.org
CMS,https://cm.embdc.org
CMS,https://cmhc.douglascounty-ne.gov
CMS,https://cmhdover.org
CMS,https://cmhok.com
CMS,https://cms.covingtoncountyschools.org
CMS,https://cmsnf.com
CMS,https://cmwcusa.org
CMS,https://cnrma.cnic.navy.mil
CMS,https://co.cheshire.nh.us
CMS,https://co.knox.il.us
CMS,https://coah.net
CMS,https://coalcreekpa.com
CMS,https://coalton.rand.k12.wv.us
CMS,https://coastalchs.org
CMS,https://coastalfamilyhealth.org
CMS,https://coastalimaging.net
CMS,https://coastalmedicalrhc.com
CMS,https://coastalrehabcenter.com
CMS,https://coastalspeechinc.com
CMS,https://coastaltherapeutics.net
CMS,https://coastalviewhcc.com
CMS,https://cobalthealthcare.com
CMS,https://cobbcsb.com
CMS,https://cognitivecenter.us
CMS,https://cokatoseniorcare.com
CMS,https://colemancountymc.com
CMS,https://colemanfoundation.org
CMS,https://colfaxhealthandrehabilitationofcascadia.com
CMS,https://collegeharbor.com
CMS,https://collegeoakhealth.com
CMS,https://collegeparkrehab.com
CMS,https://collegeparkrehabc.com
CMS,https://collegestreethealthcarecenter.com
CMS,https://collegevistacare.com
CMS,https://colliervillenursingandrehab.com
CMS,https://collincountyadultclinic.org
CMS,https://collingswoodrehab.com
CMS,https://collinssquare.com
CMS,https://collinwoodcarecenter.com
CMS,https://colonelglennhr.com
CMS,https://colonialassistedliving.com
CMS,https://colonialcarerehab.com
CMS,https://colonialgardenshc.com
CMS,https://colonialheightshc.com
CMS,https://colonialhr.com
CMS,https://colonialhs.com
CMS,https://coloniallr.com
CMS,https://colonialmanor-amana.com
CMS,https://colonialmanor-randolph.com
CMS,https://colonialmanormn.com
CMS,https://colonialmanorrayville.org
CMS,https://colonialmanors.com
CMS,https://colonialnh.com
CMS,https://colonialnr.com
CMS,https://colonialnursingandrehab.com
CMS,https://colonialnursingky.com
CMS,https://colonialoaksnursinghome.com
CMS,https://colonialparkmanor.com
CMS,https://colonialpoplin.com
CMS,https://colonialvillage.com
CMS,https://colonialvistapa.com
CMS,https://colonyrehab.com
CMS,https://columbialutheranhome.org
CMS,https://columbianahealthandrehab.com
CMS,https://columbianephrology.com
CMS,https://columbiapostacute.com
CMS,https://columbinemanorcarecenter.com
CMS,https://columbus.tricare.mil
CMS,https://columbusalzheimercarecenter.com
CMS,https://columbusbehavioral.com
CMS,https://columbuscolonyelderlycare.org
CMS,https://columbuslowndesdevelopment.chambermaster.com
CMS,https://columbusmedicalrehab.com
CMS,https://columbusspecialtyhospital.com
CMS,https://columbusspeech.org
CMS,https://colusamedcenter.com
CMS,https://colusamedicalcenter.org
CMS,https://comalt.org
CMS,https://comconnections.org
CMS,https://cometowalnutcreekohio.com
CMS,https://comhar.org
CMS,https://commcare.com
CMS,https://commonwealth-care.com
CMS,https://commonwealthfam.com
CMS,https://commonwealthvillage.com
CMS,https://communicarehealth.com
CMS,https://communicareole.org
CMS,https://communicaresa.org
CMS,https://communihealth.org
CMS,https://community-care-center.com
CMS,https://community-place.org
CMS,https://communitybridges.org
CMS,https://communitycareandrehab.com
CMS,https://communitycarecenter.net
CMS,https://communitycarecntr.com
CMS,https://communitycarectr.com
CMS,https://communitycarehealthandrehab.com
CMS,https://communitycaremidwest.com
CMS,https://communitycaretx.org
CMS,https://communitycouncilofidaho.org
CMS,https://communityfirsthc.org
CMS,https://communityhealthcenter.net
CMS,https://communityhealthconnection.org
CMS,https://communityhealthdayton.org
CMS,https://communityhealthinterventions.org
CMS,https://communityhealthtx.com
CMS,https://communityhospitalokc.com
CMS,https://communitymedicineinc.org
CMS,https://communitymemorialhc.com
CMS,https://communitymultiservicesinc.us
CMS,https://communitynv.com
CMS,https://communityrehab.net
CMS,https://commwellhealth.org
CMS,https://compass-health.com
CMS,https://compasshcr.com
CMS,https://compassinterventioncenter.net
CMS,https://compassionhealthcare.org
CMS,https://compassionpediatricsofpikeville.com
CMS,https://compassionpediatricsofwayland.com
CMS,https://compassionrecoverycenters.com
CMS,https://compasspostacute.com
CMS,https://completecareatmadison.com
CMS,https://completecarebarnhill.com
CMS,https://completecareberkshire.com
CMS,https://completecarebrick.com
CMS,https://completecareclark.com
CMS,https://completecareglendale.com
CMS,https://completecareheritage.com
CMS,https://completecarehillside.com
CMS,https://completecarekhn.com
CMS,https://completecarekhs.com
CMS,https://completecarenj.org
CMS,https://completecareoakridge.com
CMS,https://completecarewall.com
CMS,https://completehealthcareservices.com
CMS,https://comprehab.net
CMS,https://comprehensivehandandpt.com
CMS,https://comprehensiveprimarycare.com
CMS,https://comprehensiverehabinc.com
CMS,https://comptherapy.com
CMS,https://concertocare.com
CMS,https://conchohealthandrehab.com
CMS,https://conciergecare.com
CMS,https://conciergehomecare.com
CMS,https://concord-care.net
CMS,https://concord-center.facilities.centershealthcare.org
CMS,https://concordhealthsystems.com
CMS,https://concordialm.org
CMS,https://concordiamanor.com
CMS,https://concordiaseniorliving.com
CMS,https://concordpa.com
CMS,https://concordvillagesnr.com
CMS,https://congregationalhome.org
CMS,https://connecthealthva.org
CMS,https://connector.hrsa.gov
CMS,https://conroehealthcarecenter.com
CMS,https://consulatehealthcare.com
CMS,https://contentnea.org
CMS,https://continentalcare.yolopebble.com
CMS,https://continentalmanornrc.com
CMS,https://continuinghc.com
CMS,https://convenientcare.co
CMS,https://convenientmd.com
CMS,https://conwaylakesrehab.com
CMS,https://cookwillow.com
CMS,https://coosfamilyhealth.org
CMS,https://copleystoughton.com
CMS,https://coplinhealth.com
CMS,https://copperascovenursing.com
CMS,https://copperashollownursing.com
CMS,https://copperfieldhealthcare.com
CMS,https://copperhillsyouthcenter.com
CMS,https://copperridgecarecenter.com
CMS,https://copperridgecenter.com
CMS,https://copperridgehealth.com
CMS,https://coppersprings.com
CMS,https://coquinacenter.com
CMS,https://coralbayhc.com
CMS,https://coraldesertrehabilitation.com
CMS,https://coralharborrehab.com
CMS,https://coralreefsubacute.com
CMS,https://coralrehabofarlington.com
CMS,https://coralrehabofwaco.com
CMS,https://coralshoresbehavioral.com
CMS,https://corbin.continuecare.org
CMS,https://corcoranhospital.specialdistrict.org
CMS,https://cordovahealthandrehab.com
CMS,https://corefugeeconnect.org
CMS,https://corflv.com
CMS,https://corinthrehabsuites.com
CMS,https://cornerstone-pt.net
CMS,https://cornerstonecare.com
CMS,https://cornerstonecarecenter.com
CMS,https://cornerstoneccmc.com
CMS,https://cornerstonefamilyhealthcare.org
CMS,https://cornerstonegardensllp.com
CMS,https://cornerstonerhc.com
CMS,https://cornerstonetbc.com
CMS,https://cornheritage.org
CMS,https://corning-center.facilities.centershealthcare.org
CMS,https://corningtherapyandliving.com
CMS,https://cornwallmanor.org
CMS,https://coronadocare.com
CMS,https://coronadocarecenter.com
CMS,https://coronahc.com
CMS,https://coronahealthcenter.com
CMS,https://corpsanos.com
CMS,https://corpuschristi.tricare.mil
CMS,https://corriganltc.com
CMS,https://corrymanor.com
CMS,https://corterrahealth.com
CMS,https://cortlandparkrehab.com
CMS,https://cortlandthealthcare.com
CMS,https://corvilla.org
CMS,https://coryellhealth.org
CMS,https://cossma.org
CMS,https://costadelsolhc.com
CMS,https://cottagecrestpostacute.com
CMS,https://cottagegrovepa.com
CMS,https://cottagegroveplace.com
CMS,https://cottageltc.com
CMS,https://cottagesatgardengrove.org
CMS,https://cottageslsl.com
CMS,https://cottinghamretirementcommunity.com
CMS,https://cottonwoodcanyonhc.com
CMS,https://cottonwoodcare.com
CMS,https://cottonwoodnursing.com
CMS,https://cotuit.royalhealthgroup.com
CMS,https://coulterpt.com
CMS,https://countryarchcarecenter.com
CMS,https://countryclubrehab.com
CMS,https://countrycourt.com
CMS,https://countryhillspa.com
CMS,https://countrylaneghc.com
CMS,https://countrymanorlamesa.com
CMS,https://countrymeadownwh.com
CMS,https://countryoakscarecenter.us
CMS,https://countryplaceseniorliving.net
CMS,https://countrysidecenterfrn.com
CMS,https://countrysideestateswarner.com
CMS,https://countrysidemanorhc.com
CMS,https://countrysidemanorofbristol.com
CMS,https://countrysidenursingandrehab.com
CMS,https://countrysidetherapy.com
CMS,https://countryviewnr.com
CMS,https://countryviewtx.com
CMS,https://countryvillagetx.com
CMS,https://courthousemanor.com
CMS,https://courtlandrehab.com
CMS,https://courtyardcare.com
CMS,https://courtyardhcc.net
CMS,https://courtyardrehab.com
CMS,https://courtyardsatpasadena.com
CMS,https://courtyardscc.com
CMS,https://courtyardsclc.cesltc.com
CMS,https://covenantacademies.org
CMS,https://covenantpostacute.com
CMS,https://covenantwoods.com
CMS,https://coventrycourthealth.com
CMS,https://covinarehab.com
CMS,https://covingtonhealth.com
CMS,https://covpeds.com
CMS,https://cowdenmedical.com
CMS,https://cowleyhealthcenter.org
CMS,https://cowrymedicalgroup.com
CMS,https://cpa.confluenceacademy.org
CMS,https://cpfamilynetwork.org
CMS,https://cpsnf.com
CMS,https://cpte.net
CMS,https://cpwestchester.org
CMS,https://cranfordparkrhcc.com
CMS,https://crawford-cc.com
CMS,https://crbhky.org
CMS,https://creekside-group-home.hub.biz
CMS,https://creeksidecenter.com
CMS,https://creeksidecenterrehab.com
CMS,https://creeksidehealthandrehabofcascadia.com
CMS,https://creeksidehealthcarecenter.com
CMS,https://creeksidepostacute.com
CMS,https://creeksiderehabilitation.com
CMS,https://creeksideskillednursing.com
CMS,https://creeksideterracerehab.com
CMS,https://creeksidetransitional.com
CMS,https://creeksidevillagecare.com
CMS,https://creekviewhealthandrehab.com
CMS,https://creekwoodnr.com
CMS,https://crenshawnursing.com
CMS,https://crescentcareelgin.com
CMS,https://crescentchc.org
CMS,https://crescentcitieshc.com
CMS,https://crescentmanor.com
CMS,https://crescentnursingrehab.com
CMS,https://crescentrehabilitation.com
CMS,https://cresthavenhc.com
CMS,https://crestlinenwh.com
CMS,https://crestmontnorth.com
CMS,https://crestmoorhrc.com
CMS,https://crestpointerehab.com
CMS,https://crestviewcares.org
CMS,https://crestviewhr.com
CMS,https://crestviewhwc.com
CMS,https://crestviewnrc.com
CMS,https://crestviewseneca.com
CMS,https://crestwoodbehavioralhealth.com
CMS,https://crestwoodcare.net
CMS,https://crestwoodhealth.com
CMS,https://crestwoodmanoronline.org
CMS,https://crestwoodrehab.com
CMS,https://creswellpa.com
CMS,https://crgtherapy.com
CMS,https://crh.arizona.edu
CMS,https://crimsonheights.com
CMS,https://crmcmed.org
CMS,https://crnwashingtontownship.com
CMS,https://croatanridge.com
CMS,https://crockettmedicalclinic.com
CMS,https://crockettmidcoasthospital.com
CMS,https://croftonclinic.com
CMS,https://crosbytonclinichospital.com
CMS,https://crosshm.com
CMS,https://crossroadcares.org
CMS,https://crossroadmc.org
CMS,https://crossroadscarecenter.com
CMS,https://crossroadsfamilycare.com
CMS,https://crossroadshealth.org
CMS,https://crossroadsnursingandrehab.com
CMS,https://crossroadsphysicaltherapy.com
CMS,https://crosstimbersinc.org
CMS,https://crosstrails.us
CMS,https://crossvillehealthandrehab.com
CMS,https://crowleykids.com
CMS,https://crowndialysis.net
CMS,https://crownehealthcare.com
CMS,https://crownoftexas.org
CMS,https://crownparkrehab.com
CMS,https://crownpointhealth.com
CMS,https://crownrehabhc.com
CMS,https://crystalcovecc.com
CMS,https://crystalhrc.com
CMS,https://crystallakehealth.com
CMS,https://crystallakerehab.com
CMS,https://crystalridgecarecenter.com
CMS,https://crystalriverhealthandrehab.com
CMS,https://csfapr.com
CMS,https://csgonline.org
CMS,https://csjinitiatives.org
CMS,https://csmpr.org
CMS,https://cstamnrc.com
CMS,https://csvs.org
CMS,https://cthealthcare.net
CMS,https://ctkis.buncombeschools.org
CMS,https://ctv.veeva.com
CMS,https://culpeperhealthrehab.com
CMS,https://culvercitycompletecare.com
CMS,https://culverwest.com
CMS,https://cumberland-pt.com
CMS,https://cumberlandfamilymedical.com
CMS,https://cumberlandhallhospital.com
CMS,https://cumberlandhealth.org
CMS,https://cumberlandnursingky.com
CMS,https://cumbernauldvillage.com
CMS,https://curamn.org
CMS,https://curryseniorcenter.org
CMS,https://curryvillageofcascadia.com
CMS,https://custom-pt.com
CMS,https://cuttingedgept.com
CMS,https://cuyahogabdd.org
CMS,https://cvc.hardin.kyschools.us
CMS,https://cvch.org
CMS,https://cvhsinc.org
CMS,https://cwfks.org
CMS,https://cwwcenter.com
CMS,https://cypresscarecenter.com
CMS,https://cypresscovecare.com
CMS,https://cypresscoveliving.org
CMS,https://cypresscreekrehab.com
CMS,https://cypressgardenrehab.com
CMS,https://cypressnursing.com
CMS,https://cypresspointerehab.com
CMS,https://cypressridgecarecenter.com
CMS,https://cypressvalleycnr.com
CMS,https://cypressvillageretirement.com
CMS,https://cyrusdiagnostic.com
CMS,https://dac.fcsd.us
CMS,https://dace.floyd.kyschools.us
CMS,https://dadecityhrc.com
CMS,https://dahliagardenscnr.com
CMS,https://dahlonegapediatrics.com
CMS,https://dailyplanetva.org
CMS,https://dakotaranch.org
CMS,https://dallas.yourpurehealth.com
CMS,https://dallasrenalgroup.com
CMS,https://damien.org
CMS,https://danielboonefamilyhealthcare.com
CMS,https://danishcarecenter.com
CMS,https://dantohc.com
CMS,https://danvillepediatrics.com
CMS,https://danvillepostacute.com
CMS,https://dardanellenr.com
CMS,https://darnall.tricare.mil
CMS,https://davenportcenter.com
CMS,https://davids-house.org
CMS,https://davis.brax.k12.wv.us
CMS,https://davisfamilymedicine.net
CMS,https://davismonthan.tricare.mil
CMS,https://davisplacehcc.com
CMS,https://davisstreet.org
CMS,https://dawnhillhc.com
CMS,https://daybrookvillage.org
CMS,https://daymont.org
CMS,https://dayspringhealth.org
CMS,https://daystarsinc.com
CMS,https://dayton-respiratory.net
CMS,https://daytonabeachhealthandrehab.com
CMS,https://dbnrc.com
CMS,https://dbtmaryland.com
CMS,https://dccdialysis.com
CMS,https://dccenteronaging.org
CMS,https://dchc-delhi.com
CMS,https://dchc.douglascounty-ne.gov
CMS,https://dchealth.dc.gov
CMS,https://ddhomes.net
CMS,https://deaconess-healthcare.com
CMS,https://debaryrehab.com
CMS,https://decaturhealth.org
CMS,https://decaturhealthcare.com
CMS,https://decaturmedicallodge.com
CMS,https://decaturmorganhospital.net
CMS,https://decaturnursing.com
CMS,https://decaturrehab.com
CMS,https://deercreekhealthcare.com
CMS,https://deerfieldbeachhealthandrehab.com
CMS,https://deerfieldnr.com
CMS,https://deerfieldwnc.org
CMS,https://deeringsnursing.com
CMS,https://deermeadowsrehab.com
CMS,https://deerparkhc.com
CMS,https://dekalbcounty.org
CMS,https://delaneyparkhealthandrehab.com
CMS,https://delasallehallnj.org
CMS,https://delawarecourt.com
CMS,https://deleonnursing.com
CMS,https://delhipa.com
CMS,https://delhirehab.com
CMS,https://delmarhospital.com
CMS,https://delmarrehab.com
CMS,https://delrosavillapostacute.com
CMS,https://deltamedspa.net
CMS,https://deltaviewpa.com
CMS,https://demd.easterseals.com
CMS,https://denison.edu
CMS,https://dennettrehab.com
CMS,https://dentalhealthfl.org
CMS,https://dentistry.umn.edu
CMS,https://dentonpostacutecare.com
CMS,https://dentonsnf.com
CMS,https://denversunsethome.com
CMS,https://desertblossomrehab.com
CMS,https://desertcanyonpostacute.com
CMS,https://desertmountaincarecenter.com
CMS,https://desertpeakcarecenter.com
CMS,https://desertsagehealthcenters.org
CMS,https://desertsenita.org
CMS,https://desertterrace.net
CMS,https://desotohealthandrehab.com
CMS,https://desotohealthcare.com
CMS,https://destinationhc.com
CMS,https://devinehealthandrehab.com
CMS,https://devlinmanornursingandrehab.com
CMS,https://devongables.com
CMS,https://devonshirecc.com
CMS,https://devonshirecc.health
CMS,https://devonshireoaksnc.com
CMS,https://dexter-healthcare.com
CMS,https://dfcs.alaska.gov
CMS,https://dgdpcommunities.org
CMS,https://dhandf.com
CMS,https://dhhs.ne.gov
CMS,https://dhs.portlandschools.org
CMS,https://dhs.saccounty.net
CMS,https://dhs.sd.gov
CMS,https://dhs.sfhs.org
CMS,https://dhss.delaware.gov
CMS,https://diablovalleypa.com
CMS,https://diagnosticxray.com
CMS,https://dialysis-clinics.cmac.ws
CMS,https://dialysis-services.med.umich.edu
CMS,https://dialysisbrooklyn.com
CMS,https://dialysisfinder.com
CMS,https://dialysuites.com
CMS,https://diamondbackhealth.com
CMS,https://diamonddialysisone.com
CMS,https://diamondgrovecenter.com
CMS,https://diamondhealthcenter.com
CMS,https://diamondridgehealthandrehab.com
CMS,https://diamondridgehealthcare.com
CMS,https://dickinson.rehabvisions.com
CMS,https://dickson.ashevillecityschools.net
CMS,https://dicksonclinic.com
CMS,https://dicksonmd.com
CMS,https://dierksltc.com
CMS,https://dillonpioneercare.yolopebble.com
CMS,https://dimock.org
CMS,https://directmobileimaging.com
CMS,https://directory.nascentiahealth.org
CMS,https://disabilityinfo.org
CMS,https://disabled.westchestergov.com
CMS,https://discoverycarecentre.org
CMS,https://discoveryrehabandliving.com
CMS,https://district.fayar.net
CMS,https://ditmasdialysis.com
CMS,https://ditmasrehab.com
CMS,https://diversifiedptspecialists.com
CMS,https://diversityhc.org
CMS,https://divine-toledo.com
CMS,https://divinecanalpointe.com
CMS,https://divinehalloffame.com
CMS,https://divineprovidencehome.org
CMS,https://divineschoenbrunn.com
CMS,https://divineshanehill.com
CMS,https://divinesylvania.com
CMS,https://dlp.vermont.gov
CMS,https://dmxok.com
CMS,https://doarpt.com
CMS,https://dobieroad.org
CMS,https://dobsonplaza.com
CMS,https://doc.iowa.gov
CMS,https://docasap.com
CMS,https://doctor.webmd.com
CMS,https://doctors.adventisthealth.org
CMS,https://doctors.bhsala.com
CMS,https://doctors.wellmedhealthcare.com
CMS,https://doctorscenterhospital.com
CMS,https://doctorssubacutecare.com
CMS,https://doctoryearwoodmedical.com
CMS,https://dodd.ohio.gov
CMS,https://dogwoodtrails.com
CMS,https://dolphinpointehc.com
CMS,https://dominioninternational.org
CMS,https://donalsonvillehospital.org
CMS,https://doralhw.org
CMS,https://doubletreepa.com
CMS,https://douglascarecenter.com
CMS,https://douglascove.com
CMS,https://douglasvillerehabcenter.com
CMS,https://dover.cadiahealthcare.com
CMS,https://dover.tricare.mil
CMS,https://dovercenterrehab.com
CMS,https://dovernursingandrehab.com
CMS,https://downeycarecenter.com
CMS,https://downeycommunityhealthcenter.com
CMS,https://downtownhealthfw.com
CMS,https://dpbh.nv.gov
CMS,https://dph.sbcounty.gov
CMS,https://drabbasrabiei.com
CMS,https://drapercare.com
CMS,https://drayer.urpt.com
CMS,https://drbpediatriccarecenter.com
CMS,https://drc.ohio.gov
CMS,https://drcharlesbarker.com
CMS,https://dresdenfamilyclinic.com
CMS,https://drexel.edu
CMS,https://drgalen.org
CMS,https://driftwoodhealthcarecenter-hayward.com
CMS,https://driftwoodhealthcarecenter-santacruz.com
CMS,https://drjacksoncares.com
CMS,https://drksfamilymedicine.com
CMS,https://drrh.ernesthealth.com
CMS,https://dryharbor.com
CMS,https://dss.sd.gov
CMS,https://dtacenters.com
CMS,https://dtw.meade.kyschools.us
CMS,https://duboisccci.com
CMS,https://dukefitnessfearrington.com
CMS,https://dumontcenter.com
CMS,https://dunbarvillagems.com
CMS,https://duncaster.org
CMS,https://dunkirkrnc.com
CMS,https://duquoin.wlcfirm.com
CMS,https://durangohealthandrehab.com
CMS,https://durginpines.com
CMS,https://durhamhensleyhealth.com
CMS,https://duval.floridahealth.gov
CMS,https://dva.iowa.gov
CMS,https://dva.wi.gov
CMS,https://dvch.org
CMS,https://dvcr.com
CMS,https://dvs.az.gov
CMS,https://dvs.ohio.gov
CMS,https://dyess.tricare.mil
CMS,https://dynamiccts.com
CMS,https://dynamicrehabservices.com
CMS,https://eacrumprehab.com
CMS,https://eagleexpresscare.com
CMS,https://eaglepassnursing.com
CMS,https://eaglepointhealthcare.com
CMS,https://eagleridgepa.com
CMS,https://eagleridgerehabilitation.com
CMS,https://earcinc.org
CMS,https://earlwoodcenter.com
CMS,https://eastbankcenter.com
CMS,https://eastbaypostacute.com
CMS,https://eastbayrehab.com
CMS,https://eastbrookhealth.com
CMS,https://eastcascade.com
CMS,https://eastchesterrehab.yolopebble.com
CMS,https://easterniowahealthcenter.com
CMS,https://easternplainsmedicalclinic.com
CMS,https://easternusa.salvationarmy.org
CMS,https://eastersealsar.com
CMS,https://eastersealscentralalabama.org
CMS,https://eastersealshouston.org
CMS,https://eastjefferson.jpschools.org
CMS,https://eastlakearbor.com
CMS,https://eastlandhcc.com
CMS,https://eastlandrehab.com
CMS,https://eastlongmeadownursing.org
CMS,https://eastmagnetmiddle.mnps.org
CMS,https://eastmainfamilymedical.com
CMS,https://eastmoaa.org
CMS,https://eastmsmedical.com
CMS,https://eastparkliving.com
CMS,https://eastportlandcare.com
CMS,https://eastridgenursing.org
CMS,https://eastsidecenterrehab.com
CMS,https://eastvalleyhospital.com
CMS,https://eastviewhealth.com
CMS,https://eastwoodnc.com
CMS,https://ebenezer.org
CMS,https://eberlyimaging.wordpress.com
CMS,https://ec-rehab.com
CMS,https://ec3.hardin.kyschools.us
CMS,https://ecfh.org
CMS,https://echealthnet.com
CMS,https://echelonrehab.com
CMS,https://echrshealth.org
CMS,https://ecofhc.org
CMS,https://ecojc.org
CMS,https://ecpostacute.com
CMS,https://ecrehabandwellness.com
CMS,https://edcchc.org
CMS,https://edenhc.com
CMS,https://edenrehabcenter.com
CMS,https://edenrnc.com
CMS,https://edenspringsrehab.com
CMS,https://edgefieldpa.com
CMS,https://edgemerelife.com
CMS,https://edgemonthealthcareky.com
CMS,https://edgewaterhealth.org
CMS,https://edgewaterskillednursing.com
CMS,https://edgewoodhealthandrehab.com
CMS,https://edgewoodhr.com
CMS,https://edgewoodmanorcenter.com
CMS,https://edgewoodmanorhc.com
CMS,https://edgewoodrc.com
CMS,https://edgewoodrehab.com
CMS,https://edinboromanor.com
CMS,https://edistopa.com
CMS,https://edmondscare.com
CMS,https://edmondsmedicalclinic.com
CMS,https://edmonsonnursing.com
CMS,https://edtreatmentreview.com
CMS,https://eechealth.com
CMS,https://eencks.org
CMS,https://eghc.org
CMS,https://egretcovecenter.com
CMS,https://egyptian.org
CMS,https://ehealthexchange.org
CMS,https://ehmct.com
CMS,https://ehmss.org
CMS,https://ehvi.org
CMS,https://eisnerhealth.org
CMS,https://ejfhc.org
CMS,https://elanseniorlife.org
CMS,https://elbanursingandrehab.com
CMS,https://elcor.us
CMS,https://eldercarealliance.org
CMS,https://eldercarebemidji.com
CMS,https://elderguide.com
CMS,https://eldorado.wlcfirm.com
CMS,https://eldoradofamilymedicine.com
CMS,https://eleducation.org
CMS,https://elevatecare.com
CMS,https://elevatenhr.com
CMS,https://elfhcc.com
CMS,https://eliotrehab.com
CMS,https://eliseo.org
CMS,https://elitedialysisltd.com
CMS,https://elitekingwood.com
CMS,https://elitelv.com
CMS,https://elitenursingandrehab.com
CMS,https://eliteptsportsmedicine.com
CMS,https://elitetherapyandwellness.com
CMS,https://elizabethcarecenter.com
CMS,https://elizabethnursingrehab.com
CMS,https://elizachagrinfalls.elizajennings.org
CMS,https://elizajennings.org
CMS,https://eljenhealthcare.com
CMS,https://elktonclinicky.com
CMS,https://elktonhc.com
CMS,https://ellenmemorial.com
CMS,https://ellismedicine.org
CMS,https://ellisvillehc.com
CMS,https://ellisvillemedicalpark.com
CMS,https://ellsworth.tricare.mil
CMS,https://elmbrookhome.com
CMS,https://elmbrookofhugo.com
CMS,https://elmcrest.net
CMS,https://elmcrestmanor.com
CMS,https://elmhurstrehabhc.com
CMS,https://elmorahills.com
CMS,https://elmwoodcommunities.com
CMS,https://elmwoodhills.com
CMS,https://elmwoodnursingrehab.com
CMS,https://elpasohealthrehab.com
CMS,https://elpueblohealth.org
CMS,https://elranchovista.care
CMS,https://elrio.org
CMS,https://elsberryhcc.org
CMS,https://embassyhealthcare.net
CMS,https://emeraldbaycare.com
CMS,https://emeraldcare.org
CMS,https://emeraldclaremore.com
CMS,https://emeraldcoasthealthandrehab.com
CMS,https://emeraldcolumbus.com
CMS,https://emeraldcozad.com
CMS,https://emeraldheights.com
CMS,https://emeraldlakeview.com
CMS,https://emeraldmercy.com
CMS,https://emeraldmidwest.com
CMS,https://emeraldnursing.care
CMS,https://emeraldomaha.com
CMS,https://emeraldpeekrehab.com
CMS,https://emeraldridgerehabandcare.com
CMS,https://emeraldtherapycenter.com
CMS,https://emeraldtulsa.com
CMS,https://emergehearing.org
CMS,https://emergenursingandrehab.com
CMS,https://emersonhealthcare.com
CMS,https://emobileradiology.com
CMS,https://empathhealth.org
CMS,https://emporiarehab.com
CMS,https://empowerme.com
CMS,https://en.simpr.org
CMS,https://en.wikipedia.org
CMS,https://enablend.org
CMS,https://enchantedrockcare.com
CMS,https://encinitasnursingandrehab.com
CMS,https://encinomed.org
CMS,https://encoreatcrowley.org
CMS,https://encorecommunities.com
CMS,https://encorevillage.com
CMS,https://engelhardmedicalcenter.org
CMS,https://englewoodcares.com
CMS,https://ennrc.com
CMS,https://enrichinglives.net
CMS,https://enterprisenursinghome.com
CMS,https://envivehealthcare.com
CMS,https://eomchospital.com
CMS,https://epbhc.org
CMS,https://epccinc.org
CMS,https://epicare.org
CMS,https://epicnursingandrehab.com
CMS,https://epicrehabwhiteplains.com
CMS,https://episcopalhomes.org
CMS,https://episcopalseniorlife.org
CMS,https://eppts.com
CMS,https://epsomhcc.com
CMS,https://epworthvilla.org
CMS,https://equitashealth.com
CMS,https://equityhealth.org
CMS,https://erie.ahn.org
CMS,https://eriecohealthohio.com
CMS,https://eriecountypa.gov
CMS,https://es.easterseals.com
CMS,https://escalantecity.gov
CMS,https://escondidopa.com
CMS,https://espanolasportsmed.com
CMS,https://esperanzaedc.com
CMS,https://esperanzahealth.com
CMS,https://esrh.org
CMS,https://essentialseniorhealthandliving.org
CMS,https://essex-center.facilities.centershealthcare.org
CMS,https://essexmeadows.com
CMS,https://essexnursing.com
CMS,https://estatesatcarpenters.com
CMS,https://estatesatshavanopark.com
CMS,https://estateshealthcare.com
CMS,https://estillclinic.com
CMS,https://estrellahealthandrehab.com
CMS,https://etac.fcsd.us
CMS,https://etcsnw.org
CMS,https://etheltaylor.cps-k12.org
CMS,https://etm.uthcm.com
CMS,https://eufaulachamber.chambermaster.com
CMS,https://evangelinearc.org
CMS,https://evangelineoaks.com
CMS,https://evansvilleprotestanthome.org
CMS,https://evanterracepa.com
CMS,https://evarahealth.org
CMS,https://evartps.org
CMS,https://evenglow.org
CMS,https://eventide.org
CMS,https://everettrnc.com
CMS,https://evergreen-pa.com
CMS,https://evergreen-woods.com
CMS,https://evergreencarecenter.org
CMS,https://evergreencommonsrehab.com
CMS,https://evergreenhcc.com
CMS,https://evergreenlongview.com
CMS,https://evergreenls.org
CMS,https://evergreenwoodshealthandrehab.com
CMS,https://evershinecare.com
CMS,https://evrh.ernesthealth.com
CMS,https://exceedtherapy.com
CMS,https://excelcarelewes.com
CMS,https://excelcarenewark.com
CMS,https://excelkidneycare.com
CMS,https://excellhealthcarecenter.com
CMS,https://excelwoodbury.com
CMS,https://exceptionalcare.org
CMS,https://exceptionallivingcenters.com
CMS,https://exigesdiagnostics.com
CMS,https://expectedhealthcare.com
CMS,https://explorabilitiestherapy.com
CMS,https://expresscareofbelleview.com
CMS,https://expressmedonline.com
CMS,https://expressmobilediagnostic.com
CMS,https://extendedcarehospital.com
CMS,https://extonrehab.com
CMS,https://fairacresmanor.com
CMS,https://fairburnhc.com
CMS,https://fairchild.tricare.mil
CMS,https://fairfaxclinic.com
CMS,https://fairfaxhc.com
CMS,https://fairfieldhealthcenter.com
CMS,https://fairfieldnursingandrehab.com
CMS,https://fairfieldpostacute.com
CMS,https://fairhaven-nursing.com
CMS,https://fairhaven.royalhealthgroup.com
CMS,https://fairhavenservices.com
CMS,https://fairhavensseniorliving.com
CMS,https://fairlanegardens.com
CMS,https://fairlawnofcascadia.com
CMS,https://fairmontcrossing.com
CMS,https://fairmontrehabhospital.com
CMS,https://fairmounthomes.org
CMS,https://fairoakshc.com
CMS,https://fairoakshr.com
CMS,https://fairoaksrehab.com
CMS,https://fairparkhealthandrehab.com
CMS,https://fairparknursing.com
CMS,https://fairportbaptisthomes.org
CMS,https://fairview-manor.com
CMS,https://fairviewcommons.org
CMS,https://fairviewct.org
CMS,https://fairviewhc.com
CMS,https://fairviewseniorliving.com
CMS,https://fairwayoakscenter.com
CMS,https://faithhealthcare.net
CMS,https://faithhealthcentersnf.com
CMS,https://faithmedicalclinic.net
CMS,https://faithnursingandrehab.com
CMS,https://falkvillerehab.com
CMS,https://fallcreekrehab.com
CMS,https://fallriverrehab.com
CMS,https://fallscityrehab.com
CMS,https://fallsviewhc.com
CMS,https://fallsvillagesnr.com
CMS,https://falmouth.royalhealthgroup.com
CMS,https://famedx.com
CMS,https://famhealthcare.org
CMS,https://familiestogetheroc.org
CMS,https://familycarearcadia.com
CMS,https://familycarehealthcenters.org
CMS,https://familycaretn.com
CMS,https://familycarewv.org
CMS,https://familychc.com
CMS,https://familyclinicna.com
CMS,https://familydoctorr.com
CMS,https://familyhc.org
CMS,https://familyhch.org
CMS,https://familyhealthcareclinic.com
CMS,https://familyhealthcareclinicky.com
CMS,https://familyhealthcenter.org
CMS,https://familyhealthclinicofgrenada.com
CMS,https://familyhealthnwo.org
CMS,https://familyhealthservices.org
CMS,https://familymedicalgroup.net
CMS,https://familymedicalmi.org
CMS,https://familyofcaring.com
CMS,https://familypracticemedicalcenter.com
CMS,https://familywalkinclinic.com
CMS,https://fampracticeassociates.com
CMS,https://farmervillerehabcenter.com
CMS,https://farmingtonvillagerehab.com
CMS,https://farwellcarecenter.com
CMS,https://fastexray.com
CMS,https://fastpacehealth.com
CMS,https://fathermurrayvhc.com
CMS,https://fatherpurcell.org
CMS,https://fayettevillehealthandrehab.com
CMS,https://fccare.org
CMS,https://fccinc.org
CMS,https://fcckingston.com
CMS,https://fccwellbeing.com
CMS,https://fchtexas.com
CMS,https://fcmrs.com
CMS,https://fcpchealth.com
CMS,https://feathercarecenter.org
CMS,https://felicianvillage.org
CMS,https://fellowshiphome.com
CMS,https://fellowshiplifeinc.org
CMS,https://fenwayhealth.org
CMS,https://fernandinabeachrehab.com
CMS,https://fes.buncombeschools.org
CMS,https://fes.rheacounty.org
CMS,https://fetterhealthcare.org
CMS,https://fewarren.tricare.mil
CMS,https://fhahermiston.com
CMS,https://fhcaky.com
CMS,https://fhccgla.com
CMS,https://fhcclinics.com
CMS,https://fhcga.org
CMS,https://fhchc.org
CMS,https://fhckzoo.com
CMS,https://fhcntx.org
CMS,https://fhcswfl.org
CMS,https://fhcw.org
CMS,https://fhdks.com
CMS,https://fhs.sfhs.org
CMS,https://fhsid.org
CMS,https://fiannahillsnursing.com
CMS,https://fieldcrestcare.com
CMS,https://fiesernursinghome.com
CMS,https://fight.org
CMS,https://files.nc.gov
CMS,https://filosahc.com
CMS,https://findahealthcenter.hrsa.gov
CMS,https://fireflypediatrics.org
CMS,https://first-rehab.com
CMS,https://firstcareclinic.com
CMS,https://firstchoicephysicaltherapyind.com
CMS,https://firstcircuitil.org
CMS,https://firstclasskidneycare.com
CMS,https://firstcoasthealthandrehab.com
CMS,https://firstrehabnpb.com
CMS,https://firststepsped.com
CMS,https://fishercountyhospital.com
CMS,https://fishkillcare.com
CMS,https://fitchburgrnc.com
CMS,https://fivecountiesnursinghome.wordpress.com
CMS,https://fivepointslakehighlands.com
CMS,https://fivepointsnursing.com
CMS,https://fivetownspremier.com
CMS,https://fkhv.org
CMS,https://flaglerrehabilitation.com
CMS,https://flagshiprehab.com
CMS,https://flagstaffpediatrics.com
CMS,https://fleetwoodpostacute.com
CMS,https://fletcherrehab.com
CMS,https://fleurdelisfhc.com
CMS,https://flexiblemedicalimaging.com
CMS,https://flinthillscrc.com
CMS,https://flintridgehc.com
CMS,https://flkidney.com
CMS,https://flocritkansas.org
CMS,https://floralahealthandrehab.com
CMS,https://florencehandhome.org
CMS,https://florencerehabcenter.com
CMS,https://florhamparkrehab.com
CMS,https://floridatherapycenter.com
CMS,https://floridavets.org
CMS,https://fmapeds.com
CMS,https://fmc.healthcare
CMS,https://fmcna.com
CMS,https://fmdc.org
CMS,https://fmhwc.org
CMS,https://fmwknox.com
CMS,https://fofhealthcenter.org
CMS,https://folsomcarecenter.com
CMS,https://foltsbrooksl.com
CMS,https://foothillacres.com
CMS,https://foothillfamilyclinic.com
CMS,https://foothillops.com
CMS,https://foothillsbehavioralhealth.org
CMS,https://foothillscap.org
CMS,https://foothillsrehabcenter.com
CMS,https://foothillstransitionalcare.com
CMS,https://fordhamnrc.com
CMS,https://fordlandclinic.org
CMS,https://foremostfhc.org
CMS,https://foremosthc.com
CMS,https://forestcitynursing.com
CMS,https://forestcityrehab.com
CMS,https://forestduke.org
CMS,https://forestgrovepa.com
CMS,https://foresthillcr.com
CMS,https://foresthillhrc.com
CMS,https://foresthillmanor.com
CMS,https://foresthillsdc.org
CMS,https://foresthillsnh.com
CMS,https://forestmanorhcc.com
CMS,https://forestmanorhealth.com
CMS,https://forestparknursing.com
CMS,https://forestridgehealth.com
CMS,https://forestviewrehab.com
CMS,https://foreverywoman.org
CMS,https://formemedicalcenter.com
CMS,https://fortdodgehealth.com
CMS,https://fortmorganpediatrics.com
CMS,https://fortmyersrehab.com
CMS,https://fortressnursing.com
CMS,https://fortworthwellnessandrehab.com
CMS,https://fostercitymedicalcenter.com
CMS,https://foulkliving.com
CMS,https://foundationpark.com
CMS,https://foundationsfamilymedicine.com
CMS,https://foundcare.org
CMS,https://foundersplazaskillednursing.com
CMS,https://fountainhillspa.com
CMS,https://fountainsmc.com
CMS,https://fountainvalleypa.com
CMS,https://fountainviewcarecenter.com
CMS,https://fountainviewhrc.com
CMS,https://fountainviewsubacute.com
CMS,https://fourakerhill.com
CMS,https://fourcornerscare.com
CMS,https://fouroaks.org
CMS,https://fourpointshealth.org
CMS,https://fourrivers.org
CMS,https://fourseasonshcs.com
CMS,https://fourseasonsrehabcare.com
CMS,https://fourthstreetclinic.org
CMS,https://fourwindsmanor.com
CMS,https://fowlercarecenter.org
CMS,https://fowlerhealthcare.com
CMS,https://foxhollowpostacute.com
CMS,https://foxrunmanor.com
CMS,https://foxrunorchardpark.com
CMS,https://foxwoodseniorliving.org
CMS,https://fpacp.com
CMS,https://fpawk.com
CMS,https://fpdialysis.com
CMS,https://fprehab.com
CMS,https://franciscanchildrens.org
CMS,https://franciscanministries.org
CMS,https://franhealth.org
CMS,https://frankfortcare.com
CMS,https://franklin.mpschools.org
CMS,https://franklincare.com
CMS,https://franklingrovelivingandrehab.com
CMS,https://franklinhealthrehab.com
CMS,https://franklinheightsnursing.com
CMS,https://franklinoakscare.com
CMS,https://franklinprimary.org
CMS,https://fraserltd.org
CMS,https://frederickliving.org
CMS,https://fredericksburgnursingandrehab.com
CMS,https://fredericksburgpt.com
CMS,https://fredericksburgrehab.com
CMS,https://freeclinicdirectory.org
CMS,https://freedombehavioral.com
CMS,https://freedomplazaarizona.com
CMS,https://freedomplazafl.com
CMS,https://freedompointefl.com
CMS,https://freedomsquarefl.com
CMS,https://freedomvillage.org
CMS,https://freemanfamilypractice.com
CMS,https://freemanhealth.com
CMS,https://fremonthealthcarecenter.com
CMS,https://frenchparkcarecenter.com
CMS,https://freseniusmedicalcare.com
CMS,https://freshstarthealth.com
CMS,https://fresnopostacute.com
CMS,https://friedwaldcenter.com
CMS,https://friendfhc.org
CMS,https://friendmed.org
CMS,https://friendshealthcare.org
CMS,https://friendshiphaven.net
CMS,https://friendshiphome.com
CMS,https://friendshipplace.org
CMS,https://friendshipvillagemi.com
CMS,https://friendshipvillagestl.com
CMS,https://friendshouse.com
CMS,https://frontporch.net
CMS,https://frontroyalfamilypractice.com
CMS,https://frrh.org
CMS,https://fruitvalehealthcarecenter.com
CMS,https://fsst-nsn.gov
CMS,https://fullerhospital.com
CMS,https://fullspectrumpediatrictherapy.org
CMS,https://fulton-manor.com
CMS,https://fultongardenspostacute.com
CMS,https://fultonnursingandrehab.com
CMS,https://fultontotalhealth.com
CMS,https://functionalrehab.tripod.com
CMS,https://fvbradenton.com
CMS,https://fvbrandywine.com
CMS,https://fvhollandseniorliving.com
CMS,https://fvps.org
CMS,https://fvrehab.com
CMS,https://gables-marysville.net
CMS,https://gabrielhouseofcare.org
CMS,https://gaes.buncombeschools.org
CMS,https://gahrc.sfhs.org
CMS,https://gainesvillehrc.com
CMS,https://galaxrehab.com
CMS,https://galion.city
CMS,https://gallatincenterrehab.com
CMS,https://gallatinhc.com
CMS,https://galleriawoodsseniorliving.com
CMS,https://gallowayhc.com
CMS,https://gallowayridge.com
CMS,https://gallupcommunityhealth.org
CMS,https://gallupnursing.com
CMS,https://gamtnhealth.org
CMS,https://ganadonr.com
CMS,https://gandgcare.com
CMS,https://gandyhc.com
CMS,https://ganh.org
CMS,https://gardencarerehab.com
CMS,https://gardencityhealthcare.com
CMS,https://gardencourthc.com
CMS,https://gardenparkcarecenter.com
CMS,https://gardens-fairfax.net
CMS,https://gardensag.com
CMS,https://gardensatcelina.com
CMS,https://gardensatpaulding.com
CMS,https://gardensatsthenry.com
CMS,https://gardenscamphill.com
CMS,https://gardenseaston.com
CMS,https://gardensgettysburg.com
CMS,https://gardensmillville.com
CMS,https://gardensorangeville.com
CMS,https://gardenspringhc.com
CMS,https://gardensrehab.com
CMS,https://gardensstevens.com
CMS,https://gardenstulsa.com
CMS,https://gardenswestshore.com
CMS,https://gardensyork.com
CMS,https://gardenviewhrc.com
CMS,https://gardenviewpostacute.com
CMS,https://gardnerhealthservices.org
CMS,https://garlandroad.com
CMS,https://garnethillrehab.com
CMS,https://garrisongecc.com
CMS,https://gassvillelivingcenter.com
CMS,https://gastonfamilypractice.com
CMS,https://gatesrehab.com
CMS,https://gatewaycarecenter.com
CMS,https://gatewaycarecenterpp.com
CMS,https://gatewaycenter.org
CMS,https://gatewaychc.com
CMS,https://gatewayclinic.com
CMS,https://gatewaycommunityhealthcentersinc.com
CMS,https://gatewayhc.com
CMS,https://gatewaypostacute.com
CMS,https://gatewaystbl.com
CMS,https://gatewaytransitional.com
CMS,https://gaymontcare.com
CMS,https://gbc.la
CMS,https://gbms.org
CMS,https://gc-health.org
CMS,https://gccfillmore.com
CMS,https://gccfullerton.com
CMS,https://gcpsghs.ss13.sharpschool.com
CMS,https://gctcu.com
CMS,https://gemcitynrc.com
CMS,https://gemtransitional.com
CMS,https://genacrosslutheranservices.org
CMS,https://genchc.org
CMS,https://gencomhealth.org
CMS,https://generationcareinc.com
CMS,https://generationsapplewood.com
CMS,https://generationsbehavioralhealth.com
CMS,https://generationsneighbors.com
CMS,https://generationsoakton.com
CMS,https://generationsregency.com
CMS,https://generationsrockisland.com
CMS,https://genesisdialysis.net
CMS,https://genesisfqhc.org
CMS,https://genesishcc.com
CMS,https://genhealth.org
CMS,https://genmanco.com
CMS,https://genpsych.com
CMS,https://gentryimaging.com
CMS,https://georgeade.org
CMS,https://georgewashingtonhrc.com
CMS,https://georgiamanornursing.com
CMS,https://georgianahealthandrehab.com
CMS,https://ges.rheacounty.org
CMS,https://gescorp.org
CMS,https://getcommunityhealth.org
CMS,https://gethealthyharlem.org
CMS,https://getstarpro.com
CMS,https://gettysburg.spiritrustlutheran.org
CMS,https://ghaautismsupports.org
CMS,https://ghentrnc.com
CMS,https://ghsrenal.com
CMS,https://gicnr.com
CMS,https://giffordhealthcare.org
CMS,https://giftofhope.org
CMS,https://giftoflifemichigan.org
CMS,https://gigharborhrc.com
CMS,https://gilavalleyclinic.com
CMS,https://gilbert.appalachianrehab.com
CMS,https://gillettenursing.com
CMS,https://gilmernursing.com
CMS,https://gilmormanor.wixsite.com
CMS,https://gilroyhealthcare.com
CMS,https://givensestates.org
CMS,https://givenshighlandfarms.org
CMS,https://givingmatters.civicore.com
CMS,https://glasgow-ky.helpyouachieve.com
CMS,https://glasgowsnf.ky.gov
CMS,https://glastonburyhcc.com
CMS,https://glenardenny.com
CMS,https://glenbridgehc.com
CMS,https://glenbrookrhc.com
CMS,https://glenburniehc.com
CMS,https://glencove.northwell.edu
CMS,https://glencoverehab.com
CMS,https://glendalecrc.com
CMS,https://glendalehcc.com
CMS,https://glenflora.net
CMS,https://glengariffrehab.com
CMS,https://glenhavenhealthandrehab.com
CMS,https://glenhavenvillage.com
CMS,https://glenrockhealthcenter.com
CMS,https://glenrosenursingrehab.com
CMS,https://glenviewnaples.com
CMS,https://glenviewrehab.com
CMS,https://glenviewwellnessandrehab.com
CMS,https://glenvillehr.com
CMS,https://glenwood.org
CMS,https://glenwoodcarecenter.com
CMS,https://glenwoodok.com
CMS,https://glenwoodregional.org
CMS,https://glenwoodrnc.com
CMS,https://glfhc.org
CMS,https://gliihc.net
CMS,https://glisanpa.com
CMS,https://glrehab.com
CMS,https://gmhcenter.org
CMS,https://gnbchc.org
CMS,https://go-pt.org
CMS,https://gobenfamily.care
CMS,https://golcr.com
CMS,https://goldcountryhc.com
CMS,https://goldcrest.net
CMS,https://goldcrestcc.com
CMS,https://goldenacresliving.com
CMS,https://goldenacresmanor.com
CMS,https://goldenagecarecenter.com
CMS,https://goldenageguthrie.com
CMS,https://goldenageinc.com
CMS,https://goldenageofwelsh.com
CMS,https://goldencrestnursingcentre.com
CMS,https://goldenestatesrehab.com
CMS,https://goldengoodshepherdhome.org
CMS,https://goldenheightshc.com
CMS,https://goldenhillpostacute.com
CMS,https://goldenhillrehab.com
CMS,https://goldeninman.com
CMS,https://goldenmaderahc.com
CMS,https://goldenmercedhc.com
CMS,https://goldenmodestohc.com
CMS,https://goldenpalmsrehab.com
CMS,https://goldenpavilionhc.com
CMS,https://goldenrose-carecenter.com
CMS,https://goldensanandreashc.com
CMS,https://goldensonorahc.com
CMS,https://goldentrianglefamilycarecenter.com
CMS,https://goldsbororehab.com
CMS,https://golfcresthc.com
CMS,https://golfviewskillednursing.com
CMS,https://goodfellow.tricare.mil
CMS,https://goodhopehospitalinc.com
CMS,https://goodneighborcommunityhealthcenter.com
CMS,https://goodneighborsociety.org
CMS,https://goodsamaritantn.com
CMS,https://goodsamcobb.org
CMS,https://goodsamlivingcenter.com
CMS,https://goodshepherdcampus.org
CMS,https://goodshepherdhcp.com
CMS,https://goodshepherdhealthcenter.org
CMS,https://goodshepherdhome.com
CMS,https://goodshepherdlockwood.wixsite.com
CMS,https://goodwillhome.org
CMS,https://goodwinliving.org
CMS,https://gordonlanecarecenter.com
CMS,https://gordonmemorial.org
CMS,https://goshen.therestoracy.com
CMS,https://goshencare.com
CMS,https://goshenmedical.org
CMS,https://gosnellhealthandrehab.com
CMS,https://gottsche.org
CMS,https://gowandarnc.com
CMS,https://gphainc.org
CMS,https://gpsbh.org
CMS,https://gracechristian.hattiesburgpsd.com
CMS,https://gracedale.org
CMS,https://gracehealthandrehab.com
CMS,https://gracehealthky.org
CMS,https://gracejenks.com
CMS,https://gracelandrnc.com
CMS,https://gracelight.org
CMS,https://gracemanorcarecenter.com
CMS,https://gracemorenursingrehab.com
CMS,https://gracepointegreeley.com
CMS,https://gracepointewellness.com
CMS,https://gracepointwellness.org
CMS,https://gracevillage.org
CMS,https://gracevillehc.org
CMS,https://gracewomens.com
CMS,https://graceworksenhancedliving.org
CMS,https://grafton-county.com
CMS,https://graftonoaks.com
CMS,https://grahamnursing.com
CMS,https://grahamoakscare.com
CMS,https://granadarehabwc.com
CMS,https://granburycarecenter.com
CMS,https://grancarenc.com
CMS,https://grandboulevardhcr.com
CMS,https://grandeprairiecrc.com
CMS,https://grandhaven-nursing.com
CMS,https://grandmanornursingandrehab.com
CMS,https://grandmeadowseniorliving.com
CMS,https://grandpeaks.org
CMS,https://grandterracehealth.com
CMS,https://grandterracehealthcenter.com
CMS,https://grandvalleyhcc.com
CMS,https://grandviewhc.com
CMS,https://grandviewky.com
CMS,https://grandviewnr.com
CMS,https://grandvue.org
CMS,https://grangevillehealthandrehab.com
CMS,https://granitecountyhospital.com
CMS,https://granitecreekrehab.com
CMS,https://granitemesahealthcenter.com
CMS,https://granitenursingandrehab.com
CMS,https://grantcountyoregon.net
CMS,https://grantcuesta.com
CMS,https://grantrehab.com
CMS,https://grantsbrook.com
CMS,https://grantsrehab.com
CMS,https://granville-center.facilities.centershealthcare.org
CMS,https://grapevinemedicallodge.com
CMS,https://grawi.com
CMS,https://graysonnursing.com
CMS,https://greaterfamilyhealth.org
CMS,https://greatersandhillsfamilyhealthcare.com
CMS,https://greatersouthside.com
CMS,https://greatervalleyhealth.org
CMS,https://greatlakesbayhealthcenters.org
CMS,https://greatlakeso.com
CMS,https://greatlakesphysicaltherapytc.com
CMS,https://greatplainsnursing.com
CMS,https://greeleycounty.org
CMS,https://green-hill.com
CMS,https://greenacreshc.com
CMS,https://greenacreshealthcare.com
CMS,https://greenbayrehab.com
CMS,https://greenbriernr.com
CMS,https://greenbrierofpalestine.com
CMS,https://greenbrieroftyler.com
CMS,https://greenbriervillage.org
CMS,https://greencountrycarecenter.com
CMS,https://greencountrymedical.com
CMS,https://greendaleforest.com
CMS,https://greeneacresrehab.com
CMS,https://greenehealthnetwork.com
CMS,https://greenemeadows.com
CMS,https://greenerehabservices.com
CMS,https://greenfieldhc.com
CMS,https://greenhavenhc.com
CMS,https://greenhavenrehabcare.com
CMS,https://greenhills-manor.com
CMS,https://greenhillscenterrehab.com
CMS,https://greenhillsrc.com
CMS,https://greenhillvillas.com
CMS,https://greenleaseniorliving.com
CMS,https://greenmeadowscc.com
CMS,https://greenmeadowshr.com
CMS,https://greenmountainnh.com
CMS,https://greenoakspt.com
CMS,https://greenridgepostacute.com
CMS,https://greenscabarrus.com
CMS,https://greensgastonia.com
CMS,https://greenshendersonville.com
CMS,https://greenshickory.com
CMS,https://greenslincolnton.com
CMS,https://greensmapleleaf.com
CMS,https://greenssprucepine.com
CMS,https://greensviewmont.com
CMS,https://greensweaverville.com
CMS,https://greentreehealthandrehab.com
CMS,https://greentreehomecare.com
CMS,https://greenvalleyhealthcare.net
CMS,https://greenvalleymedicalclinic.placeweb.site
CMS,https://greenvalleyrehabsuites.com
CMS,https://greenvillagesnr.com
CMS,https://greenville.wlcfirm.com
CMS,https://greenvilleash.com
CMS,https://greenvillefamilymedicine.com
CMS,https://greenvillepostacute.com
CMS,https://greenwichwoods.com
CMS,https://greenwoodcnr.com
CMS,https://greenwoodnursing.com
CMS,https://greenwoodvillagesouth.com
CMS,https://gregstonsnursingandrehabilitation.com
CMS,https://greshamcareandrehab.com
CMS,https://gretnahealthrehab.com
CMS,https://greystonehc.com
CMS,https://griswoldnursingrehab.com
CMS,https://groesbeckltc.com
CMS,https://grossmontpostacute.com
CMS,https://grovenursingcenter.com
CMS,https://groveparkhc.com
CMS,https://grovepostacute.com
CMS,https://grovetonfamilymedicalclinic.com
CMS,https://grovetonnursinghome.com
CMS,https://grrh.ernesthealth.com
CMS,https://grundycounty.unitypoint.org
CMS,https://gsccdd.com
CMS,https://gshq.org
CMS,https://gsnhd.com
CMS,https://guam.tricare.mil
CMS,https://guardianangelhealthservices.com
CMS,https://guardiancarenursing.com
CMS,https://guardianhc.com
CMS,https://guenthnerpt.com
CMS,https://guggenheimerhrc.com
CMS,https://guilfordrehab.com
CMS,https://gulf.floridahealth.gov
CMS,https://gulfcoasthc.org
CMS,https://gulfcoastvillage.org
CMS,https://gulfportbehavioral.com
CMS,https://gulfsidehrc.com
CMS,https://gumptioncare.com
CMS,https://gurwin.org
CMS,https://guyandmaryfeltmanor.webs.com
CMS,https://gvgardens.com
CMS,https://gvhospital.org
CMS,https://gvnr.org
CMS,https://gvrvhealth.com
CMS,https://gvyakima.org
CMS,https://gwyneddhc.com
CMS,https://hacga.com
CMS,https://hahealth.org
CMS,https://hainescityrehab.com
CMS,https://haleyvillerehab.com
CMS,https://hallfletcher.ashevillecityschools.net
CMS,https://hallmar-village.seniorliving-phs.com
CMS,https://hallmarkhealthcarecenter.com
CMS,https://hamdenhealthcare.com
CMS,https://hamilton-nursing.com
CMS,https://hamiltonchn.org
CMS,https://hamiltongrovehealth.com
CMS,https://hamletrehab.com
CMS,https://hamlinclinic.com
CMS,https://hamlinplace.com
CMS,https://hammer.org
CMS,https://hampdenhillspostacute.com
CMS,https://hamptonnar.com
CMS,https://hamptonplacehc.com
CMS,https://hamptonridgehealth.com
CMS,https://hanahealth.org
CMS,https://hancockcountyschools.com
CMS,https://hancockhallhc.com
CMS,https://hanfordpa.com
CMS,https://hanfqhc.org
CMS,https://hannahvillehealthcenter.com
CMS,https://hanoverhall.com
CMS,https://hanoverhealthrehab.com
CMS,https://hanoverhill.com
CMS,https://hapevilledialysis.com
CMS,https://happiinc.com
CMS,https://happyinhealthcare.org
CMS,https://happysiesta.com
CMS,https://harberlamanmanagement.com
CMS,https://harberthills.org
CMS,https://harborcitypt.com
CMS,https://harborhavenfdl.com
CMS,https://harborhc.com
CMS,https://harborhealthcareofironton.com
CMS,https://harborpointbhc.com
CMS,https://harborpostacute.com
CMS,https://harborsedgenorfolk.com
CMS,https://harborviewdoylestown.com
CMS,https://harborviewlansdale.com
CMS,https://harborvillacares.com
CMS,https://harbourviewsl.com
CMS,https://hardeevillesc.gov
CMS,https://hardinhomenh.com
CMS,https://harmonmedicalrehab.com
CMS,https://harmony-court.net
CMS,https://harmonycaregroup.com
CMS,https://harmonycares.com
CMS,https://harmonyhallcare.com
CMS,https://harmonyhealth.care
CMS,https://harmonyhillshc.com
CMS,https://harmonyhouse.org
CMS,https://harmonysnf.com
CMS,https://harnettwoods.com
CMS,https://harneycountyor.gov
CMS,https://harneydh.com
CMS,https://harrishealthandrehab.com
CMS,https://harrisonburghealthrehab.com
CMS,https://harrisonmemhosp.com
CMS,https://harrisonpavilionhc.com
CMS,https://harrisonpointehealthcare.com
CMS,https://hartfordhealthcare.org
CMS,https://hartleyrehab.com
CMS,https://harvardgardensrehab.com
CMS,https://harvardstreet.org
CMS,https://harvestcrossingpostacute.com
CMS,https://harvesthousecenters.org
CMS,https://hathawaymanor.org
CMS,https://hattieidechaffee.com
CMS,https://hattonprairievillage.com
CMS,https://havenarcola.com
CMS,https://havenpostacute.com
CMS,https://hawkeyecare.com
CMS,https://hawkins.hattiesburgpsd.com
CMS,https://hawthorne-healthcare.com
CMS,https://hawthorne.sd25.us
CMS,https://hawthornerehab.com
CMS,https://hayes-community-home.hub.biz
CMS,https://hayesconvalescent.com
CMS,https://hayesmn.com
CMS,https://haynes.jpschools.org
CMS,https://haysnursing.com
CMS,https://haywardhillshealthcarecenter.com
CMS,https://haywardmemorialhospital.com
CMS,https://haywardpa.com
CMS,https://haywood.health
CMS,https://hazelfindlay.com
CMS,https://hazelwood.org
CMS,https://hbhospital.org
CMS,https://hbimn.org
CMS,https://hburgchc.org
CMS,https://hcai.ca.gov
CMS,https://hcch.org
CMS,https://hccnetwork.org
CMS,https://hcdmg.org
CMS,https://hces.buncombeschools.org
CMS,https://hcfamilyclinic.com
CMS,https://hchcla.org
CMS,https://hcmc.us.com
CMS,https://hcmtx.org
CMS,https://hcnh.org
CMS,https://hcpsc.org
CMS,https://healingcommunitycenter.org
CMS,https://health.arizona.edu
CMS,https://health.bentoncountyor.gov
CMS,https://health.csuohio.edu
CMS,https://health.hamiltontn.org
CMS,https://health.ingham.org
CMS,https://health.tamu.edu
CMS,https://health.usf.edu
CMS,https://health.usnews.com
CMS,https://health.utoledo.edu
CMS,https://healthapps.nj.gov
CMS,https://healthbridgehouston.com
CMS,https://healthbridgekids.com
CMS,https://healthcare.housingworks.org
CMS,https://healthcare.utah.edu
CMS,https://healthcareandrehabofsanford.com
CMS,https://healthcarereportcard.illinois.gov
CMS,https://healthcareswfl.org
CMS,https://healthcarewithinreach.org
CMS,https://healthdistrictkc.org
CMS,https://healthfirstfamily.org
CMS,https://healthfirstlex.com
CMS,https://healthforceone.care
CMS,https://healthhelplocator.org
CMS,https://healthlincchc.org
CMS,https://healthpointfc.org
CMS,https://healthpropediatrics.com
CMS,https://healthrehab.com
CMS,https://healthservicealliance.org
CMS,https://healthservicesntx.org
CMS,https://healthsolutionsforme.org
CMS,https://healthsourcept.com
CMS,https://healthtexas.org
CMS,https://healthwellnessok.com
CMS,https://healthwin.org
CMS,https://healthy-connections.org
CMS,https://healthy.arkansas.gov
CMS,https://healthychildren.org
CMS,https://healthyconnectionscmhc.org
CMS,https://heartandmindhc.com
CMS,https://hearthstonenn.com
CMS,https://hearthstonewoodstock.org
CMS,https://heartland.wlcfirm.com
CMS,https://heartlandcarecenter.com
CMS,https://heartlandhealth.org
CMS,https://heartlandnursingrehab.com
CMS,https://heartlandseniorlivingllc.com
CMS,https://heartlandseniorlivingmn.org
CMS,https://heartlandyouthvillage.com
CMS,https://heartofkansas.com
CMS,https://heartsnhands.us
CMS,https://heartsworthseniorliving.com
CMS,https://heartwoodavehc.com
CMS,https://heartwoodec.com
CMS,https://heatherhill-care.net
CMS,https://heathermanornursingandrehab.com
CMS,https://heatherwoodrehab.com
CMS,https://heberthealthcenter.com
CMS,https://hebrewcenterrehab.com
CMS,https://hechealth.com
CMS,https://heinzerling.org
CMS,https://helenamedicalgroup.com
CMS,https://helenevanshome.com
CMS,https://helens-house.com
CMS,https://hellenicnursingandrehabilitationcenter.org
CMS,https://helmwoodhc.com
CMS,https://helpinghands-project.org
CMS,https://hemetfamilyclinic.com
CMS,https://hemethillspa.com
CMS,https://hempfieldmanor.com
CMS,https://hemphillcarecenter.com
CMS,https://hempsteadparknh.com
CMS,https://henderson.health
CMS,https://hendersonhealth.net
CMS,https://hendersonhealthcare.org
CMS,https://hendricksmn.net
CMS,https://hendrixhealthandrehab.com
CMS,https://henrico.gov
CMS,https://henricohealthrehab.com
CMS,https://henryettacommunityskilled.com
CMS,https://henryjaustin.org
CMS,https://henryrehab.com
CMS,https://heraldsquaredialysis.wordpress.com
CMS,https://heritage-hcs.com
CMS,https://heritagedialysis.com
CMS,https://heritagegardenshrc.com
CMS,https://heritagegardensrehab.com
CMS,https://heritagehealthcareandrehab.com
CMS,https://heritagehillsrehab.com
CMS,https://heritagehousemarshall.com
CMS,https://heritagehousenursing.com
CMS,https://heritagelakesiderehab.com
CMS,https://heritagelivingcenterar.com
CMS,https://heritagelongview.com
CMS,https://heritagemanorcare.com
CMS,https://heritageofcare.com
CMS,https://heritageparkrehab.com
CMS,https://heritageplacedecatur.com
CMS,https://heritagepointerhc.com
CMS,https://heritageridgesl.com
CMS,https://heritagesnt.com
CMS,https://heritagesquarehcc.com
CMS,https://heritagesquarehealthcarecenter.com
CMS,https://heritageturnerpark.com
CMS,https://heritagevillagenursingcenter.com
CMS,https://hermitagehall.com
CMS,https://hero-health.org
CMS,https://heronskey.org
CMS,https://herring.ashevillecityschools.net
CMS,https://hertfordrehab.com
CMS,https://hes.covingtoncountyschools.org
CMS,https://hessmernh.com
CMS,https://hfcckc.org
CMS,https://hgcastaner.com
CMS,https://hh.health
CMS,https://hhcashland.com
CMS,https://hhcinc.org
CMS,https://hhcseniorservices.org
CMS,https://hhhcenter.com
CMS,https://hhhinfo.com
CMS,https://hhproviders.org
CMS,https://hhrms.com
CMS,https://hhs.hattiesburgpsd.com
CMS,https://hhsil.com
CMS,https://hia-mt.org
CMS,https://hialeahhosp.org
CMS,https://hialeahshoresrehab.com
CMS,https://hiawasseega.gov
CMS,https://hiawathacarecenter.com
CMS,https://hibbardnursinghome.com
CMS,https://hickory-creek.net
CMS,https://hickoryheightshr.com
CMS,https://hickorynetwork.com
CMS,https://hickoryvillagecare.com
CMS,https://hidesertclinics.charityfinders.com
CMS,https://highbridgehc.com
CMS,https://highbridgewoodycrestcenter.com
CMS,https://highcountryimaging.weebly.com
CMS,https://highcresthospital.com
CMS,https://highdeserthemodialysis.com
CMS,https://highfieldgardens.com
CMS,https://highland-hr.com
CMS,https://highlandhillsmc.com
CMS,https://highlandhillspa.com
CMS,https://highlandmanornh.com
CMS,https://highlandmeadowshealth.com
CMS,https://highlandoakselgin.org
CMS,https://highlandoakshc.com
CMS,https://highlandpalmshc.com
CMS,https://highlandparkcare.org
CMS,https://highlandparkhealthcare.com
CMS,https://highlandparkrehab.com
CMS,https://highlandpineshealthandrehab.com
CMS,https://highlandrehabandnursing.com
CMS,https://highlandrehabofcascadia.com
CMS,https://highlandrivers.org
CMS,https://highlandrnc.com
CMS,https://highlandslakecenter.com
CMS,https://highlandspringscare.com
CMS,https://highlandsquarerehabhc.com
CMS,https://highlightaurora.com
CMS,https://highlightwoodstock.com
CMS,https://highlinepost.com
CMS,https://highplainshealth.org
CMS,https://highpointhealthpartners.com
CMS,https://highspringspediatricsandprimarycare.com
CMS,https://highvalleylodge.com
CMS,https://highviewnorthampton.com
CMS,https://hill.tricare.mil
CMS,https://hillcountry.org
CMS,https://hillcountryclinic.org
CMS,https://hillcountrynursingandrehab.com
CMS,https://hillcrest-fs.org
CMS,https://hillcrest.ucsd.edu
CMS,https://hillcrestcare.org
CMS,https://hillcrestcarecenter.net
CMS,https://hillcrestcarecenter.wordpress.com
CMS,https://hillcrestcares.com
CMS,https://hillcrestcommons.org
CMS,https://hillcresthome.org
CMS,https://hillcrestnc.com
CMS,https://hillcrestnh.org
CMS,https://hillcrestnorthdallas.com
CMS,https://hillcrestpryor.com
CMS,https://hillsboroclinic.com
CMS,https://hillsborohouse.org
CMS,https://hillside.com
CMS,https://hillsidemanorrehab.com
CMS,https://hillsidenursingcenter.com
CMS,https://hillsidenursingrehab.com
CMS,https://hillsiderehabhc.com
CMS,https://hillsiderehabhospital.org
CMS,https://hillsiderehabilitation.com
CMS,https://hillsidesb.org
CMS,https://hillsidevillagedesoto.com
CMS,https://hillsnursing.com
CMS,https://hilltopblueriver.com
CMS,https://hilltophc.com
CMS,https://hilltophealthcc.com
CMS,https://hilltophome.org
CMS,https://hilltophouse.biz
CMS,https://hilltophrc.com
CMS,https://hilltoplodgehrc.com
CMS,https://hilltopmeridian.com
CMS,https://hilltopnhr.com
CMS,https://hilltopparkpa.com
CMS,https://hilltopparkrehab.com
CMS,https://hilltopprimarycare.com
CMS,https://hillview.wlcfirm.com
CMS,https://hillviewclc.cesltc.com
CMS,https://hillviewretirement.org
CMS,https://hiramhealthandrehab.com
CMS,https://hitesite.org
CMS,https://hmacare.com
CMS,https://hmcks.org
CMS,https://hmcok.fasthealth.com
CMS,https://hmdrpila.com
CMS,https://hmhb-lifts.org
CMS,https://hmrveteranservices.com
CMS,https://hms-nm.org
CMS,https://hms.hsdlions.org
CMS,https://hnjh.org
CMS,https://hnrcenter.com
CMS,https://hoegerhousekc.org
CMS,https://hoffmanhomes1910.org
CMS,https://hofh.org
CMS,https://holgatecenter.org
CMS,https://holidayhill.net
CMS,https://holidayhouseportsmouth.org
CMS,https://holidaymanorcc.com
CMS,https://holidayresorts.net
CMS,https://holidayretirement.com
CMS,https://holladayhealthcare.net
CMS,https://hollandhome.org
CMS,https://holloman.tricare.mil
CMS,https://hollycreekcommunity.com
CMS,https://hollywoodpremier.com
CMS,https://holycrosshc.org
CMS,https://holycrossvillage.org
CMS,https://holyfamilyhospital.org
CMS,https://holyfamilymedical.com
CMS,https://home.army.mil
CMS,https://homeandhealthcaremanagement.com
CMS,https://homedialysistherapies.com
CMS,https://homelandcenter.org
CMS,https://homeofhope.com
CMS,https://homeofmaine.com
CMS,https://homeplaceatmidway.christiancarecommunities.org
CMS,https://homesa.org
CMS,https://homesiderehab.com
CMS,https://homestead-hills.com
CMS,https://homesteadbehavioralhealth.com
CMS,https://homesteaddenison.com
CMS,https://homesteadlexhc.com
CMS,https://homesteadltc.com
CMS,https://homesteadmiddle.com
CMS,https://homesteadrhcc.com
CMS,https://hometownclinics.com
CMS,https://hometownfamilymedical.com
CMS,https://hometownhealthcenter.org
CMS,https://hometownhealthcenters.org
CMS,https://homewoodfrederick.com
CMS,https://homewoodmartinsburg.com
CMS,https://homewoodplumcreek.com
CMS,https://homewoodwilliamsport.com
CMS,https://honeygrovenursing.com
CMS,https://honorbridge.org
CMS,https://honorcommunityhealth.org
CMS,https://hoodriverpa.com
CMS,https://hope-medical.com
CMS,https://hopecarecenter.org
CMS,https://hopeclnc.org
CMS,https://hopedialysiscare.com
CMS,https://hopehealthvegas.org
CMS,https://hopehousehouston.org
CMS,https://hopeprimaryurgentcare.com
CMS,https://hopetherapycenter.net
CMS,https://hopewellcenter.org
CMS,https://hophysicianservices.site123.me
CMS,https://hopkinscenter.com
CMS,https://hopkinsnursingrehab.com
CMS,https://hopkinsvillefamily.com
CMS,https://horizon-health.org
CMS,https://horizonglendale.com
CMS,https://horizonhealthandrehab.com
CMS,https://horizonhealthfresno.com
CMS,https://horizonphysicaltherapy.com
CMS,https://horshamhc.com
CMS,https://hoskinsmedicalcenter.com
CMS,https://hospital_domain
CMS,https://hospitalcompare.io
CMS,https://hospitaldamas.com
CMS,https://hospitaldelaconcepcion.com
CMS,https://hospitaldelsocorrodenogalessadecv.miadn.mx
CMS,https://hospitaldrsusoni.com
CMS,https://hospitalguadalajara.com
CMS,https://hospitalmenonitacima.com
CMS,https://hospitalmetrocaborojo.com
CMS,https://hospitalmetropolitanopr.com
CMS,https://hospitalmetrosangerman.com
CMS,https://hospitalmetroutuado.com
CMS,https://hospitalpaviaarecibo.com
CMS,https://hospitalpaviacaguas.com
CMS,https://hospitalpaviahr.com
CMS,https://hospitalpaviapr.com
CMS,https://hospitalpaviayauco.com
CMS,https://hospitalperea.com
CMS,https://hospitals.goodbill.com
CMS,https://hospitals.vchca.org
CMS,https://hospitalsanfranciscopr.com
CMS,https://hosting.servicecenter1.com
CMS,https://hotspringshealth.com
CMS,https://houghtonrnc.com
CMS,https://houltonregional.org
CMS,https://houseofbread.com
CMS,https://houston-tc.com
CMS,https://houstoncentralcare.com
CMS,https://houstonhummingbird.house
CMS,https://houstonkidney.care
CMS,https://houstonmobilexray.com
CMS,https://howardbrown.org
CMS,https://hpcks.org
CMS,https://hpnursing.com
CMS,https://hprc.net
CMS,https://hpsnf.com
CMS,https://hpwohio.org
CMS,https://hrcsnf.com
CMS,https://hrwhite.org
CMS,https://hside.org
CMS,https://htnrc.org
CMS,https://hubbardhill.org
CMS,https://hudsonhillrehab.com
CMS,https://hudsonmemorialnursing.com
CMS,https://hudsonparkrehab.com
CMS,https://hudsonvalleyrehabilitation.com
CMS,https://hudsonviewrehab.com
CMS,https://hudsonvillephysicaltherapy.com
CMS,https://hudsonwidehealthcare.com
CMS,https://huebnercreekhealth.com
CMS,https://hulseytherapy.com
CMS,https://humphreyscountynursinghom.squarespace.com
CMS,https://huntercreekhealthandrehab.com
CMS,https://hunterdoncarecenter.com
CMS,https://hunterhealth.org
CMS,https://hunterspondrehabilitation.com
CMS,https://huntersvillehealthrehab.com
CMS,https://huntingdonhealth.com
CMS,https://huntingtondrivehcc.com
CMS,https://huntingtonhillscenter.com
CMS,https://huntingtonhrc.com
CMS,https://huntingtonparkcompletecare.com
CMS,https://huntingtonparknursingcenter.com
CMS,https://huntnursinghome.org
CMS,https://huntregionalmedicalpartners.org
CMS,https://huntsvillehc.com
CMS,https://huntsvillehealthandrehab.com
CMS,https://huntsvillehealthcarecenter.com
CMS,https://hurricanehealthandrehab.com
CMS,https://hvhcc.com
CMS,https://hwnova.org
CMS,https://hyattfamilyfacilities.com
CMS,https://hydeparkrehab.com
CMS,https://hyndmanhealth.org
CMS,https://iamsupports.org
CMS,https://ibnrc.org
CMS,https://iccare.org
CMS,https://ichome.org
CMS,https://icltexas.com
CMS,https://idahocfc.org
CMS,https://idahocommunitycare.com
CMS,https://idahokidney.com
CMS,https://iex.openminds.com
CMS,https://ifhcgf.org
CMS,https://ifhs.org
CMS,https://ihshawaii.org
CMS,https://ihtscassociates.com
CMS,https://ilaonline.org
CMS,https://imboden-gardens.wlcfirm.com
CMS,https://imboden-seniors.wlcfirm.com
CMS,https://imh2il.fasthealth.com
CMS,https://immacare.org
CMS,https://immanuel.com
CMS,https://immanuelcares.com
CMS,https://immanuels.com
CMS,https://immunizenevada.org
CMS,https://imperialcarecenter.com
CMS,https://imperialcresthc.com
CMS,https://imperialhcc.com
CMS,https://imperialhealthcarenj.com
CMS,https://imperialmanor.net
CMS,https://imperialvhc.com
CMS,https://imrehab.org
CMS,https://inclusivcare.com
CMS,https://incompasshc.org
CMS,https://independence-manor.com
CMS,https://independentdialysisgroup.com
CMS,https://indianadonornetwork.org
CMS,https://indianahealthonline.org
CMS,https://indiancanyonpostacute.com
CMS,https://indianhaven.com
CMS,https://indianhealthcenter.org
CMS,https://indianhills.sd25.us
CMS,https://indianriveral.com
CMS,https://indianriverrehabilitation.com
CMS,https://indigomanor.com
CMS,https://individualcarecenter.com
CMS,https://infinityrehab.com
CMS,https://info.ncdhhs.gov
CMS,https://inglesideonline.org
CMS,https://inglewoodhealthcarecenter.com
CMS,https://inmanhealthcare.com
CMS,https://innercare.org
CMS,https://innovate-pt.com
CMS,https://innovativelife.org
CMS,https://innovativerenal.com
CMS,https://insideoutys.org
CMS,https://insightcoldwater.org
CMS,https://inspirationhillsrehab.com
CMS,https://inspirebehavioralhealth.com
CMS,https://institute.org
CMS,https://integradialysis.com
CMS,https://integratedptservices.com
CMS,https://integrityrehab.net
CMS,https://integritytherapy.me
CMS,https://integrityuc.com
CMS,https://inter-faithcare.org
CMS,https://intercare.org
CMS,https://intercommunitycare.com
CMS,https://interlochenhealth.com
CMS,https://intermountainpt.com
CMS,https://intouchseniorservices.com
CMS,https://iowahealthcare.org
CMS,https://iowapca.org
CMS,https://ipophealth.org
CMS,https://iriny.org
CMS,https://irondalepostacute.com
CMS,https://isbellmedical.com
CMS,https://islandlakecenter.com
CMS,https://islandnursing.org
CMS,https://islehrc.com
CMS,https://ivapostacute.com
CMS,https://ivruralhealthclinic.com
CMS,https://ivyhallnursinghome.com
CMS,https://ivyhillpostacute.com
CMS,https://ivyparkpa.com
CMS,https://ivyrehab.com
CMS,https://iwsfamilyhealth.org
CMS,https://izardregionalhospital.com
CMS,https://jacksonfeild.org
CMS,https://jacksongardensrehab.com
CMS,https://jacksonmcf.com
CMS,https://jacksonmedicalmall.org
CMS,https://jacksonridgehc.com
CMS,https://jacksonridgerehab.com
CMS,https://jacksonvillehealthandrehab.com
CMS,https://jacksonvillekidney.com
CMS,https://jacobhealthcare.com
CMS,https://jacobscreekcare.com
CMS,https://jaffreyrnc.com
CMS,https://jamaicahospitalnursinghome.org
CMS,https://jamesrivernursingandrehabilitation.com
CMS,https://jamestownhealingclinic.org
CMS,https://jamestownhealth.org
CMS,https://jamestownplacerehab.com
CMS,https://jamumd.com
CMS,https://janepauleychc.org
CMS,https://jaspermountain.org
CMS,https://jawonio.org
CMS,https://jaxrenal.com
CMS,https://jaymedical.com
CMS,https://jaynesfamilypractice.com
CMS,https://jbs.branfordschools.org
CMS,https://jclewishealth.org
CMS,https://jcnh.org
CMS,https://jdlcllc.net
CMS,https://jdmc.org
CMS,https://jeffcitymanor.com
CMS,https://jefferson.sd25.us
CMS,https://jeffersoncityhc.com
CMS,https://jeffersoncityrehabcenter.com
CMS,https://jeffersontownrehab.com
CMS,https://jenarehabcenter.com
CMS,https://jenkins.hickoryschools.net
CMS,https://jephysicaltherapy.com
CMS,https://jerseyshorepostacute.com
CMS,https://jesliving.com
CMS,https://jewishboard.org
CMS,https://jewishhome.org
CMS,https://jewishhomefreehold.org
CMS,https://jewishhomeroc.org
CMS,https://jgslifecare.org
CMS,https://jhsmh.org
CMS,https://jibarron.rpsb.us
CMS,https://job-haines.org
CMS,https://johnclarkeseniorliving.org
CMS,https://johnknox.com
CMS,https://johnknoxvillage.com
CMS,https://johnsislandpa.com
CMS,https://johnsoncountyhr.com
CMS,https://johnstownheights.com
CMS,https://jolietcare.com
CMS,https://jolleyacreshealthcarecenter.com
CMS,https://jones.ashevillecityschools.net
CMS,https://jonesbororehabcenter.com
CMS,https://joplinhealthandrehab.com
CMS,https://jordanhealth.org
CMS,https://joshuatreepostacute.com
CMS,https://jpauljones.com
CMS,https://jrchc.org
CMS,https://jrfnj.org
CMS,https://jrmcnd.com
CMS,https://jsbhs.wcs.k12.va.us
CMS,https://juliamanornursingandrehab.com
CMS,https://juliatemple.com
CMS,https://junipercommunities.com
CMS,https://juniperhealth.org
CMS,https://jupiterrehab.com
CMS,https://jurupahillspa.com
CMS,https://jvsrehab.com
CMS,https://jwchinstitute.org
CMS,https://kadimaluzerne.com
CMS,https://kadokanursinghome.com
CMS,https://kagmanchc.org
CMS,https://kalex.kendal.org
CMS,https://kalispellrehab.com
CMS,https://kandtdiagnostic.com
CMS,https://kao.kendal.org
CMS,https://karcherpa.com
CMS,https://katahdin-healthcare.com
CMS,https://katapoltdev.com
CMS,https://katedishmanrehab.com
CMS,https://katherinehc.com
CMS,https://katherinesplace.org
CMS,https://katytrailcommunityhealth.org
CMS,https://kcarehome.com
CMS,https://kcatexoma.com
CMS,https://kccare.org
CMS,https://kearneycenter.org
CMS,https://kearsleyrehab.com
CMS,https://keefemh.org
CMS,https://kelleroakshealth.com
CMS,https://keltechmanagement.com
CMS,https://kempcarecenter.com
CMS,https://kempercountyms.gov
CMS,https://kempsvillecbh.com
CMS,https://kenansvillerehab.com
CMS,https://kendallvillemanor.com
CMS,https://kenedyhealth.com
CMS,https://kennebunkcenterrehab.com
CMS,https://kennedycarecenter.com
CMS,https://kennybrookvillage.com
CMS,https://kenrock.org
CMS,https://kensingtoncareandrehab.com
CMS,https://kensingtonhospital.org
CMS,https://kensingtonhrc.com
CMS,https://kensingtonnursingrehab.com
CMS,https://kensingtonrehab.com
CMS,https://kentmerenursing.com
CMS,https://kenwoodviewhrc.com
CMS,https://kenwoodvillagehc.com
CMS,https://keosauquahealthcare.com
CMS,https://keotahealthcarecenter.com
CMS,https://keraltyhospital.com
CMS,https://kerenscare.com
CMS,https://kernrivertc.com
CMS,https://kerrlakecare.com
CMS,https://ketchammemorial.com
CMS,https://keystone-pointe.net
CMS,https://keystonehealth.org
CMS,https://keystonepostacute.com
CMS,https://keystoneridgerehab.com
CMS,https://keysvillehealth.com
CMS,https://keywhitman.com
CMS,https://kgrehab.com
CMS,https://khccares.com
CMS,https://khs.sfhs.org
CMS,https://kiamichimed.org
CMS,https://kickapootexas.org
CMS,https://kidcarela.com
CMS,https://kidneycares.com
CMS,https://kidneydoctorsofmiami.com
CMS,https://kidneygroup.com
CMS,https://kidneykare.com
CMS,https://kidronbethel.org
CMS,https://kidscareclinic.com
CMS,https://kidscornerpediatrics.com
CMS,https://kidsgetwell.com
CMS,https://kidshealthalliance.com
CMS,https://kidsruspediatrics.com
CMS,https://kidsskillstherapy.wordpress.com
CMS,https://kidtherapy.org
CMS,https://kidz1stclinic.com
CMS,https://killeennursing.com
CMS,https://kimesnursingandrehab.com
CMS,https://kinderretirement.easyapply.co
CMS,https://king.portlandschools.org
CMS,https://kingcounty.gov
CMS,https://kingdavidnursing.org
CMS,https://kingdavidrehab.com
CMS,https://kingmanor.com
CMS,https://kingsburgcenter.com
CMS,https://kingsharbor.com
CMS,https://kingspointmedicalimaging.com
CMS,https://kingston-center.facilities.centershealthcare.org
CMS,https://kingstonofashland.com
CMS,https://kingstonofmiamisburg.com
CMS,https://kingstonresidenceoffortwayne.com
CMS,https://kingstonresidenceofperrysburg.com
CMS,https://kingstonresidenceofsylvania.com
CMS,https://kingstonresidenceofvermilion.com
CMS,https://kingwoodok.com
CMS,https://kingwoodotpt.com
CMS,https://kinnichealthcare.com
CMS,https://kinon.org
CMS,https://kinstonhealth.org
CMS,https://kippindy.org
CMS,https://kirbypines.com
CMS,https://kirk.tricare.mil
CMS,https://kirksvillemanor.com
CMS,https://kirkwoodbytheriver.com
CMS,https://kirkwoodmanor.com
CMS,https://kirtland.tricare.mil
CMS,https://kissimmeehrc.com
CMS,https://kissito.org
CMS,https://kitcarsonnr.com
CMS,https://kklivingcenters.com
CMS,https://klamathhealth.org
CMS,https://klondikenursing.com
CMS,https://kmpps.ukhc.org
CMS,https://knightdxlabs.ohsu.edu
CMS,https://knollsofoxford.org
CMS,https://knollwoodcommunity.org
CMS,https://knollwoodtn.com
CMS,https://knoxhospital.org
CMS,https://knoxvillebehavioralmedicine.com
CMS,https://kohala.hhsc.org
CMS,https://kohud.kendal.org
CMS,https://kominmedicalgroup.com
CMS,https://koolauloachc.org
CMS,https://kpchc.org
CMS,https://kprehab.com
CMS,https://krcc-nd.net
CMS,https://krhc.com
CMS,https://krohnclinic.com
CMS,https://krproviders.com
CMS,https://krusevillage.com
CMS,https://kschristianhome.org
CMS,https://ksmobilesolutions.com
CMS,https://kwcarehome.com
CMS,https://kwchc.net
CMS,https://kyakameena.net
CMS,https://kymha.com
CMS,https://kyrhc.com
CMS,https://labahianursing.com
CMS,https://labellaofalton.com
CMS,https://labellaofclifton.com
CMS,https://labellaofdanville.com
CMS,https://labellaofedwardsville.com
CMS,https://labellehrc.com
CMS,https://lacamascreekpa.com
CMS,https://lacanadacarecenter.com
CMS,https://lacasahealth.com
CMS,https://laceypostacute.com
CMS,https://lackeymemorialhospital.com
CMS,https://laclinica.org
CMS,https://laclinicadefamilia.org
CMS,https://laclinicahealth.org
CMS,https://lacoba.org
CMS,https://lacombecare.com
CMS,https://laconrehab.com
CMS,https://lacountynephrology.com
CMS,https://lacrescentahealthcarecenter.com
CMS,https://ladylakesc.com
CMS,https://laestima.org
CMS,https://lafamiliasf.org
CMS,https://lafayettehabilitation.org
CMS,https://lafayettemanor.net
CMS,https://lafayettesurgical.com
CMS,https://lafe-ep.org
CMS,https://lagrangenc.com
CMS,https://lagunahillshealth.com
CMS,https://lagunarainbow.org
CMS,https://lahaciendarehabcare.com
CMS,https://lajollanursingandrehab.com
CMS,https://lakebalboacarecenter.com
CMS,https://lakebdd.org
CMS,https://lakebennetrehab.com
CMS,https://lakecharlescarecenter.com
CMS,https://lakecityrehabcenter.com
CMS,https://lakecityscrantonhc.com
CMS,https://lakeemorypostacutecare.com
CMS,https://lakeforestvillage.com
CMS,https://lakehousehc.com
CMS,https://lakelandcare.com
CMS,https://lakelandhealthcarecenter.com
CMS,https://lakelandhillscenter.com
CMS,https://lakelandnursingandrehab.com
CMS,https://lakelandsnursingandrehab.org
CMS,https://lakelodgenursing.com
CMS,https://lakemanassashealthrehab.com
CMS,https://lakemariamhrc.com
CMS,https://lakemary.org
CMS,https://lakemontgomeryhrc.com
CMS,https://lakeparkcare.com
CMS,https://lakeplacidhrc.com
CMS,https://lakepleasanthealthcare.com
CMS,https://lakeportpa.com
CMS,https://lakeportseniorliving.com
CMS,https://lakeprincewoods.org
CMS,https://lakeridgept.com
CMS,https://lakes-area-health-center.com
CMS,https://lakes-litchfield.com
CMS,https://lakesatlutz.com
CMS,https://lakesdialysis.com
CMS,https://lakeshorepediatric.com
CMS,https://lakesidecrh.com
CMS,https://lakesidehealthandrehab.com
CMS,https://lakesidehrc.com
CMS,https://lakesidenorth.org
CMS,https://lakesidenursing.com
CMS,https://lakesidepa.com
CMS,https://lakeviewmanornh.com
CMS,https://lakeviewnursingcenter.com
CMS,https://lakeviewpa.com
CMS,https://lakeviewrhc.com
CMS,https://lakevillageclinic.com
CMS,https://lakevillagenursing.com
CMS,https://lakewaycare.com
CMS,https://lakewoodhr.com
CMS,https://lakewoodnursingcenter.com
CMS,https://lakewoodpa.com
CMS,https://lakeworthrehabilitation.com
CMS,https://lalgbtcenter.org
CMS,https://lamaestra.org
CMS,https://lamarcountyschools.org
CMS,https://lamarestatesllc.com
CMS,https://lamesahealthcare.com
CMS,https://lampstandnursing.com
CMS,https://lanaihealth.org
CMS,https://lancasterhcg.com
CMS,https://lancasterhealthcenter.com
CMS,https://lancastermo.com
CMS,https://landesmobile.com
CMS,https://landmark-br.com
CMS,https://landmark-lc.com
CMS,https://landmark-lv.com
CMS,https://landmarkamarillo.com
CMS,https://landmarkmedicalcenter.net
CMS,https://landmarknursingcare.com
CMS,https://landmarkofelkhorn.com
CMS,https://landmarkplano.com
CMS,https://lanecounty.org
CMS,https://lanessacare.com
CMS,https://langleyhealth.com
CMS,https://lanierrehab.com
CMS,https://lapalmanc.com
CMS,https://lapalomahealthcare.com
CMS,https://larchwoodcare.com
CMS,https://largohc.com
CMS,https://larksfield.org
CMS,https://lasatacampus.com
CMS,https://lasbrisasrehabsuites.com
CMS,https://lascolinaspa.com
CMS,https://lascrucesvillage.com
CMS,https://lascruceswellness.com
CMS,https://lasellvillage.com
CMS,https://lasestancias.yourpurehealth.com
CMS,https://lasierracarecenter.com
CMS,https://lassennrc.com
CMS,https://lasvegasmedicalgroup.com
CMS,https://lasventanascarecenter.com
CMS,https://lauderdaleclc.cesltc.com
CMS,https://laurelbay.net
CMS,https://laurelbrook.org
CMS,https://laurelbrookrehab.com
CMS,https://laurelcirclelcs.com
CMS,https://laurelfamilyhealthcenter.com
CMS,https://laurelheightshospital.com
CMS,https://laurellakeshc.com
CMS,https://laurelmanorhc.com
CMS,https://laurelparkbhc.com
CMS,https://laurelparkrehab.com
CMS,https://laurelridgehcc.com
CMS,https://laurelridgerehab.com
CMS,https://laurelseniorliving.com
CMS,https://laurelsquarehealthcare.com
CMS,https://laurelwoodclc.cesltc.com
CMS,https://lavidabuenahc.com
CMS,https://lavidaserenanursing.com
CMS,https://lawndale.org
CMS,https://lawrencehealthcarecenter.com
CMS,https://lawrencememorial.info
CMS,https://lawrencenursingcarecenter.com
CMS,https://lawrencerehabhc.com
CMS,https://lawrencerehabhospital.com
CMS,https://lawrencevillehealth.com
CMS,https://lawtondialysis.com
CMS,https://lbclinic.org
CMS,https://lbhealthcenter.com
CMS,https://lbhomes.org
CMS,https://lbjtmc.org
CMS,https://lbucommunityclinic.org
CMS,https://lbvhealthandaesthetics.com
CMS,https://lcca.com
CMS,https://lchcommunityhealth.org
CMS,https://lchealth.com
CMS,https://lchs.leslie.kyschools.us
CMS,https://lck8.org
CMS,https://lcmanor.com
CMS,https://lcnw.org
CMS,https://leadingedgepolk.com
CMS,https://leahi.hhsc.org
CMS,https://leakesvillerehab.com
CMS,https://lebanoncenterrehab.com
CMS,https://lec.org
CMS,https://lecom.edu
CMS,https://ledgewood.me
CMS,https://leemanor.com
CMS,https://leemillerrehab.com
CMS,https://legacy-nursing.com
CMS,https://legacydialysis.com
CMS,https://legacyestateltc.com
CMS,https://legacyfortsmith.com
CMS,https://legacynursingrehab.com
CMS,https://legacyofhope.org
CMS,https://legacyoflifehawaii.org
CMS,https://legacypleasantgrove.com
CMS,https://legacyrehabandliving.com
CMS,https://legacytcr.com
CMS,https://legendennis.com
CMS,https://legendgarland.com
CMS,https://legendgladewater.com
CMS,https://legendgreenville.com
CMS,https://legendhealthcareparis.com
CMS,https://legendkyle.com
CMS,https://legendnewbraunfels.com
CMS,https://legendnorthaustin.com
CMS,https://legendnorthwesthouston.com
CMS,https://legendoaksfortworth.com
CMS,https://legendoakswaxahachie.com
CMS,https://legendsnwh.com
CMS,https://legendsofcare.com
CMS,https://legendsouthsanantonio.com
CMS,https://legendwestsanantonio.com
CMS,https://leisurechateau.com
CMS,https://leisurecourtnc.com
CMS,https://leisureglenrehab.com
CMS,https://lemongrovecare.com
CMS,https://lemontcenter.com
CMS,https://lenbrook-atlanta.org
CMS,https://lennwood.com
CMS,https://lenoirhealthrehab.com
CMS,https://leonardvillenh.org
CMS,https://lerevedallas.com
CMS,https://leroyvillagegreen.com
CMS,https://les.lamarcountyschools.org
CMS,https://letchermanor.com
CMS,https://levellandcare.com
CMS,https://lewisandclark.sd25.us
CMS,https://lexingtonhealthrehab.com
CMS,https://lexingtonhrc.com
CMS,https://lexingtonml.com
CMS,https://lexingtonrenalcare.com
CMS,https://lexingtonscrehab.com
CMS,https://lexpremier.com
CMS,https://lfhs.sfhs.org
CMS,https://lfis.hcai.ca.gov
CMS,https://lhcliving.com
CMS,https://lhcp.squarespace.com
CMS,https://lhs.lamarcountyschools.org
CMS,https://lhs.lewistonpublicschools.org
CMS,https://lhsbarbertongov.com
CMS,https://lhshealth.com
CMS,https://lhshillsborogov.com
CMS,https://lhsouthbury.com
CMS,https://lhsperrysburggov.com
CMS,https://liberty.floridahealth.gov
CMS,https://libertycenterhc.com
CMS,https://libertyclc.cesltc.com
CMS,https://libertydialysis.com
CMS,https://libertyhealthandrehab.com
CMS,https://libertyhealthcarecenter.com
CMS,https://libertymedsurg.com
CMS,https://libertypointerhc.com
CMS,https://libertypointstaunton.com
CMS,https://libertyvillageofcarbondale.com
CMS,https://libertyvillageofcentralia.com
CMS,https://libertyvillageofclinton.com
CMS,https://libertyvillageoffreeport.com
CMS,https://libertyvillageofjerseyville.com
CMS,https://libertyvillageofmarion.com
CMS,https://libertyvillageofmaryville.com
CMS,https://libertyvillageofpekin.com
CMS,https://libertyvillageofperu.com
CMS,https://libertyvillageofpittsfield.com
CMS,https://libertyvillageofprinceton.com
CMS,https://libertyvillageofrochelle.com
CMS,https://licommunityhospital.org
CMS,https://life-skills-therapy-center-of-san-juan.hub.biz
CMS,https://lifeatheritage.org
CMS,https://lifeatthecardinal.com
CMS,https://lifebridgesonline.com
CMS,https://lifecarecenterofsarasota.com
CMS,https://lifecarecenterofthewillows.com
CMS,https://lifecarefhdc.org
CMS,https://lifecirclewhc.com
CMS,https://lifegen.net
CMS,https://lifeline-therapy.com
CMS,https://lifelineofohio.org
CMS,https://lifelinepartners.com
CMS,https://lifelinkfoundation.org
CMS,https://lifelongmedical.org
CMS,https://lifepath.org
CMS,https://lifequestfla.org
CMS,https://lifequestnursinghome.org
CMS,https://lifespire.org
CMS,https://lifqhc.com
CMS,https://ligacancerpr.org
CMS,https://lighthouseacademy.warrencountyschools.org
CMS,https://lighthousecarecenters.com
CMS,https://lighthouserehabhc.com
CMS,https://lij.northwell.edu
CMS,https://lilacbayview.com
CMS,https://lilacsilverpalms.com
CMS,https://liladoyle.com
CMS,https://lilliancarterhealthandrehab.com
CMS,https://lincolnchc.org
CMS,https://lincolncrawford.com
CMS,https://lincolnmeadowscarecenter.com
CMS,https://lincolnnursinghome.org
CMS,https://lincolnparkcarecenter.com
CMS,https://lincolnresidentialms.com
CMS,https://lincolnvillagehc.com
CMS,https://lincolnwoodhc.com
CMS,https://lindalespecialtycare.com
CMS,https://lindamanor.org
CMS,https://lindengrovecenter.com
CMS,https://lindenpa.com
CMS,https://lindenplacecnr.com
CMS,https://lindenwoodsvillage.com
CMS,https://lindsaygardenshc.com
CMS,https://lindsayhospital.com
CMS,https://lindsborghospital.org
CMS,https://linevillehealthandrehab.com
CMS,https://lingenfeltercenter.com
CMS,https://linleyparkpa.com
CMS,https://linncomm.org
CMS,https://linnmanor.com
CMS,https://linwoodmeadows.com
CMS,https://lionsgateccrc.org
CMS,https://lionsrehab.com
CMS,https://litchfieldwoods.com
CMS,https://litchfordfallshealthrehab.com
CMS,https://littlebirch.brax.k12.wv.us
CMS,https://littlebrooknursinghome.com
CMS,https://littlesistersofthepoorbaltimore.org
CMS,https://littlesistersofthepoorchicago.org
CMS,https://littlesistersofthepoorconnecticut.org
CMS,https://littlesistersofthepoordelaware.org
CMS,https://littlesistersofthepoorindianapolis.org
CMS,https://littlesistersofthepoorkansascity.org
CMS,https://littlesistersofthepoorlouisville.org
CMS,https://littlesistersofthepoormobile.org
CMS,https://littlesistersofthepoorpalatine.org
CMS,https://littlesistersofthepoorpawtucket.org
CMS,https://littlesistersofthepoorphiladelphia.org
CMS,https://littlesistersofthepoorpittsburgh.org
CMS,https://littlesistersofthepoorqueens.org
CMS,https://littlesistersofthepoorsanfrancisco.org
CMS,https://littlesistersofthepoorstpaul.org
CMS,https://littlesistersofthepoorwashingtondc.org
CMS,https://littletesoros.com
CMS,https://littletoncare.com
CMS,https://littlevillagenursing.com
CMS,https://litzenberg.fasthealth.com
CMS,https://liveatthevirginian.com
CMS,https://liveonnebraska.org
CMS,https://livewell.org
CMS,https://livia-health.com
CMS,https://livingbranches.org
CMS,https://livingcenter.com
CMS,https://livingmeadows.com
CMS,https://livingstonmanorcare.com
CMS,https://livingstonpostacute.com
CMS,https://livingwell.org
CMS,https://livingwellhealthcare.net
CMS,https://llchc.org
CMS,https://llcs.dph.illinois.gov
CMS,https://lluh.org
CMS,https://lms.lcps.net
CMS,https://lmxr.com
CMS,https://loavesfishesministries.org
CMS,https://local.aarp.org
CMS,https://locations.dignityhealth.org
CMS,https://locations.geisinger.org
CMS,https://locations.lhcgroup.com
CMS,https://locations.muschealth.org
CMS,https://locations.musckids.org
CMS,https://locations.sevitahealth.com
CMS,https://locator.lacounty.gov
CMS,https://lockhavenhc.com
CMS,https://locustgrovevillage.com
CMS,https://locustridgehc.com
CMS,https://loganmanorcare.com
CMS,https://logansquarerehab.com
CMS,https://lomalindapa.com
CMS,https://lomitarehab.com
CMS,https://lonestarcares.org
CMS,https://lonestarmobilexray.com
CMS,https://lonetreepa.com
CMS,https://longbeachnrc.com
CMS,https://longislandcarecenter.com
CMS,https://longmeadowhealthcare.com
CMS,https://longprairiehealth.com
CMS,https://longtermpsych.org
CMS,https://longwoodclc.cesltc.com
CMS,https://longwoodhrc.com
CMS,https://longwoodmanorhc.com
CMS,https://lopezislandhd.org
CMS,https://lorainhealth-dentistry.org
CMS,https://lordchamberlain.net
CMS,https://lorettocny.org
CMS,https://losalamoswellness.com
CMS,https://losaltossubacute.com
CMS,https://losangeles.tricare.mil
CMS,https://losangelesrehabwc.com
CMS,https://losarcoscarecenter.com
CMS,https://losbanospostacute.com
CMS,https://lostcreekhcc.com
CMS,https://lotusnursing.care
CMS,https://lotusvillagecnr.com
CMS,https://loudounrehab.com
CMS,https://louisahealthrehab.com
CMS,https://louisburghrc.com
CMS,https://louisville-clinic.yeeq.io
CMS,https://louisville.edu
CMS,https://louisvillegardenshc.com
CMS,https://lowryhillscare.org
CMS,https://loyalhannacc.com
CMS,https://lp.ddouglas.k12.or.us
CMS,https://lpca.net
CMS,https://lpconv.com
CMS,https://lph.hospital
CMS,https://lprenaissance.com
CMS,https://lrboi-nsn.gov
CMS,https://lrh.ernesthealth.com
CMS,https://lrrh.ernesthealth.com
CMS,https://lscarolinas.net
CMS,https://lschc.org
CMS,https://lsh.ernesthealth.com
CMS,https://lssnetworkofhope.org
CMS,https://lsssd.org
CMS,https://ltbbodawa-nsn.gov
CMS,https://ltclicensing.oregon.gov
CMS,https://lthcc.com
CMS,https://lubbockcarecenter.com
CMS,https://lubsnf.com
CMS,https://lucascountyhealth.com
CMS,https://lucee.warrick.net
CMS,https://lucycorr.org
CMS,https://ludemanpflc.org
CMS,https://ludlowecenterhealth.com
CMS,https://luke.tricare.mil
CMS,https://lulingcarecenter.com
CMS,https://lumbercityhc.com
CMS,https://lumcfs.org
CMS,https://lungandwellnesscenters.com
CMS,https://lutheran-living.org
CMS,https://lutheranlifecommunities.org
CMS,https://lutheranlivingcommunities.org
CMS,https://lutheranrehab.com
CMS,https://lutheransunset.org
CMS,https://lutherhome.org
CMS,https://luthermanor.com
CMS,https://luthermemorialhome.com
CMS,https://lutherparkcommunity.org
CMS,https://luvernehealthandrehab.com
CMS,https://luxeatjupiter.com
CMS,https://luxeatwellington.com
CMS,https://luxerehabcenter.com
CMS,https://luxormillspond.com
CMS,https://luxurydialysis.com
CMS,https://lvdhealthcenter.com
CMS,https://lynchburghealthrehab.com
CMS,https://lynncare.org
CMS,https://lynnchc.org
CMS,https://lynnwoodparc.com
CMS,https://lynwoodhcc.com
CMS,https://lynwoodmanor.com
CMS,https://lynwoodrehab.com
CMS,https://lyon-martin.org
CMS,https://lyonsphysicaltherapy.com
CMS,https://m.covenanthealthcare.com
CMS,https://m.moorparkfamilymedicalclinic.com
CMS,https://ma.care-one.com
CMS,https://mabanknc.com
CMS,https://macdill.tricare.mil
CMS,https://maclayhealth.com
CMS,https://macombpacc.com
CMS,https://maconcountytn.gov
CMS,https://maconrhc.com
CMS,https://maconvalley.com
CMS,https://mactown.org
CMS,https://maderarehab.com
CMS,https://madiganestates.com
CMS,https://madisoncountynursinghome.com
CMS,https://madisoncourtms.com
CMS,https://madisonfamilyclinic.com
CMS,https://madisonhealthandrehab.com
CMS,https://madisonvillecarecenter.com
CMS,https://madisonvillehealthandrehab.com
CMS,https://madohealthcare.com
CMS,https://madrasmedicalgroup.com
CMS,https://madridhome.com
CMS,https://maefairhcc.com
CMS,https://magee.fasthealth.com
CMS,https://magicvalleykidney.com
CMS,https://magnoliacreekrehab.com
CMS,https://magnoliagardenscnr.com
CMS,https://magnoliagardenshc.com
CMS,https://magnoliahcrehab.com
CMS,https://magnolialanecare.com
CMS,https://magnolialr.com
CMS,https://magnoliamanorgreenville.com
CMS,https://magnoliamanorgreenwood.com
CMS,https://magnoliamanorrockhill.com
CMS,https://magnoliamanorspartanburg.com
CMS,https://magnolianursingrehab.com
CMS,https://magnoliaok.com
CMS,https://magnoliapeds.com
CMS,https://magnoliapostacute.com
CMS,https://magnoliaridgerehab.com
CMS,https://magnoliasquarenursingandrehab.com
CMS,https://mahec.net
CMS,https://mahnomenhealth.org
CMS,https://mahoneyhouse.org
CMS,https://maimonideshealthcentervb.com
CMS,https://main.sbcounty.gov
CMS,https://mainevets.org
CMS,https://mainplacepostacute.com
CMS,https://mainstreetfamilymedicine.us
CMS,https://mainstreetpedspc.com
CMS,https://mainstreetpt.net
CMS,https://mainstreetruralhealth.com
CMS,https://mainwestpostacute.com
CMS,https://majesticcarecenter.com
CMS,https://majesticgardensrehab.com
CMS,https://majesticmtn.com
CMS,https://majesticrehab.com
CMS,https://mallardbayrehab.com
CMS,https://malleytcc.com
CMS,https://malmstrom.tricare.mil
CMS,https://maluhia.hhsc.org
CMS,https://mammothhospital.org
CMS,https://manatawnymanorpa.com
CMS,https://manawacommunitylivingcenter.net
CMS,https://manaxray.squarespace.com
CMS,https://manchestercenterrehab.com
CMS,https://manchesterhc.com
CMS,https://manchestermanorch.com
CMS,https://manderleyhealth.com
CMS,https://mandmxray.wixsite.com
CMS,https://manhattanrehabcenter.com
CMS,https://manhattanviewrehab.com
CMS,https://manhattanvillehealthcare.com
CMS,https://manilahealthcarecenter.com
CMS,https://manitowochrc.com
CMS,https://mannapostacute.com
CMS,https://manokinrehab.com
CMS,https://manoratgreendale.com
CMS,https://manoratperrysburg.com
CMS,https://mansfieldmedicalimaging.com
CMS,https://mansfieldmedicallodge.com
CMS,https://mansionnursing.com
CMS,https://mansionsunbury.com
CMS,https://manteocommunityhealthcenter.org
CMS,https://manzanitahc.com
CMS,https://manzanodelsol.com
CMS,https://mapbt.com
CMS,https://mapems.org
CMS,https://maplecrest.net
CMS,https://maplecrestnursing.com
CMS,https://mapleghc.com
CMS,https://maplegrovecare.com
CMS,https://maplegroveseniorlivingllc.com
CMS,https://maplegrovewr.com
CMS,https://maplehealthandrehab.com
CMS,https://mapleknoll.org
CMS,https://maplelawn.org
CMS,https://mapleleafhcc.com
CMS,https://maplemanorrehab.com
CMS,https://mapleridgehc.com
CMS,https://maplespringsliving.com
CMS,https://mapletoncare.com
CMS,https://mapletoncommunityhome.com
CMS,https://mapleviewrehab.com
CMS,https://maplewindsrehab.com
CMS,https://maplewoodhealthpa.com
CMS,https://maplewoodparkplace.com
CMS,https://maplewoodrehab.com
CMS,https://maquoketacarecenter.com
CMS,https://margaretemoul.org
CMS,https://margarettietz.org
CMS,https://margaterehab.com
CMS,https://marianhome.com
CMS,https://mariannamedicalclinic.com
CMS,https://mariashealth.org
CMS,https://marillachealth.org
CMS,https://marincityclinic.org
CMS,https://marinecreeknursing.com
CMS,https://marinercapitaladvisors.com
CMS,https://marinpostacute.com
CMS,https://mariposaptcenter.com
CMS,https://markleyrehab.com
CMS,https://marlboroughhealthcare.com
CMS,https://marlboroughhillsrehab.com
CMS,https://marletteregionalhospital.org
CMS,https://marlora.com
CMS,https://marshalls-healthcare.com
CMS,https://marshesofskidaway.org
CMS,https://marshs-edge.com
CMS,https://marthafranks.com
CMS,https://marthalloyd.org
CMS,https://martingeneral.com
CMS,https://martinluthercampus.com
CMS,https://martinnursing.com
CMS,https://martinsvillephysicaltherapy.com
CMS,https://martinsvillerehab.com
CMS,https://maryannanursinghome.com
CMS,https://maryannmorse.org
CMS,https://marycampbellcenter.org
CMS,https://marycrestculvercity.com
CMS,https://maryford.ccsdschools.com
CMS,https://marygoff.rpsb.us
CMS,https://maryhealth.com
CMS,https://maryhillmanor.org
CMS,https://marylandbaptistagedhome.org
CMS,https://marylandgardenspa.com
CMS,https://marylandheightsbehavioralhealth.com
CMS,https://marymounthcs.org
CMS,https://marysvillepostacute.com
CMS,https://marytinc.com
CMS,https://marywade.org
CMS,https://marywoodheights.org
CMS,https://maseniorcare.org
CMS,https://masoncreektransitional.com
CMS,https://masonhc.com
CMS,https://masonichome.org
CMS,https://masonichomeny.org
CMS,https://masonicvillageelizabethtown.org
CMS,https://masonicvillagelafayettehill.org
CMS,https://masonicvillagesewickley.org
CMS,https://masonicvillagewarminster.org
CMS,https://massenarnc.com
CMS,https://masseyeandear.org
CMS,https://mastercarept.com
CMS,https://matadornursing.com
CMS,https://matagordanr.com
CMS,https://matlockplace.com
CMS,https://mattawacommunitymedicalclinic.org
CMS,https://matulaitisnh.org
CMS,https://maunalaninursing.org
CMS,https://maybrookhills.com
CMS,https://mayfieldcrc.com
CMS,https://mayflowercarecenter.com
CMS,https://mayflowerhomes.com
CMS,https://mayohc.org
CMS,https://maysvillenursing.com
CMS,https://mbhci.org
CMS,https://mbhdistrict.org
CMS,https://mbmanor.org
CMS,https://mcallentransitionalcare.com
CMS,https://mccallrehab.com
CMS,https://mcclayseniorcare.com
CMS,https://mcclurepa.yolocare2.com
CMS,https://mccn.org
CMS,https://mccombrehabcenter.com
CMS,https://mcconnell.tricare.mil
CMS,https://mccormickpa.com
CMS,https://mccoyelementary.masd.k12.ms.us
CMS,https://mccreamanorhc.com
CMS,https://mccriteplaza.com
CMS,https://mcdowell.k12.nc.us
CMS,https://mcdowellcenterforchildren.com
CMS,https://mcdowellwellness.com
CMS,https://mcf.isabellacounty.org
CMS,https://mcgehee-ar.hospitalscenter.com
CMS,https://mcgregoramasa.org
CMS,https://mcguirememorial.org
CMS,https://mchcc.org
CMS,https://mchcinc.org
CMS,https://mchcny.org
CMS,https://mchcpr.org
CMS,https://mchcwi.org
CMS,https://mchd.org
CMS,https://mchs-healthcare.org
CMS,https://mcintoshcare.com
CMS,https://mcintoshseniorliving.com
CMS,https://mckinleyhc.com
CMS,https://mckinleyparkcarecenter.com
CMS,https://mckinneyhealthcare.net
CMS,https://mcknightclinic.org
CMS,https://mcknightplace.com
CMS,https://mcleancare.org
CMS,https://mcleancarecenter.com
CMS,https://mcnr.org
CMS,https://mcphd.net
CMS,https://mcpl.info
CMS,https://mcprs.org
CMS,https://mcr.health
CMS,https://mcsherr.com
CMS,https://md-plus.webflow.io
CMS,https://md.rcm.upr.edu
CMS,https://mdmasonichomes.com
CMS,https://mdsdigitalxray.com
CMS,https://mdsxray.net
CMS,https://meadowbrookappleton.com
CMS,https://meadowbrookbhc.com
CMS,https://meadowbrookbloomer.com
CMS,https://meadowbrookbrf.com
CMS,https://meadowbrookcarecenter.com
CMS,https://meadowbrookchetek.com
CMS,https://meadowbrookhc.com
CMS,https://meadowbrookhealth.com
CMS,https://meadowbrookmcf.com
CMS,https://meadowbrookocontofalls.com
CMS,https://meadowbrookofgranby.com
CMS,https://meadowbrookrehabilitation.com
CMS,https://meadowbrookrhc.com
CMS,https://meadowbrookvillage.org
CMS,https://meadowcreekpostacute.com
CMS,https://meadowlakeokc.com
CMS,https://meadowlakesonline.org
CMS,https://meadowoodnc.com
CMS,https://meadowparkcare.com
CMS,https://meadowparkrehabhc.com
CMS,https://meadowparkrehabilitation.com
CMS,https://meadowsridge.com
CMS,https://meadowviewnursingandrehab.com
CMS,https://meadowviewrehab.com
CMS,https://meadowwindhc.com
CMS,https://meadvilleconvalescent.com
CMS,https://mechs.madisonk12.net
CMS,https://med.stanford.edu
CMS,https://medallionparc.com
CMS,https://medcentercare.com
CMS,https://medclinicpc.com
CMS,https://medcura.org
CMS,https://medfordleas.org
CMS,https://medfordrnc.com
CMS,https://medical-imaging-services.cmac.ws
CMS,https://medicalassociatesofsoutheastky.com
CMS,https://medicalcentersetexas.org
CMS,https://medicalhillhc.com
CMS,https://medicalmgmthealth-rehab.com
CMS,https://medicalservicesunlimitedvandaliail.com
CMS,https://medicine.howard.edu
CMS,https://medicinebowhealthcenter.weebly.com
CMS,https://medicusdiagnostic.com
CMS,https://medilodgeattheshore.com
CMS,https://medilodgeofalpena.com
CMS,https://medilodgeofcampusarea.com
CMS,https://medilodgeofcapitalarea.com
CMS,https://medilodgeofcasscity.com
CMS,https://medilodgeofcheboygan.com
CMS,https://medilodgeofclare.com
CMS,https://medilodgeofeastlansing.com
CMS,https://medilodgeoffarmington.com
CMS,https://medilodgeoffrankenmuth.com
CMS,https://medilodgeofgaylord.com
CMS,https://medilodgeofgrandblanc.com
CMS,https://medilodgeofgrandrapids.com
CMS,https://medilodgeofgreenview.com
CMS,https://medilodgeofgtc.com
CMS,https://medilodgeofhillman.com
CMS,https://medilodgeofholland.com
CMS,https://medilodgeofhowell.com
CMS,https://medilodgeofkalamazoo.com
CMS,https://medilodgeoflansing.com
CMS,https://medilodgeofleelanau.com
CMS,https://medilodgeoflivingston.com
CMS,https://medilodgeofludington.com
CMS,https://medilodgeofmarshall.com
CMS,https://medilodgeofmidland.com
CMS,https://medilodgeofmilford.com
CMS,https://medilodgeofmonroe.com
CMS,https://medilodgeofmontrose.com
CMS,https://medilodgeofmtpleasant.com
CMS,https://medilodgeofmunising.com
CMS,https://medilodgeofokemos.com
CMS,https://medilodgeofplymouth.com
CMS,https://medilodgeofportage.com
CMS,https://medilodgeofporthuron.com
CMS,https://medilodgeofrichmond.com
CMS,https://MediLodgeofRochesterHills.com
CMS,https://medilodgeofrogerscity.com
CMS,https://medilodgeofsaultstemarie.com
CMS,https://medilodgeofshoreline.com
CMS,https://medilodgeofsouthfield.com
CMS,https://medilodgeofstclair.com
CMS,https://medilodgeofsterling.com
CMS,https://medilodgeofsterlingheights.com
CMS,https://medilodgeoftawascity.com
CMS,https://medilodgeoftaylor.com
CMS,https://medilodgeoftraversecity.com
CMS,https://medilodgeofwestwood.com
CMS,https://medilodgeofwyoming.com
CMS,https://medilodgeofyale.com
CMS,https://medinafamilymedical.com
CMS,https://medinahealth.org
CMS,https://medinanursingcenter.wixsite.com
CMS,https://mediv8.com
CMS,https://medlifediagnostic.com
CMS,https://medlinkga.org
CMS,https://mednorth.org
CMS,https://medparkwestrehab.com
CMS,https://medray-inc.com
CMS,https://medschool.vcu.edu
CMS,https://medspecialtyclinic.com
CMS,https://medstopone.com
CMS,https://medwiseuc.com
CMS,https://mehop.org
CMS,https://melbournenursingandrehab.com
CMS,https://melbourneterracerehab.com
CMS,https://members.bardstownchamber.com
CMS,https://members.bryanhealth.com
CMS,https://members.bullittchamber.org
CMS,https://members.careoklahoma.com
CMS,https://members.dlcchamber.org
CMS,https://members.nmhca.org
CMS,https://memorialheights.heartway.org
CMS,https://memorialnursinghome.com
CMS,https://memorycareeaston.com
CMS,https://memphisconvalescent.com
CMS,https://memphisjewishhome.org
CMS,https://memphispt.com
CMS,https://mendocinocoastclinics.org
CMS,https://menifeelakespostacute.com
CMS,https://menloparkpa.com
CMS,https://menno-olivetcarecenter.org
CMS,https://mennofriend.com
CMS,https://mennohaven.org
CMS,https://mennonitevillage.org
CMS,https://menomoniedental.com
CMS,https://menorahhousenursing.com
CMS,https://menorahlife.org
CMS,https://menorahparkofcny.com
CMS,https://mentalhealth.networkofcare.org
CMS,https://mentalhealthmke.org
CMS,https://mentalhealthms.com
CMS,https://mentalhealthrehabs.com
CMS,https://mercedbehavioral.com
CMS,https://mercednursinghcc.com
CMS,https://mercermanor.com
CMS,https://mercyatlanta.org
CMS,https://mercycircle.org
CMS,https://mercyhousingct.org
CMS,https://mercykidsrehab.com
CMS,https://mercymedicalhealth.com
CMS,https://mercyrehab.com
CMS,https://mercytn.org
CMS,https://meridenrehab.com
CMS,https://meridiancarealice.com
CMS,https://meridiangalveston.com
CMS,https://meridiannursinghome.com
CMS,https://merrillpt.com
CMS,https://merrimancare.com
CMS,https://merrittphysicaltherapy.com
CMS,https://merryheart.com
CMS,https://mesahillspa.com
CMS,https://mesasprings.com
CMS,https://mesaspringsvillage.com
CMS,https://mesaviewmedical.com
CMS,https://mesavistahealthcenter.com
CMS,https://mesunhealthservices.com
CMS,https://metairiehc.com
CMS,https://metcalfeheatlhcare.org
CMS,https://methwick.org
CMS,https://metrocommunityhealthcenter.org
CMS,https://metrocompmc.com
CMS,https://metrocrestchamber.chambermaster.com
CMS,https://metrosouthmedi.wpenginepowered.com
CMS,https://mexialtc.com
CMS,https://mfc-health.org
CMS,https://mghwv.net
CMS,https://mgmhealthcare.com
CMS,https://mhawny.org
CMS,https://mhchealthcare.org
CMS,https://mhcoliving.org
CMS,https://mheds.org
CMS,https://mhmrtarrant.org
CMS,https://mhs.madisonk12.net
CMS,https://mhs.sfhs.org
CMS,https://mhsi.org
CMS,https://mhweb.org
CMS,https://miami.salvationarmyflorida.org
CMS,https://miamicac.org
CMS,https://miamioh.edu
CMS,https://miamishoresrehab.com
CMS,https://miamispringsrehab.com
CMS,https://michiganmasons.org
CMS,https://michigantherapyinstitute.com
CMS,https://mid-delta.org
CMS,https://midcarolinafm.com
CMS,https://midcityofbr.com
CMS,https://midcoastcentral.com
CMS,https://middleburgrehab.com
CMS,https://middleparkhealth.org
CMS,https://middlesboronursing.com
CMS,https://middletown.cadiahealthcare.com
CMS,https://middletownnursingandrehab.com
CMS,https://middletownparkrehab.com
CMS,https://middlewayhouse.org
CMS,https://midlandathome.org
CMS,https://midlandchs.org
CMS,https://midlandsbehavioralhealth.com
CMS,https://midlandshealthandrehab.com
CMS,https://midlothianhealthcare.com
CMS,https://midneluth.com
CMS,https://midsouthmentalhealth.org
CMS,https://midsouthtransplant.org
CMS,https://midtowncenterfhr.com
CMS,https://midtownemeadowshealth.com
CMS,https://midtownhealthne.org
CMS,https://midtownoaks.com
CMS,https://midvalleycommunityclinic.com
CMS,https://midwest-center.com
CMS,https://midwestcovenanthome.org
CMS,https://midwestfamilyofcompanies.com
CMS,https://midwestmobileimaging.com
CMS,https://midwestnephrologyassociates.com
CMS,https://migrantspr.com
CMS,https://milestone-inc.org
CMS,https://milestonesofdevelopment.org
CMS,https://milfordrehab.com
CMS,https://millbrae-carecenter.com
CMS,https://millbrookhealthcare.net
CMS,https://millcreekcnr.com
CMS,https://millcroftliving.com
CMS,https://millelacsband.com
CMS,https://millenniumpostacute.com
CMS,https://millercountycare.com
CMS,https://millermanor.com
CMS,https://millersgrant.org
CMS,https://millersmerrymanor.com
CMS,https://millingtonhc.com
CMS,https://millmanorcare.com
CMS,https://millsboro.cadiahealthcare.com
CMS,https://millsnr.com
CMS,https://milltownhealth.com
CMS,https://milnerhealthcare.org
CMS,https://miltonhealthpa.com
CMS,https://milxray.com
CMS,https://mimbresvalleymedicalgroup.com
CMS,https://mindworksrehab.com
CMS,https://mineralwellsnursing.com
CMS,https://minervahcc.com
CMS,https://minidokamemorial.org
CMS,https://minneapolishrc.com
CMS,https://minnesotamobileexams.com
CMS,https://minniehughes.ccsdschools.com
CMS,https://minot.tricare.mil
CMS,https://minutemanmedicine.com
CMS,https://mionawebsite.com
CMS,https://miragepostacute.com
CMS,https://miramontbh.com
CMS,https://mirasolgreenhousehomes.org
CMS,https://miravistacourt.com
CMS,https://miravistarehab.com
CMS,https://missioncareandrehab.com
CMS,https://missioncarecenter.com
CMS,https://missioncarmichael.com
CMS,https://missionch.net
CMS,https://missionhealthservices.org
CMS,https://missionhillspostacute.com
CMS,https://missionpalmspa.com
CMS,https://missionphysicalrehabilitation.com
CMS,https://missionpines.com
CMS,https://missionpointhealthcare.com
CMS,https://missionrehab.com
CMS,https://missionridgerehab.com
CMS,https://missionvalleypa.com
CMS,https://missoulafoodbank.org
CMS,https://missouri.kvc.org
CMS,https://missourimobileradiology.com
CMS,https://missourislope.com
CMS,https://mistywillowhealthcare.com
CMS,https://mitchellsnursingandrehab.com
CMS,https://mjcare.com
CMS,https://mlnda.buncombeschools.org
CMS,https://mmliving.org
CMS,https://mms.madisonk12.net
CMS,https://mms.pocahontas.k12.wv.us
CMS,https://mn-rc.org
CMS,https://mn.gov
CMS,https://mnmasonichomes.org
CMS,https://mo-ozarks.org
CMS,https://mobile.twinmaples.comcastbiz.net
CMS,https://mobileimagingllc.com
CMS,https://mobilemedicalcare.org
CMS,https://mobilerehabcenter.com
CMS,https://mobilexray.com
CMS,https://mobilexrayaustin.com
CMS,https://mobilexrayultrasound.com
CMS,https://mobilexusa.com
CMS,https://modernmobileradiology.com
CMS,https://modestohcc.com
CMS,https://mohs.covingtoncountyschools.org
CMS,https://mohun.org
CMS,https://molokaichc.org
CMS,https://momentousfran.com
CMS,https://momentousrich.com
CMS,https://momentoussid.com
CMS,https://momentousvan.com
CMS,https://momentum4all.org
CMS,https://momentumrehab.com
CMS,https://monarch.pricelessmisc.com
CMS,https://monarchcenterforautism.org
CMS,https://monarchmn.com
CMS,https://monarchnc.org
CMS,https://monroefamilymedicine.com
CMS,https://monroehealthcenters.com
CMS,https://monroeregionalhospital.com
CMS,https://monroerehabilitation.com
CMS,https://monroevillepa.com
CMS,https://monroviahealth.com
CMS,https://monroviamemorial.com
CMS,https://montcalmcare.net
CMS,https://montclaircarecenter.com
CMS,https://montclairmanor.com
CMS,https://montebellocc.com
CMS,https://montecitocare.com
CMS,https://montefioreeinsteinadvancedcare.org
CMS,https://montefiorenewrochelle.org
CMS,https://montellomanor.com
CMS,https://montereypalmshealthcarecenter.com
CMS,https://montereyparkcare.com
CMS,https://montevistahcc.com
CMS,https://montevistahills.com
CMS,https://montevistarehab.com
CMS,https://montgomeryplace.org
CMS,https://montgomeryrehabcenter.com
CMS,https://montgomeryrehabhc.com
CMS,https://montmarierehab.com
CMS,https://montowesehrc.com
CMS,https://montpeliersurgery.com
CMS,https://montrosehealthcare.com
CMS,https://monument.health
CMS,https://monumenthg.com
CMS,https://monumentrehab.com
CMS,https://moody.tricare.mil
CMS,https://moorecountyclinic.com
CMS,https://mooringsatlewes.org
CMS,https://moracares.org
CMS,https://moragapa.com
CMS,https://moreheadprimarycare.com
CMS,https://morganhillhc.com
CMS,https://morganorchards.com
CMS,https://morganparkhc.com
CMS,https://morganrehab.com
CMS,https://morningside.ccsdschools.com
CMS,https://morningsidecenter.com
CMS,https://morningsidenrc.com
CMS,https://morningstarcares.com
CMS,https://morningstarpostacute.com
CMS,https://morrisonkids.org
CMS,https://morrisparkrehab.com
CMS,https://morristownhc.com
CMS,https://morrisview.com
CMS,https://morrowhome.org
CMS,https://morrowmanor.com
CMS,https://morselife.org
CMS,https://mortonhealth.com
CMS,https://mosaicch.org
CMS,https://mosaichealth.org
CMS,https://moscowmedical.com
CMS,https://mossernursinghome.org
CMS,https://motherofmercymn.org
CMS,https://motusheals.com
CMS,https://moundridgemanor.net
CMS,https://moundvillehealthandrehab.com
CMS,https://mountaincityrehab.com
CMS,https://mountaincresthc.com
CMS,https://mountaineerhealth.org
CMS,https://mountainfamily.org
CMS,https://mountainhome.tricare.mil
CMS,https://mountainlaurelrehab.com
CMS,https://mountainmanorskillednursing.com
CMS,https://mountainmeadowshealthandrehabilitation.com
CMS,https://mountainparkhealth.org
CMS,https://mountainridgehr.com
CMS,https://mountainutahfamilymedicine.com
CMS,https://mountainview-pa.com
CMS,https://mountainviewbh.org
CMS,https://mountainviewcarecenter.net
CMS,https://mountainviewcarecenteraz.com
CMS,https://mountainviewnursing.com
CMS,https://mountainviewnursingcenter.com
CMS,https://mountainviewpostacute.com
CMS,https://mountainviewrehab.net
CMS,https://mountainvilla.net
CMS,https://mountainvista.net
CMS,https://mountainyouthacademy.net
CMS,https://mountaloysius.org
CMS,https://mountascensionofcascadia.com
CMS,https://mountcarmelcare.org
CMS,https://mountcarmelhome.org
CMS,https://mountgreylockextendedcare.org
CMS,https://mounthollyrehabhc.com
CMS,https://mountstjoseph.net
CMS,https://movingforwardphysicaltherapy.com
CMS,https://mqtcmcf.org
CMS,https://mrhome.org
CMS,https://mri.ernesthealth.com
CMS,https://mrrh.ernesthealth.com
CMS,https://mrshc.org
CMS,https://mrsinc.org
CMS,https://ms.godwinschools.org
CMS,https://msagardens.org
CMS,https://mscarecenteralcorn.com
CMS,https://mscarecenterofmorton.com
CMS,https://mscarecenterofraleigh.com
CMS,https://msdh.ms.gov
CMS,https://msh.ernesthealth.com
CMS,https://msl-denison.com
CMS,https://msora.org
CMS,https://mspqrehab.com
CMS,https://msstherapy.net
CMS,https://mtairy.cps-k12.org
CMS,https://mtauburnobgyn.com
CMS,https://mtcarmelrehabcenter.org
CMS,https://mtcarmelseniorliving.com
CMS,https://mtclinic.org
CMS,https://mtgileadnc.com
CMS,https://mtha.org
CMS,https://mthopenazarene.org
CMS,https://mtinformedpatient.org
CMS,https://mtlaurelhc.com
CMS,https://mtmacrinamanor.com
CMS,https://mtnrhr.com
CMS,https://mtnshadows.org
CMS,https://mtnviewpa.com
CMS,https://mtogdennursing.com
CMS,https://mtolympusrehab.com
CMS,https://mtpleasanthr.com
CMS,https://mtrs.mtrsd.org
CMS,https://mtsterlingpediatrics.com
CMS,https://mtstjoseph.org
CMS,https://mtvhs.org
CMS,https://mtvistahealth.com
CMS,https://mulberryhealth.com
CMS,https://mulberrymanor.com
CMS,https://mulberryrhc.com
CMS,https://muleshoehospital.com
CMS,https://mullicancarecenter.com
CMS,https://multco.us
CMS,https://multymedicalrehabilitationhospital.com
CMS,https://munson.tricare.mil
CMS,https://munstermedhc.com
CMS,https://murci.org
CMS,https://murrieta.lluh.org
CMS,https://murrietahcc.com
CMS,https://muskegonpublicschools.org
CMS,https://mustardseedfla.org
CMS,https://mvahealth.org
CMS,https://mvcares.com
CMS,https://mvfamilymed.com
CMS,https://mvhcc.com
CMS,https://mvhealthcare.com
CMS,https://mviewch.com
CMS,https://mvnrc.org
CMS,https://mvrrh.ernesthealth.com
CMS,https://mwchc.org
CMS,https://mwtn.org
CMS,https://mxdxray.com
CMS,https://myabundantchristianlivingcommunity.com
CMS,https://myaccessmedicalclinic.com
CMS,https://myadultdaycare.com
CMS,https://mybbwc.org
CMS,https://mycanopy.org
CMS,https://mycchrc.org
CMS,https://myccnh.org
CMS,https://mychn.org
CMS,https://mycomhc.org
CMS,https://mycri.org
CMS,https://myfhc.org
CMS,https://myhealth.jpmorganchase.com
CMS,https://myips.org
CMS,https://mylaposada.com
CMS,https://mymbchc.org
CMS,https://mymobilex.com
CMS,https://myprimaryhealthsolutions.org
CMS,https://myrecord-stjoes.presencehealth.org
CMS,https://myrockyknoll.com
CMS,https://myrtw.andrewd96.sg-host.com
CMS,https://mysfmc.com
CMS,https://mysticmeadows.com
CMS,https://mysticparkrehab.com
CMS,https://mysunsethealth.org
CMS,https://mytcch.org
CMS,https://mytgh.com
CMS,https://mytranswellness.org
CMS,https://myuhi.org
CMS,https://myupdox.com
CMS,https://myvantagecare.com
CMS,https://myvoca.com
CMS,https://mywallace.org
CMS,https://NA
CMS,https://nacainc.org
CMS,https://nacc-healthcare.org
CMS,https://nachman.rpsb.us
CMS,https://nacpt.com
CMS,https://nanspointerehab.com
CMS,https://napapostacute.com
CMS,https://napavalleycarecenter.com
CMS,https://napleshrc.com
CMS,https://narragansettindiannation.org
CMS,https://nashvillecenterrehab.com
CMS,https://nashvilletfs.org
CMS,https://nassauecf.com
CMS,https://nassawadoxrehab.com
CMS,https://nasvh.org
CMS,https://natchitochesrehabcenter.com
CMS,https://nationaldiabetesfoundation.org
CMS,https://nationalmobilexray.com
CMS,https://nativeamericanlifelines.org
CMS,https://nativeproject.org
CMS,https://navasotanursing.com
CMS,https://nazarethhealth.com
CMS,https://nbes.buncombeschools.org
CMS,https://nbhospitals.com
CMS,https://nbhs.buncombeschools.org
CMS,https://nbms.buncombeschools.org
CMS,https://nbrrh.ernesthealth.com
CMS,https://nchhc.org
CMS,https://nckmed.com
CMS,https://ncltah.ernesthealth.com
CMS,https://ncrh.ernesthealth.com
CMS,https://ndacommission.com
CMS,https://ndhrehab.org
CMS,https://ndltca.org
CMS,https://nduhospital.com
CMS,https://neabaptistclinic.org
CMS,https://neahsi.com
CMS,https://nearnorthhealth.org
CMS,https://necc.net
CMS,https://necccare.com
CMS,https://nechc.com
CMS,https://neds.org
CMS,https://needs.relink.org
CMS,https://neffsvillerehab.com
CMS,https://nehalemcarecenter.com
CMS,https://nehca.org
CMS,https://nehd.org
CMS,https://neighborcare.org
CMS,https://neighborhealthcenter.org
CMS,https://neighborhoodhealthsource.org
CMS,https://neighborhoodhealthva.org
CMS,https://neighborhoodmedicalcenter.org
CMS,https://neighborhubhealth.org
CMS,https://neighborsdc.org
CMS,https://nellasautumnlake.com
CMS,https://nellis.tricare.mil
CMS,https://nelsonchiro.net
CMS,https://nemahacountyhospital.com
CMS,https://nems.org
CMS,https://nemvch.com
CMS,https://nepachc.org
CMS,https://nepc.org
CMS,https://nephrology.wustl.edu
CMS,https://nephroncorporation.com
CMS,https://nephrondialysis.com
CMS,https://nesbitlrc.com
CMS,https://nettletonschools.com
CMS,https://neurorestorative.com
CMS,https://nevhc.org
CMS,https://newalbanyhealthandrehab.com
CMS,https://newamericanpt.com
CMS,https://newarknursinghome.org
CMS,https://newbeginningstreatment.com
CMS,https://newberryccrc.com
CMS,https://newborn-center.gaaq.net
CMS,https://newbraunfelspeds.com
CMS,https://newburghcare.com
CMS,https://newcarltonnh.com
CMS,https://newcastlehc.com
CMS,https://neweastsidenursinghome.com
CMS,https://neweastwoodrehab.com
CMS,https://neweracommunityhealthcenter.com
CMS,https://newhavennh.com
CMS,https://newhealth.org
CMS,https://newhighland.hardin.kyschools.us
CMS,https://newhopemanor.org
CMS,https://newhopevillage.org
CMS,https://newhorizon.sd25.us
CMS,https://newhorizons-sfv.org
CMS,https://newhorizonshealthcare.org
CMS,https://newhorizonsphysicaltherapy.com
CMS,https://newlebanonhc.com
CMS,https://newliferehab.com
CMS,https://newlondonrehab.com
CMS,https://newmarkrehab.com
CMS,https://newmartinsvillehr.com
CMS,https://newoppinc.org
CMS,https://neworangehills.net
CMS,https://newparisrhc.org
CMS,https://newportmeadowshc.com
CMS,https://newportricheyrehab.com
CMS,https://newrichlandcarecenter.com
CMS,https://newstart.com
CMS,https://newstartdialysiscenter.net
CMS,https://newsummithealth.com
CMS,https://newvista.us
CMS,https://newvistanursing.com
CMS,https://newvistapostacute.com
CMS,https://newwayswla.com
CMS,https://newyorkrehab.com
CMS,https://nextdoor.com
CMS,https://nfbl.sc.gov
CMS,https://nfe.fcsd.us
CMS,https://nfhs.fcsd.us
CMS,https://nflpediatrics.com
CMS,https://nfultonpt.com
CMS,https://nghcc.com
CMS,https://nghome.org
CMS,https://nh-tc.yoloboulder.com
CMS,https://nhainc.org
CMS,https://nhanhoa.org
CMS,https://nhc-charleston.tricare.mil
CMS,https://nhcac.org
CMS,https://nhccare.com
CMS,https://nhchc.org
CMS,https://nhcoregon.org
CMS,https://nhcwny.org
CMS,https://nhssequoyah.com
CMS,https://niach.ernesthealth.com
CMS,https://nicholshome.com
CMS,https://nicholsmiddle.cantonschools.net
CMS,https://nightingalenrc.com
CMS,https://nilescanyonpostacute.com
CMS,https://nitherapy.com
CMS,https://njkidneydoctors.com
CMS,https://nksthd.org
CMS,https://nlasvegascc.com
CMS,https://nlccwi.org
CMS,https://nmcac4kids.org
CMS,https://nmgeneral.org
CMS,https://nmhsi.org
CMS,https://nmrehab.org
CMS,https://nms.scsb.org
CMS,https://nmtccoalition.org
CMS,https://nnseniorcare.com
CMS,https://noadiagnostics.com
CMS,https://noahhelps.org
CMS,https://noblecarecenter.org
CMS,https://nobleclinics.org
CMS,https://noblehcc.com
CMS,https://noblehorizons.org
CMS,https://nomadradiology.com
CMS,https://nomadxray.com
CMS,https://nomshealthcare.com
CMS,https://norfolkhealthrehab.com
CMS,https://norlitenursingcenter.com
CMS,https://normallifeinc.com
CMS,https://normandyhighschool.normandysc.org
CMS,https://normandyterracehealthcare.com
CMS,https://normanpt.com
CMS,https://norrisacademytn.com
CMS,https://northadamscommons.org
CMS,https://northamptonltc.com
CMS,https://northamptonnursingandrehab.com
CMS,https://northamptonpostacute.com
CMS,https://northbankrehab.com
CMS,https://northbridgehealthcare.com
CMS,https://northbrookhealthandrehab.com
CMS,https://northbrooknursing.com
CMS,https://northcampusrehab.com
CMS,https://northcanyon.org
CMS,https://northcentralmed.com
CMS,https://northcentralpt.com
CMS,https://northchasecare.com
CMS,https://northcountryassociates.com
CMS,https://northcountryhealthcare.org
CMS,https://northcountryhospital.org
CMS,https://northcountrymed.com
CMS,https://northcountrynr.com
CMS,https://northcountyseniorliving.com
CMS,https://northcrestnursinghc.com
CMS,https://northeasternhealth.org
CMS,https://northeastrehab.net
CMS,https://northendrehab.com
CMS,https://northern-manor.facilities.centershealthcare.org
CMS,https://northerncardinalrehab.com
CMS,https://northerndauphin.com
CMS,https://northernlightsservices.org
CMS,https://northernnevadahealth.com
CMS,https://northernoaksliving.com
CMS,https://northernpinesrehab.com
CMS,https://northfieldretirement.net
CMS,https://northfieldvillagesnr.com
CMS,https://northgatepostacute.com
CMS,https://northhillnursingandrehab.com
CMS,https://northhillshealthandrehab.com
CMS,https://northidahomyo.com
CMS,https://northlandhealthcenters.org
CMS,https://northmobilerehabcenter.com
CMS,https://northmountain.net
CMS,https://northoaksseniorliving.com
CMS,https://northparkhealthcenter.com
CMS,https://northparkseniorliving.com
CMS,https://northplattept.com
CMS,https://northpointecc.com
CMS,https://northpointenursing.com
CMS,https://northpointlexington.com
CMS,https://northportrehabilitation.com
CMS,https://northrange.org
CMS,https://northrehabcenter.com
CMS,https://northridgecare.com
CMS,https://northridgevillage.com
CMS,https://northshorehealth.org
CMS,https://northshorehealthcenters.com
CMS,https://northshoremc.org
CMS,https://northsiderehab.com
CMS,https://northsportpt.com
CMS,https://northspringleesburg.com
CMS,https://northstarrpostacute.com
CMS,https://northstuartpt.com
CMS,https://northtexaskidney.com
CMS,https://northtexasracquetclub.com
CMS,https://northtexassportsmedicine.com
CMS,https://northtexasstatehospital.com
CMS,https://northvalleynursingcenter.com
CMS,https://northvinepostacute.com
CMS,https://northwayhealthandrehab.com
CMS,https://northwestchester.com
CMS,https://northwestcoloradohealth.org
CMS,https://northwesthealthcare.net
CMS,https://northwesthumanservices.org
CMS,https://northwilmington.cadiahealthcare.com
CMS,https://northwoodrehab.com
CMS,https://northwoodscenter.com
CMS,https://northwoodsl.com
CMS,https://northwoodsnf.com
CMS,https://nortonchildrens.com
CMS,https://norviewheightsrehab.com
CMS,https://norwalkchc.org
CMS,https://norwaycenterrehab.com
CMS,https://norwell.royalhealthgroup.com
CMS,https://norwichrehab.com
CMS,https://norwood-pa.com
CMS,https://notchvt.org
CMS,https://nottinghamvillage.org
CMS,https://novadxlabs.com
CMS,https://novodialysis.com
CMS,https://nowradiology.com
CMS,https://npidb.org
CMS,https://npin.cdc.gov
CMS,https://npino.com
CMS,https://npiregistry.cms.hhs.gov
CMS,https://npxray.com
CMS,https://nrcarkadelphia.com
CMS,https://nrccrossett.com
CMS,https://nrcglenwood.com
CMS,https://nrcmonticello.com
CMS,https://nrcstonegate.com
CMS,https://nrrs.ne.gov
CMS,https://nsks.org
CMS,https://nspirehc.com
CMS,https://ntachc.org
CMS,https://nthsclinic.com
CMS,https://nuestraclinicadelvalle.org
CMS,https://nurh.ernesthealth.com
CMS,https://nursa.com
CMS,https://nursecareofbuckhead.com
CMS,https://nursecareofshreveport.com
CMS,https://nursing-care.com
CMS,https://nursing-rehab.com
CMS,https://nursing.tamu.edu
CMS,https://nursing.ucla.edu
CMS,https://nvfm.com
CMS,https://nvhca.org
CMS,https://nvpx.net
CMS,https://nwechs.canutillo-isd.org
CMS,https://nwmrmc.org
CMS,https://nwpeds.com
CMS,https://nwris.buncombeschools.org
CMS,https://nwtcseattle.com
CMS,https://nxneclinic.org
CMS,https://ny.easterseals.com
CMS,https://nyackridge.com
CMS,https://nyconnects.ny.gov
CMS,https://nyehealthservices.com
CMS,https://nyhomexray.com
CMS,https://nyspi.org
CMS,https://nyulangone.org
CMS,https://oak-center-whitehouse.lany.io
CMS,https://oakbrookhealthcenter.com
CMS,https://oakcrestdekalb.org
CMS,https://oakcrestnursinghome.com
CMS,https://oakglenpa.com
CMS,https://oakgrovemanor.com
CMS,https://oakgrovemedicalclinic.com
CMS,https://oakgrovenursinghome.com
CMS,https://oakgroverh.com
CMS,https://oakharbor.tricare.mil
CMS,https://oakharborhealthcare.com
CMS,https://oakhavenccc.com
CMS,https://oakhavenrehab.com
CMS,https://oakhill-center.facilities.centershealthcare.org
CMS,https://oakhillmonroecounty.com
CMS,https://oakhillsnewulm.com
CMS,https://oakhollowhcm.com
CMS,https://oakhurstrehab.com
CMS,https://oakknoll1948.com
CMS,https://oakknollhealthandrehab.com
CMS,https://oaklandgrovehealthcare.com
CMS,https://oaklandnursingandrehab.com
CMS,https://oaklandptrehab.com
CMS,https://oaklandrehabhc.com
CMS,https://oakmanorliving.com
CMS,https://oakmanornr.com
CMS,https://oakmont.srcare.org
CMS,https://oakmonthealthcarehumble.com
CMS,https://oakmonthealthcarekaty.com
CMS,https://oakmontmanor.com
CMS,https://oakorchardhealth.org
CMS,https://oakparkoasishc.com
CMS,https://oakparkrehabilitation.com
CMS,https://oakplainsacademy.com
CMS,https://oakridgegardens.com
CMS,https://oakridgehealthandrehab.com
CMS,https://oakridgehealthcare.net
CMS,https://oakridgemanornursing.com
CMS,https://oakridgenursingcenter.com
CMS,https://oakridgeschools.org
CMS,https://oakriver-rehab.com
CMS,https://oaksatavon.com
CMS,https://oaksatdenville.org
CMS,https://oakscare.com
CMS,https://oakshealthcare.com
CMS,https://oakslakewood.com
CMS,https://oakviewhealthandrehab.com
CMS,https://oakviewhrc.com
CMS,https://oakviewinc.net
CMS,https://oakviewmanor.com
CMS,https://oakviewmcf.com
CMS,https://oakvillagecare.com
CMS,https://oakwoodcare.com
CMS,https://oakwoodcareandrehab.com
CMS,https://oakwoodclc.cesltc.com
CMS,https://oakwoodgardenscarecenter.com
CMS,https://oakwoodhc.com
CMS,https://oakwoodhrc.com
CMS,https://oakwoodky.org
CMS,https://oakwoodmeadowsassistedliving.com
CMS,https://oasiscenterrehab.com
CMS,https://oasisnursing.com
CMS,https://oasisrehabandnursing.com
CMS,https://obfh.org
CMS,https://ocalahealthandrehab.com
CMS,https://occupational-therapy-and-rehabilitation-services.cmac.ws
CMS,https://oceangardenscare.com
CMS,https://oceanparkhcc.com
CMS,https://oceanridgepa.com
CMS,https://oceanviewmedical.org
CMS,https://oceanviewpostacute.com
CMS,https://ochonline.com
CMS,https://ocoeeregional.com
CMS,https://oconeepediatrics.com
CMS,https://ocracokehealthcenter.org
CMS,https://odahealth.org
CMS,https://odcvc.com
CMS,https://oddfellowshome.com
CMS,https://odeliahealthcare.com
CMS,https://odhc.org
CMS,https://odysseyhc.com
CMS,https://oes.buncombeschools.org
CMS,https://oes.clay.k12.ky.us
CMS,https://oesny.org
CMS,https://offers.umh.org
CMS,https://offutt.tricare.mil
CMS,https://oges.lamarcountyschools.org
CMS,https://oghs.lamarcountyschools.org
CMS,https://ogms.lamarcountyschools.org
CMS,https://ohflac.wvdhhr.org
CMS,https://ohinj.org
CMS,https://ohioadultcarefacilities.org
CMS,https://ohioliving.org
CMS,https://ohvillage.com
CMS,https://oicmedical.com
CMS,https://ojaihealthandrehab.com
CMS,https://okeechobeehealthcare.com
CMS,https://okkthc.com
CMS,https://oklahomakidneycare.com
CMS,https://okpca.org
CMS,https://okscmrc.org
CMS,https://olcenter.org
CMS,https://oldcheneyrehab.com
CMS,https://olddominionrehab.com
CMS,https://oldsouthwesthealth.com
CMS,https://olera.care
CMS,https://olphvb.org
CMS,https://olshomes.org
CMS,https://olson.mpschools.org
CMS,https://olympia-convalescent.com
CMS,https://olympiatransitional.com
CMS,https://olympicviewcare.com
CMS,https://omahanursingandrehab.com
CMS,https://omcoh.org
CMS,https://omnicenterrehab.com
CMS,https://omnifamilyhealth.org
CMS,https://oncincy.com
CMS,https://onecommunityhealth.com
CMS,https://onecrosscommunity.com
CMS,https://onecrosshealth.com
CMS,https://onehealthchc.wixsite.com
CMS,https://onehealthohio.org
CMS,https://oneida-nsn.gov
CMS,https://oneillhc.com
CMS,https://onioncreekrehab.com
CMS,https://onsiteimaging.net
CMS,https://onsitemedimaging.com
CMS,https://onsiteradiography.com
CMS,https://ontariodialysiscenter.com
CMS,https://ontariohealthcarecenter.com
CMS,https://opencitieshealth.org
CMS,https://opendoorhealth.com
CMS,https://opendoormedical.org
CMS,https://opnursing.com
CMS,https://opphealthandrehab.com
CMS,https://optage.org
CMS,https://optimaelifeservices.com
CMS,https://optimaldialysis.org
CMS,https://optimhealthsystem.com
CMS,https://optimumdiagnosticlaboratory.com
CMS,https://optimumwellnesscenters.com
CMS,https://optimushealthcare.org
CMS,https://opusrehab.com
CMS,https://opwdd.ny.gov
CMS,https://orange-healthcare.com
CMS,https://orcasislandchamber.com
CMS,https://orchardhillrehab.com
CMS,https://orchardhospital.com
CMS,https://orchardmanor.co.grant.wi.gov
CMS,https://orchardparkhealthcare.com
CMS,https://orchardparkhrc.com
CMS,https://orchardplace.org
CMS,https://orchardrnc.com
CMS,https://orchardviewmanor.com
CMS,https://orchardviewpa.com
CMS,https://oregonlivingandrehab.com
CMS,https://oremrehab.com
CMS,https://orindacare.com
CMS,https://orlandohealthandrehab.com
CMS,https://ormondflrehab.com
CMS,https://orovillepostacute.com
CMS,https://ortegofamilymedicine.com
CMS,https://orthocarephysicaltherapy.com
CMS,https://orthonebraska.com
CMS,https://orthopedic.io
CMS,https://orwigsburghc.com
CMS,https://osbornfamilyhealthcenter.com
CMS,https://osbornhealth.com
CMS,https://osceolacountyia.gov
CMS,https://oskaloosacarecenter.com
CMS,https://oslnh.com
CMS,https://ospreypointrehab.com
CMS,https://othellocare.com
CMS,https://otterbein.org
CMS,https://ourhmc.org
CMS,https://ourladyoffatima.org
CMS,https://ourpmc.com
CMS,https://outpatientmedical.org
CMS,https://outsidein.org
CMS,https://ovation.org
CMS,https://overbrookcenter.com
CMS,https://overlooknursing.com
CMS,https://overtoncounty.org
CMS,https://ovphealth.com
CMS,https://ovphealthcare.org
CMS,https://ovphf.com
CMS,https://owentonhealth.com
CMS,https://owyheehealth.com
CMS,https://oxfordhealthandrehab.com
CMS,https://oxfordms.chambermaster.com
CMS,https://oxfordrehabhc.com
CMS,https://oyler.cps-k12.org
CMS,https://ozarkhealthandrehab.com
CMS,https://ozarkschc.com
CMS,https://ozarksmethodistmanor.com
CMS,https://p3hp.org
CMS,https://paccoastmanor.com
CMS,https://pachillsmanor.com
CMS,https://pacificanursing.com
CMS,https://pacificcarecenter.com
CMS,https://pacificcarecenter.net
CMS,https://pacificcoastpa.com
CMS,https://pacificgardensnursingcenter.com
CMS,https://pacificgrovehc.com
CMS,https://pacifichomecare.com
CMS,https://pacificislandspca.org
CMS,https://pacificmobileimaging.com
CMS,https://pacificpostacute.com
CMS,https://pacificsolstice.com
CMS,https://packardhealth.org
CMS,https://paddingtonplaceicf.com
CMS,https://pagerehabcenter.com
CMS,https://palacecarecenter.com
CMS,https://palaciosmidcoasthospital.org
CMS,https://palatkarehab.com
CMS,https://palazzohc.com
CMS,https://palisadesrehab.com
CMS,https://palm-vista.vercel.app
CMS,https://palmbeach.floridahealth.gov
CMS,https://palmbeachhcc.com
CMS,https://palmcoastsportsmedicine.net
CMS,https://palmdiagnostics.com
CMS,https://palmerhc.wixsite.com
CMS,https://palmermedicalclinic.weebly.com
CMS,https://palmettofamilyhealth.com
CMS,https://palmettogeneral.org
CMS,https://palmettomedicalcare.com
CMS,https://palmettopatriotshome.com
CMS,https://palmettosubacute.com
CMS,https://palmettosummerville.com
CMS,https://palmgardenofaventura.com
CMS,https://palmgardenofclearwater.com
CMS,https://palmgardenofgainesville.com
CMS,https://palmgardenofjacksonville.com
CMS,https://palmgardenoflargo.com
CMS,https://palmgardenofocala.com
CMS,https://palmgardenoforlando.com
CMS,https://palmgardenofpinellas.com
CMS,https://palmgardenofportstlucie.com
CMS,https://palmgardenofsuncitycenter.com
CMS,https://palmgardenoftampa.com
CMS,https://palmgardenofverobeach.com
CMS,https://palmgardenofwestpalmbeach.com
CMS,https://palmgardenofwinterhaven.com
CMS,https://palmgardenshealthandrehab.com
CMS,https://palmsatsebring.com
CMS,https://palmsbh.com
CMS,https://palmscarecenter.yolopebble.com
CMS,https://palmshoresbhc.com
CMS,https://palmsmg.org
CMS,https://palmspringshealthandrehabilitationcenter.com
CMS,https://palmterracecarecenter.com
CMS,https://palmterracecares.com
CMS,https://palmvalleypa.com
CMS,https://paloaltonursingcenter.com
CMS,https://palolohome.org
CMS,https://palomarheightsrehab.com
CMS,https://palomarvista.com
CMS,https://palomasprings.com
CMS,https://palosverdeshealthcarecenter.com
CMS,https://pampacare.com
CMS,https://pampamedicalgroup-tx.com
CMS,https://pancarefl.org
CMS,https://panolacountynursing.com
CMS,https://panoramagardens.com
CMS,https://paradigmpt.com
CMS,https://paradiseelementary.rpsb.us
CMS,https://paramountconvalescent.com
CMS,https://paramounthcla.com
CMS,https://paramounthealth.net
CMS,https://parhamhealthrehab.com
CMS,https://parishealthandrehab.com
CMS,https://park-terrace.com
CMS,https://parkanaheim.com
CMS,https://parkavenuehealthcare.com
CMS,https://parkbendrehab.com
CMS,https://parkcenterrehab.com
CMS,https://parkcrescenthealth.com
CMS,https://parkdalerehab.com
CMS,https://parkermed.com
CMS,https://parkerplacelivingcenters.com
CMS,https://parkerpostacute.com
CMS,https://parkeviewrehab.com
CMS,https://parkgardensrnc.com
CMS,https://parkhighlandsnursing.com
CMS,https://parkhousehealth.com
CMS,https://parklandscc.com
CMS,https://parklanepa.com
CMS,https://parklanewesthealthcare.com
CMS,https://parkmanorbeecave.com
CMS,https://parkmanorhealthandrehab.com
CMS,https://parkmanormckinney.net
CMS,https://parkmanorrehabilitation.com
CMS,https://parkmeadowshrc.com
CMS,https://parknh.com
CMS,https://parkplacecare.com
CMS,https://parkplaceelmhurst.com
CMS,https://parkplacehealthcare.org
CMS,https://parkplacetyler.com
CMS,https://parkplazacare.com
CMS,https://parkregencycare.com
CMS,https://parkresthc.com
CMS,https://parksidehealth.net
CMS,https://parksideks.org
CMS,https://parksidelutheranhome.com
CMS,https://parksidemanorstuart.com
CMS,https://parksidepar.com
CMS,https://parksiderehab.com
CMS,https://parkvalleyinn.seniorcarecentersltc.com
CMS,https://parkview-cc.com
CMS,https://parkviewhaven.org
CMS,https://parkviewheightsnrc.com
CMS,https://parkviewhrc.com
CMS,https://parkviewkc.com
CMS,https://parkviewmanorcare.com
CMS,https://parkviewmanormn.com
CMS,https://parkviewnursing.org
CMS,https://parkviewpostacute.com
CMS,https://parkviewrc.com
CMS,https://parkviewseniorliving.org
CMS,https://parkvillagehealth.com
CMS,https://parkvillagehealthcare.com
CMS,https://parkvista.net
CMS,https://parkvistaccrc.com
CMS,https://parkway-rehab.com
CMS,https://parkway.ms
CMS,https://parkwayhc.com
CMS,https://parkwood-hc.com
CMS,https://parkwoodretirementlcs.com
CMS,https://parsonshillrehab.com
CMS,https://partnershiphealthcenter.org
CMS,https://pasadenacarecenter.com
CMS,https://pasadenanursingcenter.com
CMS,https://pasadenapa.com
CMS,https://passamaquoddyhealth.org
CMS,https://pataskalaoaks.com
CMS,https://patersonchc.com
CMS,https://patewoodpa.com
CMS,https://pathfinderservices.org
CMS,https://pathway-hc.com
CMS,https://pathwayfs.org
CMS,https://pathwaypeds.com
CMS,https://pathwaysnursing.com
CMS,https://pathwaysoftennessee.com
CMS,https://patrick.tricare.mil
CMS,https://patriot-village.com
CMS,https://patriotheightshealthcare.com
CMS,https://paulhousehc.com
CMS,https://pauljcooper.org
CMS,https://paulsrun.org
CMS,https://pavilionatcreekwood.com
CMS,https://pavilionatcrescentlake.com
CMS,https://pavilionatjacksonville.com
CMS,https://pavilionhealthcare.com
CMS,https://pavilionky.com
CMS,https://pavilionnwh.com
CMS,https://pavilionoh.com
CMS,https://pavilionrehab.com
CMS,https://pawtucketfallshc.com
CMS,https://paxmemphis.com
CMS,https://paynesvillehcc.com
CMS,https://pbrehab.org
CMS,https://pcabsecon.com
CMS,https://pccar.org
CMS,https://pccnfc.org
CMS,https://pccumberland.com
CMS,https://pcfairfield.com
CMS,https://pcghfoundation.org
CMS,https://pchamilton.com
CMS,https://pchc.com
CMS,https://pchs.pcsdms.com
CMS,https://pchspitt.org
CMS,https://pci-nsn.gov
CMS,https://pclcare.com
CMS,https://pcmanor.com
CMS,https://pcmercer.com
CMS,https://pcmnh.com
CMS,https://pcmorrison.com
CMS,https://pcmrinc.com
CMS,https://pcnebraskacity.com
CMS,https://pcofunion.com
CMS,https://pcoldbridge.com
CMS,https://pcplattsmouth.com
CMS,https://pcpueblo.com
CMS,https://pcwall.com
CMS,https://pdchc.org
CMS,https://pdihc.com
CMS,https://pdihealth.com
CMS,https://peabody.k12.ma.us
CMS,https://peabodymontessori.rpsb.us
CMS,https://peabodyrc.org
CMS,https://peacefulliving.org
CMS,https://peachtreedialysis.com
CMS,https://peachtreenursing.com
CMS,https://peakcommunity.com
CMS,https://peakptandwellness.com
CMS,https://peakresourcesinc.com
CMS,https://peakscarecenter.com
CMS,https://peakviewbh.com
CMS,https://pearlcrystallake.com
CMS,https://pearlelgin.com
CMS,https://pearlevanston.com
CMS,https://pearlhillside.com
CMS,https://pearljoliet.com
CMS,https://pearlmontclare.com
CMS,https://pearlnaperville.com
CMS,https://pearlorchardvalley.com
CMS,https://pearlrollingmeadows.com
CMS,https://pearlstcharles.com
CMS,https://pearlstwo.com
CMS,https://pebblenursing.com
CMS,https://pecan-grove.net
CMS,https://pecangrovetrainingcenter.net
CMS,https://pecanvalleyhealth.com
CMS,https://peconiclanding.org
CMS,https://pediatricassociateswf.com
CMS,https://pediatricplaceuc.com
CMS,https://pediatrics.jacksonhealth.org
CMS,https://pedimhealthcare.com
CMS,https://pegbo.com
CMS,https://pelicanpointehealthcareandrehab.org
CMS,https://pelicanpointehrc.com
CMS,https://pelicanpointerehab.com
CMS,https://pelicanridgepostacute.com
CMS,https://pembiliernursingcenter.com
CMS,https://pembrokehospital.com
CMS,https://penfieldchildren.org
CMS,https://penickvillage.org
CMS,https://peninsulahcc.org
CMS,https://peninsulanrc.com
CMS,https://penneyretirementcommunity.org
CMS,https://pennswood.org
CMS,https://pennyanmanor.com
CMS,https://pennypackhc.com
CMS,https://penpostacute.com
CMS,https://pensacola.tricare.mil
CMS,https://pensacolarehabilitation.com
CMS,https://peopleunitedofla.com
CMS,https://peoplewhocare.0fe9b45.netsolhost.com
CMS,https://peoriapostacute.com
CMS,https://peplinskigroup.com
CMS,https://peppermintridge.org
CMS,https://performancetherapeutics.com
CMS,https://perimetermed.com
CMS,https://perrylutheranhomes.org
CMS,https://pes.petalschools.com
CMS,https://petalhill.com
CMS,https://peterstownshippa.com
CMS,https://pettigrewrehab.com
CMS,https://pfcnh.com
CMS,https://pfh.org
CMS,https://pfhcc.com
CMS,https://pfmcok.com
CMS,https://pgsnf.com
CMS,https://pgst.nsn.us
CMS,https://phcconline.org
CMS,https://phcenters.org
CMS,https://phchealth.com
CMS,https://phciowa.org
CMS,https://phcwoods.com
CMS,https://phealthcenter.org
CMS,https://phelps.northwell.edu
CMS,https://phghealthcare.com
CMS,https://phillipsmanor.com
CMS,https://phmchealth.phmc.org
CMS,https://phoebe.org
CMS,https://phoenixcenterhc.com
CMS,https://phoenixmountain.com
CMS,https://phoenixphysicaltherapy.com
CMS,https://phoenixruralhealth.com
CMS,https://phppd.providence.org
CMS,https://phs.lamarcountyschools.org
CMS,https://phs.petalschools.com
CMS,https://phs.portlandschools.org
CMS,https://phs.sfhs.org
CMS,https://phsk.org
CMS,https://phsmobilexray.net
CMS,https://phxhealthohio.com
CMS,https://phychoice.com
CMS,https://physicaltherapy.bannerhealth.com
CMS,https://physicaltherapyinstitute.com
CMS,https://physicaltherapynow.com
CMS,https://physicaltherapyrochesterhills.com
CMS,https://physicaltherapysoct.com
CMS,https://physicians.wustl.edu
CMS,https://physiciansdialysis.com
CMS,https://physiomedrehab.com
CMS,https://physioworksinc.com
CMS,https://piattcountynursinghome.org
CMS,https://pickeringmanor.org
CMS,https://pickersgillretirement.org
CMS,https://pickpeach.org
CMS,https://picoriverahc.com
CMS,https://piedmontcrossing.org
CMS,https://piedmontdialysis.com
CMS,https://piedmonthillscnr.com
CMS,https://piedmontpostacute.com
CMS,https://pierzvilla.com
CMS,https://pikepeds.net
CMS,https://pikespeakpa.com
CMS,https://pikevillenursing.com
CMS,https://pilgrimmanornursinghome.com
CMS,https://pilgrimrehab.org
CMS,https://pillarsbiloxi.cesltc.com
CMS,https://pillarscommunityhealth.org
CMS,https://pilotpointcarectr.com
CMS,https://pineacrescenter.com
CMS,https://pineacrescnr.com
CMS,https://pineacresrehab.com
CMS,https://pinecreekcarecenter.com
CMS,https://pinecreekrehab.com
CMS,https://pinecrestguest.com
CMS,https://pinecresthc.com
CMS,https://pineforesthc.com
CMS,https://pinehavencarecenter.com
CMS,https://pinehavencommunity.org
CMS,https://pineheightsbrattleboro.com
CMS,https://pinellashc.com
CMS,https://pinemeadowshc.com
CMS,https://pinemeadowshcc.com
CMS,https://pineridgecarecenter.com
CMS,https://pineridgellp.com
CMS,https://pineridgenursing.com
CMS,https://pineridgepa.com
CMS,https://pinesatplacerville.com
CMS,https://pinesatpoughkeepsie.com
CMS,https://pinesbristol.com
CMS,https://pinescatskill.com
CMS,https://pinesglensfalls.com
CMS,https://pineshealth.org
CMS,https://pinesofsarasota.org
CMS,https://pinesrutland.com
CMS,https://pinesskillednursing.com
CMS,https://pinessnf.com
CMS,https://pinesutica.com
CMS,https://pinetreenursing.com
CMS,https://pinevalleycommunity.org
CMS,https://pinevalleyrehab.com
CMS,https://pineviewhc.com
CMS,https://pineviewstanberry.com
CMS,https://pinevillerehab.com
CMS,https://pinewoodmanor.org
CMS,https://pineyforestrehab.com
CMS,https://pineygrovecare.com
CMS,https://pinnaclecanton.com
CMS,https://pinnaclenorthberwick.com
CMS,https://pinnaclenursing.com
CMS,https://pinnaclenwh.com
CMS,https://pinnacleparkhrc.com
CMS,https://pinnaclerhc.com
CMS,https://pinnaclesouthportland.com
CMS,https://pioneerhousehc.com
CMS,https://pioneermanor.net
CMS,https://pioneerrhc.com
CMS,https://pioneertherapyandliving.com
CMS,https://pioneervalleyhealth.com
CMS,https://piquamanor.com
CMS,https://pircinc.org
CMS,https://pitu.gov
CMS,https://plainsmemorial.com
CMS,https://plainview.northwell.edu
CMS,https://plantation-pointe.net
CMS,https://plaqueminesprimary.com
CMS,https://plattsburghrehab.com
CMS,https://playadelreycenter.com
CMS,https://plazaclc.cesltc.com
CMS,https://plazahealthandrehab.com
CMS,https://plazarehabilitation.com
CMS,https://plazawesthrc.com
CMS,https://pleasantacresrehab.com
CMS,https://pleasanthillhealthandrehab.com
CMS,https://pleasanthillpa.com
CMS,https://pleasanthillsclc.cesltc.com
CMS,https://pleasantmanorhealthcare.com
CMS,https://pleasantmeadows.org
CMS,https://pleasantspringshealth.com
CMS,https://pleasantvalleyhealth.com
CMS,https://pleasantvalleymanormo.com
CMS,https://pleasantviewcommunities.org
CMS,https://pleasantviewhealthcare.com
CMS,https://pleasantviewnursinghome.org
CMS,https://pleasantviewscmcf.org
CMS,https://plrenal.com
CMS,https://plymouthharbor.org
CMS,https://plymouthplace.org
CMS,https://plymouthrehab.com
CMS,https://pmdxray.com
CMS,https://pmdxu.com
CMS,https://pmnrc.org
CMS,https://pmr.retirementcommunitysolutions.com
CMS,https://pms.lamarcountyschools.org
CMS,https://pms.lcps.net
CMS,https://pms.petalschools.com
CMS,https://pncfr.org
CMS,https://pocahontasmedicalclinic.com
CMS,https://pointemeadows.com
CMS,https://polarishcc.com
CMS,https://polarishealthcarerehab.com
CMS,https://pomeroyliving.com
CMS,https://pomonadialysis.com
CMS,https://pomonavistacarecenter.com
CMS,https://pompanodialysis.com
CMS,https://pompanohealthandrehab.com
CMS,https://pomperaugwoods.com
CMS,https://poncerehab.com
CMS,https://pontcare.com
CMS,https://pontotochealthandrehab.com
CMS,https://poplarbluffchamber.org
CMS,https://portablemed.com
CMS,https://portagehealth.net
CMS,https://portcharlotterehab.com
CMS,https://porterhillsvillage.mybrio.org
CMS,https://porthavenpa.com
CMS,https://portlavacaclinic.com
CMS,https://portsmouth.tricare.mil
CMS,https://portsmouthrehab.com
CMS,https://postnursing.com
CMS,https://potomacfalls-rehab.com
CMS,https://potomacvalleyhc.com
CMS,https://poulsbochamber.com
CMS,https://powaycare.com
CMS,https://powdersvillepa.com
CMS,https://ppaclinics.com
CMS,https://pparkrehab.com
CMS,https://pphfamily.org
CMS,https://ppsnf.com
CMS,https://pptanda.com
CMS,https://pptfl.com
CMS,https://practicecrown.com
CMS,https://praiowa.com
CMS,https://prairieacrestx.com
CMS,https://prairiecrossing.net
CMS,https://prairiemanorcare.com
CMS,https://prairiemanorhealthcare.com
CMS,https://prairieoasishc.com
CMS,https://prairierehab.com
CMS,https://prairiesunsethome.org
CMS,https://prairieviewlutheran.com
CMS,https://prairievillagehealthcare.com
CMS,https://prairievistavillage.com
CMS,https://prammd.com
CMS,https://prattvillehealthandrehab.com
CMS,https://prco.mt.gov
CMS,https://prd.icarol.com
CMS,https://precisionimagingcenters.com
CMS,https://precisionimagingllc.com.s3-website-us-east-1.amazonaws.com
CMS,https://precisionxray.com
CMS,https://preferredimg.com
CMS,https://preftherapy.com
CMS,https://premier-dialysis.com
CMS,https://premiercarecenter.net
CMS,https://premierdialysis.com
CMS,https://premierfamilycareinc.com
CMS,https://premierfamilycarellc.com
CMS,https://premiergenesee.com
CMS,https://premierhc.org
CMS,https://premiermanatee.com
CMS,https://premiermdclinic.com
CMS,https://premiermedical.clinic
CMS,https://premiermedicalocala.com
CMS,https://premiernursingcenter.com
CMS,https://premierofalice.com
CMS,https://premierperry.com
CMS,https://premierrehaboflasvegas.com
CMS,https://premiertherapy4u.com
CMS,https://premiertherapycenters.com
CMS,https://premierwashington.com
CMS,https://presentationrehab.com
CMS,https://preshomes.org
CMS,https://presidential-pa.com
CMS,https://presidiomedical.com
CMS,https://prestera.org
CMS,https://prestigeghc.com
CMS,https://prestigeultrasound.com
CMS,https://presvillagenorth.org
CMS,https://prhandpc.net
CMS,https://pridetlc.com
CMS,https://primarycaremedicalcenter.com
CMS,https://primaryplus.net
CMS,https://primewellnesschc.org
CMS,https://primrosepostacute.com
CMS,https://prince.cttech.org
CMS,https://princegeorgehealthcarecenter.com
CMS,https://princessannehealthrehab.com
CMS,https://princeton-manor.com
CMS,https://princetonml.com
CMS,https://princetonnr.com
CMS,https://prismahealthchildrens.org
CMS,https://pro-rehab.org
CMS,https://proactivepediatrictherapy.com
CMS,https://procarebetter.com
CMS,https://professionaldialysiscenter.com
CMS,https://professionalpac.com
CMS,https://professionaltherapeutics.com
CMS,https://professionaltherapies.com
CMS,https://programportal.hrsa.gov
CMS,https://progressivecarecenter.com
CMS,https://progressivechc.org
CMS,https://progressivehealthus.com
CMS,https://progressivept.com
CMS,https://progressivetherapy.us
CMS,https://progressptclinics.com
CMS,https://progsolutions.com
CMS,https://prohealthga.com
CMS,https://promisechc.org
CMS,https://promptsuccor.com
CMS,https://prorehabpt.org
CMS,https://prosperrehabilitation.com
CMS,https://provail.org
CMS,https://providencelouisville.com
CMS,https://providenceplacenc.com
CMS,https://providencepointehealthcare.com
CMS,https://providers.chihealth.com
CMS,https://providers.kentuckyrivermc.com
CMS,https://providers.munsonhealthcare.org
CMS,https://providerwire.com
CMS,https://provocanyon.com
CMS,https://provocarecenter.weebly.com
CMS,https://provorehabilitation.com
CMS,https://provplace.com
CMS,https://provrehab.com
CMS,https://prsmichigan.com
CMS,https://prudencecrandall.org
CMS,https://pruitthealth.com
CMS,https://prwch.com
CMS,https://prwcspartanburg.com
CMS,https://prymed.org
CMS,https://pslrehabcare.com
CMS,https://psychfinder.com
CMS,https://psychiatry.msu.edu
CMS,https://pt-cpr.com
CMS,https://ptandspeech.com
CMS,https://ptcky.com
CMS,https://ptnorthwest.com
CMS,https://ptplusnj.com
CMS,https://ptrconline.com
CMS,https://ptservicesofwla.com
CMS,https://ptsinc.org
CMS,https://public.rescrf.com
CMS,https://publichealth.lyoncounty.org
CMS,https://publichealth.santaclaracounty.gov
CMS,https://pue.lamarcountyschools.org
CMS,https://pueblosprings.com
CMS,https://pugetsoundtransitional.com
CMS,https://pulaskihealthrehab.com
CMS,https://purcellcarecenter.com
CMS,https://purchaseyouthvillage.com
CMS,https://purerehabilitation.com
CMS,https://putnamrehab.com
CMS,https://putnamridge.com
CMS,https://puyallupnursing.com
CMS,https://pvhme.org
CMS,https://pvkalona.com
CMS,https://qliomaha.com
CMS,https://qolhs.org
CMS,https://quabbinvalleyhealth.com
CMS,https://quaboagonthecommon.com
CMS,https://quadcityptandspine.com
CMS,https://quality.dev.healthfinder.fl.gov
CMS,https://qualitycenterrehab.com
CMS,https://qualitymedicalimaging.com
CMS,https://quantum-health.com
CMS,https://quantumrehabandnursing.com
CMS,https://quarryville.com
CMS,https://quartzhillpostacute.com
CMS,https://queenannenh.com
CMS,https://queenscare.org
CMS,https://queensnassaurehab.com
CMS,https://questinc.org
CMS,https://quiburimission.com
CMS,https://quickcareofruston.com
CMS,https://quincerehabcenter.com
CMS,https://quincyhcc.com
CMS,https://quincyhouse.org
CMS,https://quitmancountyms.org
CMS,https://qvir.com
CMS,https://radpt.com
CMS,https://raeannhc.com
CMS,https://raeannwestlake.com
CMS,https://rainaimaging.com
CMS,https://rainbowhealth.org
CMS,https://rainbowrhc.com
CMS,https://rainbowrivermedical.com
CMS,https://rainierrehabilitation.com
CMS,https://raleighcthealthrehab.com
CMS,https://raleighoaksbh.com
CMS,https://rallsnursinghome6.wixsite.com
CMS,https://rambamfamilyhealth.org
CMS,https://ramblingoaks.org
CMS,https://ramchealth.com
CMS,https://ramona-rehab.com
CMS,https://ramonanursing.com
CMS,https://ranchobellagiopa.com
CMS,https://ranchofamilymed.com
CMS,https://ranchohc.com
CMS,https://ranchomesacc.com
CMS,https://ranchosecocare.org
CMS,https://ranchwoodnursing.com
CMS,https://randallstreetmedical.com
CMS,https://rankinhealth.org
CMS,https://rankinrural.com
CMS,https://raphaelhc.org
CMS,https://rapidtherapy.org
CMS,https://ravallifamilymedicine.com
CMS,https://ravenswoodfhn.org
CMS,https://raymond-bliss.tricare.mil
CMS,https://raytechxray.com
CMS,https://rbhc.biz
CMS,https://rbjh.com
CMS,https://rbrehab.com
CMS,https://rcbclinic.org
CMS,https://rcca.org
CMS,https://rcchblackhills.com
CMS,https://rces.rheacounty.org
CMS,https://rces.sunflower.k12.ms.us
CMS,https://rcghealthnetwork.com
CMS,https://rcindependence.com
CMS,https://rcmofwashington.com
CMS,https://reactionphysicaltherapy.com
CMS,https://reavisrehab.com
CMS,https://rebekahhealth.org
CMS,https://reboundrehab.com
CMS,https://recovered.org
CMS,https://rectornursing.com
CMS,https://redbankrehab.com
CMS,https://redbanks.org
CMS,https://redcliffs-pa.com
CMS,https://redcliffsrehab.com
CMS,https://reddyfamilymedicalclinic.com
CMS,https://redlandshealthcarecenter.com
CMS,https://redmaplepediatrics.com
CMS,https://redmondcareandrehab.com
CMS,https://redriverimaging.com
CMS,https://redriverurgentcare.com
CMS,https://redriverya.com
CMS,https://redstone.org
CMS,https://redstonevillage.org
CMS,https://redwoodcove.com
CMS,https://redwoodspostacute.com
CMS,https://redwoodwomenscenter.com
CMS,https://reedwoodpa.com
CMS,https://reformedchurchhome.com
CMS,https://refuahhealth.org
CMS,https://regalcaregreenfield.com
CMS,https://regalcareharwich.com
CMS,https://regalcareholyoke.com
CMS,https://regalcarequincy.com
CMS,https://regalcaretaunton.com
CMS,https://regalcareworcester.com
CMS,https://regalheightshealthcare.com
CMS,https://regeiscarecenter.com
CMS,https://regencycarearlington.com
CMS,https://regencyhcr.com
CMS,https://regencyhealthrehab.com
CMS,https://regencyhousewallingford.com
CMS,https://regencyhuntsville.com
CMS,https://regencynursingrehab.com
CMS,https://regencyoaksseniorliving.com
CMS,https://regencyvhc.com
CMS,https://regencyvillagewebster.com
CMS,https://regentparkrehab.net
CMS,https://regentspark.care
CMS,https://regentsparkjacksonville.com
CMS,https://regentsparksunrise.com
CMS,https://regentsparkwinterpark.com
CMS,https://regionalclinic.org
CMS,https://regionalphysicaltherapy.net
CMS,https://regionaltherapyservices.com
CMS,https://regoparkhealthcare.com
CMS,https://rehab1st.com
CMS,https://rehabamericainc.com
CMS,https://rehabandhealthcarecenterofcapecoral.com
CMS,https://rehabatbayside.com
CMS,https://rehabatenglewood.com
CMS,https://rehabatportsmouth.com
CMS,https://rehabcenterofdesmoines.com
CMS,https://rehabcenterofnorthhills.com
CMS,https://rehabcenteronpico.com
CMS,https://rehabcentersouthga.com
CMS,https://rehabcentre.com
CMS,https://rehabhere.live
CMS,https://rehabhospitals.ufhealth.org
CMS,https://rehabilitationandhealthcarecenteroftampa.com
CMS,https://rehabilitationassociatesinc.com
CMS,https://rehabilitationcentercheraw.com
CMS,https://rehabilitationcenterofthepalmbeaches.com
CMS,https://rehabkcs.com
CMS,https://rehabmomentum.com
CMS,https://rehabplusdpt.com
CMS,https://rehabresourcesinc.com
CMS,https://rehabriversedge.com
CMS,https://rehabs.org
CMS,https://rehabtustin.com
CMS,https://reimagineoc.org
CMS,https://reliablemgt.com
CMS,https://remarkablehealthcare.net
CMS,https://renaissance.elizajennings.org
CMS,https://renaissancecarerehab.com
CMS,https://renaissanceclc.cesltc.com
CMS,https://renalcareassociates.com
CMS,https://renalgroupohio.com
CMS,https://renalus.com
CMS,https://renewalrehab.net
CMS,https://rennesgroup.mystagingwebsite.com
CMS,https://renprors.com
CMS,https://renvillecountycommunityresidences.com
CMS,https://renwicknursing.com
CMS,https://reovista.com
CMS,https://requestphysicaltherapy.com
CMS,https://res.pcsdms.com
CMS,https://rescarecommunityliving.com
CMS,https://reservoircenterrehab.com
CMS,https://resortsatbeaufort.com
CMS,https://resortsatchesterrivermanor.com
CMS,https://resortsatpooler.com
CMS,https://resourcecenter.org
CMS,https://resources.hhs.texas.gov
CMS,https://resthave.org
CMS,https://resthaven.org
CMS,https://resthavenhealth.com
CMS,https://resthavenlivingcenter.com
CMS,https://resthavenyork.com
CMS,https://restoreoutpatienttherapy.com
CMS,https://restorerehabilitationcenter.com
CMS,https://retireatcountryside.com
CMS,https://revivalrehabilitation.com
CMS,https://reynolds.tricare.mil
CMS,https://reynoldshome.org
CMS,https://rfgh.net
CMS,https://rfsc.bell.kyschools.us
CMS,https://rgvmxrays.com
CMS,https://rhahealthservices.org
CMS,https://rhclinic.org
CMS,https://rhcloreauville.com
CMS,https://rhgnc.org
CMS,https://rhmpi.com
CMS,https://rhmsevier.com
CMS,https://rhn.ernesthealth.com
CMS,https://rhna.ernesthealth.com
CMS,https://rhni.ernesthealth.com
CMS,https://rhnmd.com
CMS,https://rhno.ernesthealth.com
CMS,https://rhs.jcsd.net
CMS,https://rhs.sfhs.org
CMS,https://rhsc.ernesthealth.com
CMS,https://rhsctn.com
CMS,https://rhsnm.ernesthealth.com
CMS,https://rialtohealth.com
CMS,https://ricevillefamilycare.com
CMS,https://richardsonmed.org
CMS,https://richardtonhealth.com
CMS,https://richlandcarecenter.com
CMS,https://richlandhillsrehab.com
CMS,https://richlandpa.com
CMS,https://richmond-center.facilities.centershealthcare.org
CMS,https://richmondcommserv.org
CMS,https://richmondgyn.com
CMS,https://richmondhealthcenter.com
CMS,https://richmondhrc.com
CMS,https://richmondpinescare.com
CMS,https://richmonduc.com
CMS,https://richwoodhc.com
CMS,https://ridgecresthrc.com
CMS,https://ridgecrestpa.com
CMS,https://ridgevalleycnr.com
CMS,https://ridgeview-village.com
CMS,https://ridgeviewhealthcare.com
CMS,https://ridgeviewhealthcenter.com
CMS,https://ridgeviewpostacute.com
CMS,https://ridgeviewrhc.com
CMS,https://ridgewaymanorhealthcare.com
CMS,https://ridgewaynursing.com
CMS,https://ridgewaypa.com
CMS,https://ridgewoodcarecenter.com
CMS,https://ridgewoodrehab.com
CMS,https://ridgmarmedicallodge.com
CMS,https://rightcarehs.com
CMS,https://rimcountryhealth.com
CMS,https://rinaldicares.com
CMS,https://ringgoldrehabcenter.com
CMS,https://rioatmissiontrails.com
CMS,https://riograndehospital.org
CMS,https://riohondo.us
CMS,https://riohondosubacute.com
CMS,https://riovistapa.com
CMS,https://ripleycrossing.com
CMS,https://ripleyhc.com
CMS,https://riseuprehabllc.com
CMS,https://risingstarrehab.com
CMS,https://rittenhousepostacute.com
CMS,https://rittercenter.org
CMS,https://rivco.org
CMS,https://riverbendhrc.com
CMS,https://riverbendkansascity.com
CMS,https://riverbendnr.com
CMS,https://riverbendnursing.com
CMS,https://riverbendnursingcenter.com
CMS,https://riverbendrehab.net
CMS,https://riverbluffhealth.com
CMS,https://riverccc.com
CMS,https://riverchasehrc.com
CMS,https://riverchasevillagems.com
CMS,https://rivercityrehab.healthcare
CMS,https://rivercrestpa.com
CMS,https://rivercrossingrehab.com
CMS,https://riverdalehcc.com
CMS,https://riverdalepa.com
CMS,https://riverfallspa.com
CMS,https://riverfrontrehab.com
CMS,https://rivergrovehealthandrehab.com
CMS,https://riverhillskerrville.com
CMS,https://riverhillsvillage.com
CMS,https://riveridgehealth.com
CMS,https://rivernursing.com
CMS,https://riveroakshcp.com
CMS,https://riveroaksnursing.com
CMS,https://riverparkpostacute.com
CMS,https://riverpointcrest.com
CMS,https://riverpointehealthcare.com
CMS,https://riverpointepostacute.com
CMS,https://riverrehab.com
CMS,https://riverridgelc.com
CMS,https://riverridgenursing.com
CMS,https://riversedgecare.com
CMS,https://riversedgerehab.com
CMS,https://riverside-nephrology.com
CMS,https://riverside.networkofcare.org
CMS,https://riversidecarecenter.com
CMS,https://riversidecenterrehab.com
CMS,https://riversidehc.com
CMS,https://riversidehealthandrehab.com
CMS,https://riversidehealthrehab.com
CMS,https://riversidehealthrehabsc.com
CMS,https://riversidenursingandrehab.com
CMS,https://riversidepostacute.com
CMS,https://riversideresthome.com
CMS,https://riversidevillagehealthcare.com
CMS,https://riverstonehealth.org
CMS,https://riverterracehealthcarecenter.com
CMS,https://riverterracerehab.com
CMS,https://rivertonrehab.com
CMS,https://rivertracecare.com
CMS,https://rivervalleycarecenter.com
CMS,https://rivervalleydialysis.com
CMS,https://rivervalleyfhc.com
CMS,https://rivervalleyhealthpa.org
CMS,https://riverview-pa.com
CMS,https://rivervieweast.cps-k12.org
CMS,https://riverviewestateshc.com
CMS,https://riverviewhcg.com
CMS,https://riverviewhealth.net
CMS,https://riverviewnursingandrehab.com
CMS,https://riverviewphysicaltherapy.com
CMS,https://riverviewpostacute.com
CMS,https://riverviewrehabhc.com
CMS,https://riverviewretirement.org
CMS,https://rivervistabh.com
CMS,https://riverwalkcarecenter.org
CMS,https://riverwalkpostacute.com
CMS,https://riverwoodcare.org
CMS,https://riverwoodhrc.com
CMS,https://riverwoodrehabcenter.com
CMS,https://riverwoodsnh.org
CMS,https://rivierahealthcare.com
CMS,https://rivierahealthresort.com
CMS,https://rivieredesoleilccc.com
CMS,https://rkhomes.net
CMS,https://rmcle.org
CMS,https://rmcveteranshome.com
CMS,https://rmeadows.com
CMS,https://rms.rheacounty.org
CMS,https://roadsfoundation.org
CMS,https://roaringriverhr.com
CMS,https://robertleecarecenter.com
CMS,https://robertsonky.com
CMS,https://robinrunseniorliving.org
CMS,https://robins.tricare.mil
CMS,https://robinsonnr.com
CMS,https://robinsonrehab.com
CMS,https://rockawaycc.com
CMS,https://rockcanyonrehab.com
CMS,https://rockcreekcarecenter.com
CMS,https://rockcreekhealth.com
CMS,https://rockcreekofottawa.com
CMS,https://rockdaleestates.com
CMS,https://rockdalehc.com
CMS,https://rockhillcarecenter.com
CMS,https://rockinghamcountyseniorliving.com
CMS,https://rockinghorsecenter.org
CMS,https://rockledgehrc.com
CMS,https://rockmarthealthrehab.com
CMS,https://rockrivercommunityclinic.com
CMS,https://rockriverhc.com
CMS,https://rockvillerehab.com
CMS,https://rockwallnursing.com
CMS,https://rockyghc.com
CMS,https://rockymountaincare.com
CMS,https://rogosin.org
CMS,https://roguecommunityhealth.org
CMS,https://rolandparkplace.org
CMS,https://rolettecommunitycarecenter.com
CMS,https://rollingbrookrehab.com
CMS,https://rollinghills.us
CMS,https://rollinghillscare.com
CMS,https://rollinghillscarecenter.org
CMS,https://rollinghillsghc.com
CMS,https://rollinghillsms.com
CMS,https://rollinghillsseniorliving.org
CMS,https://romenewyork.com
CMS,https://rooseveltcarecenter.com
CMS,https://rooseveltmedical.org
CMS,https://rooseveltrehab.com
CMS,https://rosaclarkclinic.org
CMS,https://rosarycare.org
CMS,https://rose-hill-medical.jany.io
CMS,https://rose-trail.com
CMS,https://rosecitynursing.com
CMS,https://rosedalegreen.org
CMS,https://rosedalerehab.com
CMS,https://rosehavennursinghome.com
CMS,https://rosehillrehabcenter.com
CMS,https://roselandchristianministries.org
CMS,https://roselawnmanor.com
CMS,https://rosemanorrehab.com
CMS,https://rosemontcenterhc.com
CMS,https://rosemontstonemountain.com
CMS,https://rosemountaincarecenter.com
CMS,https://rosenthalmontessori.rpsb.us
CMS,https://roseviewhc.com
CMS,https://rosevillahealthcare.com
CMS,https://rosevillecarecenter.com
CMS,https://rosewoodhcr.com
CMS,https://rosewoodrehab.org
CMS,https://rosewoodreno.com
CMS,https://rosewoodrhc.com
CMS,https://ross-manor.com
CMS,https://rosscountyhealth.org
CMS,https://rossmoorpa.com
CMS,https://rossvillehrc.com
CMS,https://rotaryseniorliving.com
CMS,https://rothenberg.cps-k12.org
CMS,https://rothmanorthohospital.com
CMS,https://rousesgrouphome.com
CMS,https://rowan.hattiesburgpsd.com
CMS,https://rowletthealth.com
CMS,https://rowntreegardens.org
CMS,https://royalcare.com
CMS,https://royalgardenhealth.com
CMS,https://royalgreenelementary.net
CMS,https://royaloaknursingcenter.com
CMS,https://royalpalmbeachhrc.com
CMS,https://royalpalmshealth.com
CMS,https://royalplazahealthandrehabilitationofcascadia.com
CMS,https://royalsuiteshealthcare.com
CMS,https://royalterracehealth.com
CMS,https://roysecitymedicallodge.com
CMS,https://rphome.org
CMS,https://rpsnf.com
CMS,https://rrhwp.org
CMS,https://rrmotonelementary.net
CMS,https://rsac.fcsd.us
CMS,https://rspseniorliving.com
CMS,https://rubindialysis.org
CMS,https://rubywise.rpsb.us
CMS,https://rugg.rpsb.us
CMS,https://ruhealth.org
CMS,https://rulemecenter.com
CMS,https://rulevillerehabcenter.com
CMS,https://runnellscarecenter.com
CMS,https://runningwaterdraw.com
CMS,https://ruralhealthcenter.net
CMS,https://ruralhealthinc.org
CMS,https://ruralhs.org
CMS,https://rushcountymemorialhospital.com
CMS,https://rushford.org
CMS,https://rushvillenursing.com
CMS,https://russellcares.com
CMS,https://russellvillenr.com
CMS,https://rustonrehabcenter.com
CMS,https://rutherfordcountytn.gov
CMS,https://ruthvenccc.com
CMS,https://rvmc.org
CMS,https://rw-c.org
CMS,https://rwanadarko.com
CMS,https://rwfairfax.com
CMS,https://rwjms.rutgers.edu
CMS,https://rwstroud.com
CMS,https://ryanhealth.org
CMS,https://ryzerenalcare.com
CMS,https://s-khome.com
CMS,https://sabalhealthandrehab.com
CMS,https://sabinocanyoncare.com
CMS,https://sacfw.org
CMS,https://sachemrehab.com
CMS,https://sacodocs.com
CMS,https://sacpostacute.com
CMS,https://sacredcircle.com
CMS,https://sacredhearthome.org
CMS,https://saddlebackportablexray.com
CMS,https://safefutureaco.com
CMS,https://safeharbormedlv.org
CMS,https://safehavenhealth.org
CMS,https://safetynetbhc.com
CMS,https://sagecreekpostacute.com
CMS,https://sagememorial.com
CMS,https://saguarofitnessandrehab.com
CMS,https://saimentalhealth.org
CMS,https://saintannenursing.com
CMS,https://saintcamillusurgentcare.com
CMS,https://saintfrancisministries.org
CMS,https://saintjameshealth.com
CMS,https://saintjohnsmilw.org
CMS,https://saintjosephseniorliving.org
CMS,https://saintlukes.clinic
CMS,https://saintmaryshome.org
CMS,https://saintsimeons.org
CMS,https://sais.health.pa.gov
CMS,https://salamancarnc.com
CMS,https://salemhealthrehab.com
CMS,https://salemhillsrehab.com
CMS,https://salemtowne.org
CMS,https://salinahealth.org
CMS,https://salinasvalleypa.com
CMS,https://salisburyrnc.com
CMS,https://salmonbrookrehab.com
CMS,https://salmoncreekpostacute.com
CMS,https://salmonhealth.com
CMS,https://saltriver.org
CMS,https://samaritancenterdetroit.org
CMS,https://samaritanhcpc.com
CMS,https://samrodgers.org
CMS,https://sanangelonursingandrehab.com
CMS,https://sanantoniowellnessandrehab.com
CMS,https://sanbrunoskillednursing.com
CMS,https://sanctamaria.org
CMS,https://sanctuaryhealthnetwork.com
CMS,https://sanctuaryofohiovalley.com
CMS,https://sandalwoodrehab.com
CMS,https://sandgategardens.com
CMS,https://sandhillscarecenter.net
CMS,https://sandhillsmedical.org
CMS,https://sandiegochildrensdentist.com
CMS,https://sandiegounified.org
CMS,https://sandimasbayshire.com
CMS,https://sandpiperhrc.com
CMS,https://sandpiperpa.com
CMS,https://sandridgepa.com
CMS,https://sandspointrehab.com
CMS,https://sandsprings.us
CMS,https://sandstone-pioneer-trail.wheree.com
CMS,https://sandstonehc.com
CMS,https://sandstonehealthcc.com
CMS,https://sandstoneheights.com
CMS,https://sandylakerehabandcare.com
CMS,https://sandypineshospital.com
CMS,https://sandyrehab.com
CMS,https://sangabrielhealth.com
CMS,https://sanjacintopa.com
CMS,https://sanjoaquinnrc.com
CMS,https://sanjuancarecenter.com
CMS,https://sanjuannursinghome.org
CMS,https://sanjudaschc.org
CMS,https://sanluistransitionalcare.com
CMS,https://sanmarcoscare.com
CMS,https://sanmarinohc.com
CMS,https://sanpedromanor.com
CMS,https://sanrc.com
CMS,https://sansabarehab.com
CMS,https://sansburycare.org
CMS,https://sansimeonbythesound.org
CMS,https://sanssoucirehab.com
CMS,https://sanstonehealth.com
CMS,https://santaanita-convalescent.com
CMS,https://santaclarapostacute.com
CMS,https://santaclaritapa.com
CMS,https://santacruzpa.com
CMS,https://santafepostacute.com
CMS,https://santaferehab.com
CMS,https://santamariaelmirador.org
CMS,https://santamariapostacute.com
CMS,https://santamartaretirement.com
CMS,https://santamonicahealthcarecenter.com
CMS,https://santarosapostacute.com
CMS,https://santecares.com
CMS,https://sapphireatbelmont.com
CMS,https://sapphireatgracelen.com
CMS,https://sapphireatmyrtlepoint.com
CMS,https://sapphireatriversedge.com
CMS,https://sapphireattigardrehab.com
CMS,https://sapphirechc.org
CMS,https://sapphireridgenhr.com
CMS,https://sarasotahealthandrehab.com
CMS,https://sarasotanursingandrehab.com
CMS,https://sarha.org
CMS,https://saugusrehab.com
CMS,https://saundersnursing.com
CMS,https://savannasparkhrc.com
CMS,https://saylorlanehealthcare.com
CMS,https://sbchc.net
CMS,https://sbclinics.org
CMS,https://sbrm.org
CMS,https://scandiasl.com
CMS,https://scarletoakshc.com
CMS,https://scchc.org
CMS,https://scconv.com
CMS,https://scenicrehabcenter.com
CMS,https://sces.rheacounty.org
CMS,https://scfhc.org
CMS,https://scha.org
CMS,https://schealth.org
CMS,https://schenectady-center.facilities.centershealthcare.org
CMS,https://schmittwoodlandhills.com
CMS,https://schowalter-villa.org
CMS,https://schuylerhospital.org
CMS,https://sco.org
CMS,https://scomsc.com
CMS,https://scotlandmanorrehab.com
CMS,https://scott.tricare.mil
CMS,https://scottcountyfp.com
CMS,https://scottdalerhc.com
CMS,https://scottlakerehab.com
CMS,https://scottsdaleheritagecourt.com
CMS,https://scpccga.org
CMS,https://scrantonprimary.org
CMS,https://scrfhc.org
CMS,https://scrnc.net
CMS,https://scrnrc.com
CMS,https://scvmc.scvh.org
CMS,https://scyimagingxray.com
CMS,https://sdfamilycare.org
CMS,https://sdhsinc.com
CMS,https://sdpostacute.com
CMS,https://sdshs.net
CMS,https://sduih.org
CMS,https://seabreezerehab.com
CMS,https://seaburylife.org
CMS,https://seacliffhealthcare.com
CMS,https://seacoastkidney.com
CMS,https://seacresthc.com
CMS,https://seacrestrehabhc.com
CMS,https://seagaterehab.com
CMS,https://sealbeachhcc.com
CMS,https://searscoastalnursingrehab.com
CMS,https://seashoregardens.org
CMS,https://seaside-healthcare.com
CMS,https://seasidehealthsystem.com
CMS,https://seasiderehabilitation.com
CMS,https://seasonshc.com
CMS,https://seasonsrehabhc.com
CMS,https://seattleroots.org
CMS,https://sebasticookfamilydoctors.org
CMS,https://sebasticookhospital.org
CMS,https://sebringpediatrics.com
CMS,https://sedgewoodmanor.com
CMS,https://sedonatrace.com
CMS,https://selfhelphome.org
CMS,https://seminaryvillage.com
CMS,https://senakeanhc.com
CMS,https://senatobiahealthcare.com
CMS,https://senecahrc.com
CMS,https://senecaseniorliving.org
CMS,https://seniorcarefinder.com
CMS,https://seniorcarehomes.com
CMS,https://seniorhealthpa.com
CMS,https://seniorlivinglss.com
CMS,https://seniornavigator.org
CMS,https://seniorrehab.com
CMS,https://seniorsbluebook.com
CMS,https://seniorsuiteshealthcare.com
CMS,https://sequoialiving.org
CMS,https://sequoiatc.com
CMS,https://sequoiavistacare.org
CMS,https://sequoyahpointe.us
CMS,https://ser.pr
CMS,https://serenitybaycare.com
CMS,https://serenitycarehealthgroup.org
CMS,https://serenityestateshc.com
CMS,https://serravillage.com
CMS,https://serve-the-people.com
CMS,https://servicefirstnc.org
CMS,https://ses.covingtoncountyschools.org
CMS,https://ses.lamarcountyschools.org
CMS,https://ses.scsb.org
CMS,https://ses.seisd.net
CMS,https://setonchildrens.org
CMS,https://setonmanorhc.com
CMS,https://settlementhealth.org
CMS,https://sevenacresseniorliving.org
CMS,https://sevenhillshealthandrehab.com
CMS,https://sevenhillsnursing.com
CMS,https://sevenoaksnursing.com
CMS,https://sevhs.org
CMS,https://sfac.fcsd.us
CMS,https://sfes.floyd.kyschools.us
CMS,https://sfhcr.com
CMS,https://sfpostacute.com
CMS,https://sfrehab.org
CMS,https://sfresourceconnect.org
CMS,https://sgchd.org
CMS,https://sgptsm.com
CMS,https://shadelands.com
CMS,https://shadyknollhcc.com
CMS,https://shadylaneinc.com
CMS,https://shadylawnhealth.com
CMS,https://shadynookrehab.com
CMS,https://shadyoaknursing.com
CMS,https://shafterpediatrics.com
CMS,https://shakergardens.com
CMS,https://shakopeefriendshipmanor.com
CMS,https://shallowfordwellness.com
CMS,https://shalomgardens.com
CMS,https://shandinhillsbhc.com
CMS,https://shanerobertsmd.com
CMS,https://shannoncountyhealth.org
CMS,https://sharenetworkchicago.org
CMS,https://sharenm.org
CMS,https://shareourselves.org
CMS,https://sharinghopesc.org
CMS,https://sharmarvillage.com
CMS,https://sharoncare.com
CMS,https://sharoncarecenter.com
CMS,https://sharonchc.org
CMS,https://sharonhcc.com
CMS,https://sharonregional.org
CMS,https://shastacarecenter.org
CMS,https://shastafamily.com
CMS,https://shaw.tricare.mil
CMS,https://shawneegardenshrc.com
CMS,https://shawneemanor.com
CMS,https://shawneemhc.org
CMS,https://shawneeparc.com
CMS,https://shawneeseniorlivingllc.com
CMS,https://shawnmanor.us
CMS,https://shcelms.org
CMS,https://shcofgalion.com
CMS,https://shcpines.org
CMS,https://shcs.ucdavis.edu
CMS,https://shcwillows.org
CMS,https://shdistrict.com
CMS,https://sheaparc.com
CMS,https://sheaphysicaltherapy.com
CMS,https://shearerrichardson.com
CMS,https://sheepsheadnursing.com
CMS,https://shelbyvillemanor.com
CMS,https://shelllakehealthcarecenter.com
CMS,https://sheltersocialclub.com
CMS,https://shenandoahrehabcenter.com
CMS,https://shenandoahseniorliving.com
CMS,https://shenango.srcare.org
CMS,https://sheppard.tricare.mil
CMS,https://sheridanvillagerehab.com
CMS,https://sheridenwoods.com
CMS,https://shermanoakscare.com
CMS,https://shermanoakscompletecare.com
CMS,https://shermanoakshospital.org
CMS,https://shermanvillagehc.com
CMS,https://sherwoodhealthcarecenter.com
CMS,https://sherwoodoakshealthcenter.com
CMS,https://sherwoodoakspa.com
CMS,https://sherwoodok.com
CMS,https://shes.beaufortschools.net
CMS,https://shfi.com
CMS,https://shinernr.com
CMS,https://shinneryoaks.com
CMS,https://shipleyliving.com
CMS,https://shirkeyhealthservices.com
CMS,https://shoal.yourpurehealth.com
CMS,https://shoalskidneycenter.com
CMS,https://shorehavenliving.org
CMS,https://shorelinecarecenter.com
CMS,https://shorelinehealthcare.com
CMS,https://shorelinehrc.com
CMS,https://shoreservices.org
CMS,https://shoresiderehab.com
CMS,https://shorespostacute.com
CMS,https://shortgrasschc.com
CMS,https://shreveportmanornursinghome.com
CMS,https://shs.covingtoncountyschools.org
CMS,https://shs.lamarcountyschools.org
CMS,https://shvnrc.com
CMS,https://sichc.org
CMS,https://siennanursing.com
CMS,https://sierra-pa.com
CMS,https://sierra.army.mil
CMS,https://sierradonor.org
CMS,https://sierrasagetreatmentcenter.com
CMS,https://sierravalleyrc.com
CMS,https://sierraview.org
CMS,https://sierraviewcarecenter.com
CMS,https://sierravistabhc.com
CMS,https://sierrawinds.com
CMS,https://siestakeyhrc.com
CMS,https://signaturepointelcs.com
CMS,https://sihc.org
CMS,https://silascreekrehab.com
CMS,https://silsbeeoaksllp.com
CMS,https://silvercarehc.com
CMS,https://silvercreekhc.com
CMS,https://silvercrest.org
CMS,https://silvercresthcr.com
CMS,https://silvercrosshealthandrehab.com
CMS,https://silverhillshealthcarecenter.com
CMS,https://silverlakehospital.org
CMS,https://silverlakesc.com
CMS,https://silvermemorieshealthcare.com
CMS,https://silveroaknursing.com
CMS,https://silveroakshealthandrehab.com
CMS,https://silverridgecare.com
CMS,https://silverridgehealthcarecenter.com
CMS,https://silverspringshcc.com
CMS,https://silverstatehealth.org
CMS,https://silverstreamhc.com
CMS,https://silvertreenursing.com
CMS,https://silverwoodpa.com
CMS,https://simhcottumwa.org
CMS,https://simpsonhousing.org
CMS,https://simpsonmemorialhome.org
CMS,https://simpsonplacedallas.com
CMS,https://simpsonvillepa.com
CMS,https://sinaipostacutecare.com
CMS,https://sipayikhealth.com
CMS,https://siropr.com
CMS,https://siskiyouhealthcenter.com
CMS,https://sites.google.com
CMS,https://sjch.org
CMS,https://sjmctx.org
CMS,https://sjvrehab.com
CMS,https://skaalen.com
CMS,https://skillcreations.com
CMS,https://skilledcareofmexia.com
CMS,https://skylakepa.com
CMS,https://skylandcarecenternc.com
CMS,https://skylandterrace.net
CMS,https://skylinehealthcarecenter-sanjose.com
CMS,https://skylineseattle.org
CMS,https://skylineterracenh.com
CMS,https://skylinetransitional.com
CMS,https://skyview-rehab.com
CMS,https://skyviewrehab.com
CMS,https://skyviewsprings.com
CMS,https://slatoncarecenter.com
CMS,https://slatonfamilymedical.com
CMS,https://slmcnv.org
CMS,https://sloanslakerehab.com
CMS,https://slovenehome.org
CMS,https://slpoperations.com
CMS,https://slspecialty.org
CMS,https://slwic.org
CMS,https://smahealthcare.org
CMS,https://smartcarepediatrics.com
CMS,https://smh-nj.com
CMS,https://smilehelpnow.com
CMS,https://smithcotn.com
CMS,https://smithcountyhealthandrehab.com
CMS,https://smithcrossing.org
CMS,https://smithtowncenter.com
CMS,https://smithvillage.org
CMS,https://smokyhcp.com
CMS,https://smokymountaincare.com
CMS,https://smokyridgehc.com
CMS,https://sms.covingtoncountyschools.org
CMS,https://sms.lamarcountyschools.org
CMS,https://snahc.org
CMS,https://snchc.org
CMS,https://sngdialysis.com
CMS,https://snohomishrehabofcascadia.com
CMS,https://soar365.org
CMS,https://socalpostacutecare.com
CMS,https://socialservicesmn.org
CMS,https://socmonroe.com
CMS,https://socorrowellness.com
CMS,https://soddydaisyhealth.com
CMS,https://sodusrehab.com
CMS,https://solariscares.org
CMS,https://solarishealthcare.org
CMS,https://solarishealthpartners.com
CMS,https://solheimsenior.org
CMS,https://solidagohealthrehab.com
CMS,https://solomonssnf.com
CMS,https://solonpointehc.com
CMS,https://solutionsretreat.org
CMS,https://solverahealth.com
CMS,https://somatus.com
CMS,https://some.org
CMS,https://somerenglen.org
CMS,https://somersethc.com
CMS,https://somersetnursing.com
CMS,https://somersetsubacute.com
CMS,https://somerwoods.com
CMS,https://songbirdnursing.com
CMS,https://sonomapostacute.com
CMS,https://sonomaspecialtyhospital.org
CMS,https://sonorafamilypractice.org
CMS,https://sonterrahealthcenter.com
CMS,https://sonvalley.net
CMS,https://south-river.org
CMS,https://southampton.stonybrookmedicine.edu
CMS,https://southamptonhc.com
CMS,https://southbaypostacute.com
CMS,https://southbridgerehab.com
CMS,https://southbrookhealthcare.com
CMS,https://southcampuscc.com
CMS,https://southcaremed.com
CMS,https://southcoastpa.com
CMS,https://southcreekpa.com
CMS,https://southdadenursing.com
CMS,https://southeastbehavioral.com
CMS,https://southeasthc.org
CMS,https://southeastrehabcare.com
CMS,https://southern.fl.networkofcare.org
CMS,https://southern7.org
CMS,https://southerngracemed.com
CMS,https://southernhand.com
CMS,https://southernillinoiswellness.com
CMS,https://southernpinesrehab.com
CMS,https://southernspecialtynursing.com
CMS,https://southernusa.salvationarmy.org
CMS,https://southernwindshospital.com
CMS,https://southforkrivertherapyandliving.com
CMS,https://southgatecompletecare.com
CMS,https://southgatehealthcare.com
CMS,https://southhavenhealthandrehab.com
CMS,https://southhealthandrehab.com
CMS,https://southheritagehealthandrehab.com
CMS,https://southhillspa.com
CMS,https://southhollandmanorhrc.com
CMS,https://southlandhealthcare.com
CMS,https://southlandhealthcarecenter.com
CMS,https://southlandliving.com
CMS,https://southmainclinic.com
CMS,https://southmountainhrc.com
CMS,https://southmountainpostacute.com
CMS,https://southogdenrehab.com
CMS,https://southorangehrc.com
CMS,https://southparkeastokc.com
CMS,https://southplainshealth.org
CMS,https://southplattehrc.com
CMS,https://southpointecrc.com
CMS,https://southpointehealthandrehab.com
CMS,https://southpointrehab.com
CMS,https://southportnh.com
CMS,https://southridgevillagenursingandrehab.com
CMS,https://southshoregary.com
CMS,https://southshorerc.com
CMS,https://southsidebh.org
CMS,https://southsidefamilycli.wixsite.com
CMS,https://southsidegroupva.com
CMS,https://southsidemedical.net
CMS,https://southsuburbannursing.com
CMS,https://southtexashealthsystembehavioral.com
CMS,https://southtexasruralhealth.com
CMS,https://southvalleypostacute.com
CMS,https://southviewcare.com
CMS,https://southviewmedicalcl.wixsite.com
CMS,https://southwestcare.org
CMS,https://southwesternhc.com
CMS,https://southwestnursingcenter.com
CMS,https://southwindatcrowley.org
CMS,https://sovahphysicians.com
CMS,https://spanishforkrehab.com
CMS,https://spanishhillswellness.com
CMS,https://spanishtrailsrehabilitation.com
CMS,https://specialized-care.com
CMS,https://specialkindofcaring.org
CMS,https://specialtyhcr.com
CMS,https://specialtyhospitalcj.com
CMS,https://spectrahealth.org
CMS,https://spectrumforliving.org
CMS,https://spectrumhs.org
CMS,https://spectrumphysicaltherapyct.com
CMS,https://speedoflightxray.com
CMS,https://spidpediatriccenter.com
CMS,https://spinalrehabclinic.com
CMS,https://spinehola.com
CMS,https://splendidotucson.com
CMS,https://splg.org
CMS,https://splitrockrehab.com
CMS,https://spokanehealthandrehabofcascadia.com
CMS,https://spokanehrc.com
CMS,https://sportherapy.com
CMS,https://sportspineclinic.com
CMS,https://sportspinewi.com
CMS,https://sportsrehabiowa.com
CMS,https://spot-rehab.com
CMS,https://spprehabilitation.com
CMS,https://sprainbrookmanor.com
CMS,https://sprenkledrive.spiritrustlutheran.org
CMS,https://sprhc.org
CMS,https://springbrooknursing.com
CMS,https://springcreekcare.com
CMS,https://springcreekcenter.com
CMS,https://springcreekhc.com
CMS,https://springcreekhcc.com
CMS,https://springcreekhealthandrehab.com
CMS,https://springcreekhealthcare.org
CMS,https://springcreeknursing.com
CMS,https://springcreekrehabandnursing.com
CMS,https://springdalehealthandrehab.com
CMS,https://springdalehealthcarecenter.com
CMS,https://springfieldohnursing.com
CMS,https://springfieldrehabhc.com
CMS,https://springgatehc.com
CMS,https://springgroverehab.com
CMS,https://springhill.carringtonplaces.com
CMS,https://springhillsnf.com
CMS,https://springlakenursinghome.com
CMS,https://springlakerehab.com
CMS,https://springmeadowsvhc.com
CMS,https://springmillhc.com
CMS,https://springmountainrehab.com
CMS,https://springsatstandrews.com
CMS,https://springsroadhc.com
CMS,https://springtownparkrehab.com
CMS,https://springtreehealthrehab.com
CMS,https://springvalehealth.org
CMS,https://springvalenursing.com
CMS,https://springviewmanorhrc.com
CMS,https://springviewnr.com
CMS,https://sprlj.com
CMS,https://spurgeonmanor.com
CMS,https://spurwink.org
CMS,https://squirrelhillhealthcenter.org
CMS,https://squirrelhillwr.com
CMS,https://srdlc.org
CMS,https://srhealth.org
CMS,https://sri.ernesthealth.com
CMS,https://srmedicalcenter.org
CMS,https://srnctx.com
CMS,https://srs-usa.com
CMS,https://srsnf.com
CMS,https://ssbdiagnostic.com
CMS,https://sschc.org
CMS,https://sscnonprofit.org
CMS,https://ssjoachim.org
CMS,https://ssmo.org
CMS,https://st-camillus.org
CMS,https://staffordcountyhospital.com
CMS,https://stafforddialysis.com
CMS,https://stafholthealthandrehabofcascadia.com
CMS,https://staging.palladianmgt.com
CMS,https://staging.syracusecommunityhealth.org
CMS,https://stahlhouse.com
CMS,https://stall.ccsdschools.com
CMS,https://stamfordvilla.org
CMS,https://standiferplace.org
CMS,https://standrewhcp.com
CMS,https://standrews1.com
CMS,https://standrewsbaynrc.com
CMS,https://stanleypa.com
CMS,https://stanleytotallivingcenter.org
CMS,https://stanleytownrehab.com
CMS,https://stanncenter.org
CMS,https://stannesrc.org
CMS,https://stannrehabcenter.org
CMS,https://stannscommunity.com
CMS,https://stannsok.com
CMS,https://stanthonyhealthandrehab.com
CMS,https://stanthonymedical.org
CMS,https://stanthonyscarecenter.com
CMS,https://stantoine.net
CMS,https://stantoncountyhospital.com
CMS,https://starbuckmedical.com
CMS,https://starcityrehab.com
CMS,https://starcommunityhealth.org
CMS,https://starhoustonphysicaltherapy.com
CMS,https://starpt.com
CMS,https://statenislandcc.com
CMS,https://staugcenterforliving.com
CMS,https://staugministries.org
CMS,https://staugustinehealthandrehab.com
CMS,https://stauntonclinic.com
CMS,https://stauntonhospital.org
CMS,https://stauntonrehab.com
CMS,https://staywellhealth.org
CMS,https://stbarnabashealthsystem.com
CMS,https://stcatherinehealthcare.com
CMS,https://stcatherinescourthouse.com
CMS,https://stcatherinesfostoria.com
CMS,https://stcharlescarecenter.org
CMS,https://stclarenewport.org
CMS,https://stearnsrehabcenter.com
CMS,https://steckmedical.com
CMS,https://stedmondshome.org
CMS,https://stedna.com
CMS,https://stedwardne.com
CMS,https://steelcitymedicalcenter.com
CMS,https://steelvilleseniorliving.com
CMS,https://steemcc.org
CMS,https://steerehouse.org
CMS,https://stelizabethcommunity.org
CMS,https://stelizabethnursing.com
CMS,https://stelizabethrehab.com
CMS,https://stelizabethsplacear.com
CMS,https://stellamanornr.com
CMS,https://stellamaris.org
CMS,https://stellarliving.com
CMS,https://stellarnursinghomes.com
CMS,https://stephensonnursingcenter.org
CMS,https://sterling.bsfhc.org
CMS,https://sterlingcarehealth.com
CMS,https://sterlingcountynh.net
CMS,https://sterlinghcr.com
CMS,https://sterlinghealth.net
CMS,https://sterlinghealthky.org
CMS,https://sterlinghealthrc.com
CMS,https://stewartphysicaltherapy.com
CMS,https://stfranciscarecenter.com
CMS,https://stfrancisrehabcenter.org
CMS,https://stgabrielchc.org
CMS,https://stgeorgehealthcarecenter.com
CMS,https://stgeorgerehab.com
CMS,https://stgerardcampus.org
CMS,https://stgerards.org
CMS,https://stgilesnursing.com
CMS,https://sthelenaparishhospital.org.tempdomain.com
CMS,https://sthspecialtysurgery.com
CMS,https://stillhouserehab.com
CMS,https://stillwater-care.com
CMS,https://stillwater-healthcare.com
CMS,https://stillwaterbillingsclinic.com
CMS,https://stillwatercreekok.com
CMS,https://stillwaterpostacute.com
CMS,https://stilwellmemorial.com
CMS,https://stilwellnursingandrehab.com
CMS,https://stinnett.leslie.kyschools.us
CMS,https://stjameshc.com
CMS,https://stjamesplace.org
CMS,https://stjanedechantal.madonna.org
CMS,https://stjnrehab.org
CMS,https://stjog.org
CMS,https://stjohnland.org
CMS,https://stjoseph-wy.org
CMS,https://stjosephresidence.com
CMS,https://stjosephs.net
CMS,https://stjosephscenter.org
CMS,https://stjosephsvhc.com
CMS,https://stjosephtrc.com
CMS,https://stjosephvilla.org
CMS,https://stjrnc.com
CMS,https://stjudenhc.com
CMS,https://stlcare.com
CMS,https://stlukeshome.com
CMS,https://stmarksliving.org
CMS,https://stmarysharlem.com
CMS,https://stmc.org
CMS,https://stmonicarehab.org
CMS,https://stonebridge.wlcfirm.com
CMS,https://stonebridgeatmontgomery.org
CMS,https://stonebridgecenterhc.com
CMS,https://stonebridgeseniorliving.com
CMS,https://stonebrookhc.com
CMS,https://stonecreekhar.com
CMS,https://stonemererehab.com
CMS,https://stonesrivermanor.com
CMS,https://stoneypointhealthcare.com
CMS,https://stonycreekhealth.com
CMS,https://stottos.org
CMS,https://stpaulelders.org
CMS,https://stpete.carringtonplaces.com
CMS,https://stpetedialysis.com
CMS,https://stpetersrehab.com
CMS,https://stratford-living.com
CMS,https://stratfordrehab.com
CMS,https://strawberrypatchclinic.com
CMS,https://strawberrypointlutheranhome.com
CMS,https://strh.ernesthealth.com
CMS,https://striverehab.com
CMS,https://stteresanursing.com
CMS,https://stteresarehabcenter.org
CMS,https://stuarthrc.com
CMS,https://stuartrehabcare.com
CMS,https://studiocityrehab.com
CMS,https://stvincentrehabcenter.org
CMS,https://stwilliamscarecenter.org
CMS,https://stwilliamslivingcenter.com
CMS,https://subacuteautumnlake.com
CMS,https://suburbandiagnostics.com
CMS,https://suburbanrehab.com
CMS,https://sudanmed.com
CMS,https://suffolkcountyny.gov
CMS,https://sugarlandcarecenter.com
CMS,https://sugarlandsurgery.com
CMS,https://sugarloafmedical.com
CMS,https://sullivanny.gov
CMS,https://sullivanparkcc.com
CMS,https://sulzbacherjax.org
CMS,https://summerfieldhealthcare.net
CMS,https://summerfordrehab.com
CMS,https://summerhillseniorcommunity.com
CMS,https://summersmedaesthetics.com
CMS,https://summit-hills.com
CMS,https://summitatplantsville.com
CMS,https://summitcommonsrehab.com
CMS,https://summithrc.org
CMS,https://summitltc.com
CMS,https://sumpt.net
CMS,https://sumtereasthrc.com
CMS,https://sumterhealthandrehab.com
CMS,https://sunarchacademy.com
CMS,https://suncitypa.com
CMS,https://suncoast-chc.org
CMS,https://suncoastprimarycarespecialists.com
CMS,https://sundalecare.com
CMS,https://sundancecreekpa.com
CMS,https://sunflowerparkhealth.com
CMS,https://sunharborhc.com
CMS,https://sunhealth.org
CMS,https://sunhealthcommunities.org
CMS,https://sunland.org
CMS,https://sunmarnursing.com
CMS,https://sunnyhillcarecenter.com
CMS,https://sunnyhillnursinghome.com
CMS,https://sunnyhillshc.com
CMS,https://sunnyhillspostacute.com
CMS,https://sunnysidecare.com
CMS,https://sunnysidecarecenter.com
CMS,https://sunnysidehcc.com
CMS,https://sunnyspringsrehab.com
CMS,https://sunnyvalegardens.com
CMS,https://sunnyvalepostacute.com
CMS,https://sunnyviewcarecenter.com
CMS,https://sunnyviewcenter.com
CMS,https://sunnyviewhealthcare.com
CMS,https://sunnyviewnursing.com
CMS,https://sunnyviewrehab.org
CMS,https://sunnyvista.org
CMS,https://sunplexsubacute.cesltc.com
CMS,https://sunrayhc.com
CMS,https://sunriseclinicsnm.org
CMS,https://sunrisegroup.org
CMS,https://sunrisehaven.org
CMS,https://sunrisehillcare.com
CMS,https://sunrisehrc.com
CMS,https://sunrisenursing.com
CMS,https://sunrisenursinghealthcare.com
CMS,https://sunrisepa.com
CMS,https://sunrisepointhrc.com
CMS,https://sunriseretirement.com
CMS,https://sunriseterracecc.com
CMS,https://sunsetmanor.yolasite.com
CMS,https://sunsetmanorcare.com
CMS,https://sunsetparkhcc.com
CMS,https://sunsetridge.com
CMS,https://sunsetvillahc.com
CMS,https://sunsetvillapa.com
CMS,https://sunshinechildrenshome.org
CMS,https://sunshinehealthcareinc.com
CMS,https://sunterracerehab.com
CMS,https://sunvalleyrehab.com
CMS,https://sunviewhealth.com
CMS,https://sunwestchoice.com
CMS,https://superiorhrc.com
CMS,https://superiormobileimaging.com
CMS,https://surgerehab.com
CMS,https://surpass-living.com
CMS,https://surprisehealthcare.com
CMS,https://surreynursing.com
CMS,https://surreyplacehealthandrehab.com
CMS,https://sus.org
CMS,https://susannawesleyrehab.com
CMS,https://suttonpark.net
CMS,https://suwanneevalleync.com
CMS,https://svchc.org
CMS,https://svhcs.org
CMS,https://svs.matsuk12.us
CMS,https://swanlakerehab.com
CMS,https://swannanoavalleynhr.com
CMS,https://swantonvalley.com
CMS,https://swedenvalleymanor.com
CMS,https://swedishcovenant.org
CMS,https://swgahealthcareclinics.org
CMS,https://swlphc.org
CMS,https://swmtchc.org
CMS,https://swopehealth.org
CMS,https://swuhealth.org
CMS,https://swvhs.org
CMS,https://sycamoreheightsrehab.com
CMS,https://symphonyapplewood.com
CMS,https://symphonynetwork.com
CMS,https://symphonynorthwoods.com
CMS,https://synergypines.com
CMS,https://sythc.org
CMS,https://tabhealth.org
CMS,https://tablerockfamilycare.com
CMS,https://tabormanorcare.com
CMS,https://taborservicesinc.org
CMS,https://taggs.hhs.gov
CMS,https://tallasseehealthandrehab.com
CMS,https://tallwoodscarecenter.com
CMS,https://tamarack-ridge.net
CMS,https://tampalakes.com
CMS,https://tampicohcc.com
CMS,https://tanabell.com
CMS,https://tanagerplace.org
CMS,https://tangurecovery.com
CMS,https://taoshealthcare.com
CMS,https://tap360health.org
CMS,https://tapmedicine.com
CMS,https://tappahannock.carringtonplaces.com
CMS,https://tari.myresourcedirectory.com
CMS,https://tarponbayoucenter.com
CMS,https://tarrytownrnc.com
CMS,https://tarzanahealthandrehab.com
CMS,https://tatespringshealth.com
CMS,https://taylorfamilyhealthcare.godaddysites.com
CMS,https://taylorhcg.org
CMS,https://taylorregional.org
CMS,https://tboc.org
CMS,https://tcahealth.org
CMS,https://tcaphysicaltherapy.com
CMS,https://tcdiagnostics.com
CMS,https://tce.catoosa.k12.ga.us
CMS,https://tchhsa.org
CMS,https://tcmedcenter.org
CMS,https://tcmedicalmobile.com
CMS,https://tcrhs.buncombeschools.org
CMS,https://tcv.net
CMS,https://teacch.com
CMS,https://teaguenursingcare.com
CMS,https://teamcarerehab.com
CMS,https://teamhealthcareclinic.com
CMS,https://tearememorialclinic.com
CMS,https://tejashealthcare.org
CMS,https://tempepostacute.com
CMS,https://templememorialpediatric.com
CMS,https://templeviewcare.com
CMS,https://tendercarecc.org
CMS,https://tennesseedonor.org
CMS,https://teresianhouse.org
CMS,https://terrabellahealth.com
CMS,https://terrace-view.net
CMS,https://terracecare.com
CMS,https://terraceglenvillage.com
CMS,https://terraceky.com
CMS,https://terracemanornursingandrehab.com
CMS,https://terraceofdelraycare.com
CMS,https://terracinaseniorliving.com
CMS,https://tetonhealthcareofcascadia.com
CMS,https://texannursingandrehab.com
CMS,https://texasnativehealth.org
CMS,https://texasquickcare.com
CMS,https://texhomachristiancare.com
CMS,https://texomahealthcenter.com
CMS,https://texomamedicalcenter.net
CMS,https://texvet.org
CMS,https://tfrnc.org
CMS,https://thaliarehab.com
CMS,https://thames.hattiesburgpsd.com
CMS,https://thatcherbrookrehab.com
CMS,https://thcplainfield.org
CMS,https://the-orchards.com
CMS,https://thearborsnursing.com
CMS,https://thearc.org
CMS,https://thearcinhawaii.org
CMS,https://thearlingtonofnaples.com
CMS,https://theatlasdom.com
CMS,https://thebelmontsnf.com
CMS,https://thebluffscolumbia.org
CMS,https://thebradfordnursinghome.com
CMS,https://thebradleycenter.org
CMS,https://thebrazosofwaco.com
CMS,https://thebrentwoodrehab.com
CMS,https://thebriarwood.com
CMS,https://thebristolrehab.com
CMS,https://thebroadwayelderliving.org
CMS,https://thecedars.org
CMS,https://thecenterfordiscovery.org
CMS,https://thecharteroak.org
CMS,https://thechateaurehab.com
CMS,https://thechesapeake.org
CMS,https://theclare.com
CMS,https://thecolumnshc.com
CMS,https://thecottageatwoodlandhills.com
CMS,https://thecoveatlajolla.com
CMS,https://thecrossingatriverside.com
CMS,https://thedaviscommunity.org
CMS,https://theedenplace.com
CMS,https://theelderpages.com
CMS,https://theeleanor.net
CMS,https://theellisonjohntcc.com
CMS,https://theenclaverehab.com
CMS,https://theencoreatboca.com
CMS,https://theestatesarlington.org
CMS,https://theestateshillsboro.org
CMS,https://theestateskeene.org
CMS,https://thefamilyphysicaltherapy.org
CMS,https://thefamilyurgentcare.com
CMS,https://thefirstrehab.com
CMS,https://theforum-seniorliving.com
CMS,https://thefountainviewcenter.com
CMS,https://thefriendlynursinghome.com
CMS,https://thegardenshrc.com
CMS,https://thegilloddfellowshomeofvermontinc.org
CMS,https://theglebe.org
CMS,https://theglen.org
CMS,https://theglenridge.com
CMS,https://thegrandhealthcare.com
CMS,https://thegrandpavilionrc.com
CMS,https://thegreenfields.org
CMS,https://thegreensatpinehurst.com
CMS,https://thegrgroupptchoicecare.com
CMS,https://thegrovecare.com
CMS,https://thegrovecolumbia.com
CMS,https://thegrovehrc.com
CMS,https://thegroverehab.com
CMS,https://thegrovescenter.com
CMS,https://theguesthousenursinghome.com
CMS,https://thehalehandcenter.com
CMS,https://thehallmark.org
CMS,https://thehavenhome.org
CMS,https://thehaventucson.org
CMS,https://thehealthcareresortcs.com
CMS,https://thehealthcareresortkc.com
CMS,https://thehealthcareresortleawood.com
CMS,https://thehealthcareresortolathe.com
CMS,https://thehealthcareresortplano.com
CMS,https://thehealthcareresorttopeka.com
CMS,https://thehealthplex.co
CMS,https://thehealthychoiceclinic.com
CMS,https://theheightsofsummerlin.com
CMS,https://theheightspa.com
CMS,https://theheightsrehab.com
CMS,https://theheritageky.com
CMS,https://thehiddenlakes.com
CMS,https://thehighlandsowasso.com
CMS,https://thehillcrestmanor.com
CMS,https://thehillhealthcenter.org
CMS,https://thehillspostacute.com
CMS,https://thehowellhouse.com
CMS,https://thehughescenter.com
CMS,https://theivyatdavenport.com
CMS,https://theivyatgastonia.com
CMS,https://thekidneycarecenter.com
CMS,https://theknolls.org
CMS,https://thelafayette.net
CMS,https://thelakesatmaumelle.com
CMS,https://thelaurenwood.com
CMS,https://thelegacyatboca.com
CMS,https://thelegacyrehab.com
CMS,https://thelegacyseniorcommunities.org
CMS,https://thelodgeattaylor.com
CMS,https://thelodgehrc.com
CMS,https://theloftrehab.com
CMS,https://themanor.elfindaleretirement.com
CMS,https://themanorhc.com
CMS,https://themaplesatharbermeadows.com
CMS,https://themaplesbr.com
CMS,https://themapleshealthandrehabilitation.com
CMS,https://themariancenter.net
CMS,https://themccoyhouse.com
CMS,https://themeadowsdallas.com
CMS,https://themeadowsoffulton.com
CMS,https://themeadowspa.com
CMS,https://themiltonhome.com
CMS,https://themorrisoncommunities.org
CMS,https://thenextep.org
CMS,https://thenormandy.com
CMS,https://thenurturingcenter.org
CMS,https://theoaksatbartlett.com
CMS,https://theoaksofclearwater.com
CMS,https://theoakspa.com
CMS,https://theoakswebsite.com
CMS,https://theoliveleaf.com
CMS,https://theopenhearth.org
CMS,https://theorchardpostacute.com
CMS,https://theorchards.net
CMS,https://theorchardsmi.com
CMS,https://theoxfordrehabhealth.com
CMS,https://theparamountrehab.com
CMS,https://theparcjoliet.com
CMS,https://theparkinplano.com
CMS,https://thepeaks.org
CMS,https://thepearlrehabcenter.com
CMS,https://thepedcntr.com
CMS,https://thephoenixpostacute.com
CMS,https://thephoenixrehab.com
CMS,https://thepinespostacute.com
CMS,https://thepinesrehab.com
CMS,https://theplacecos.org
CMS,https://theplazacare.com
CMS,https://thepoverellocenter.org
CMS,https://thepreservevoa.org
CMS,https://theprestonhealthcenter.com
CMS,https://theracarerehabservices.com
CMS,https://therahealthwellness.com
CMS,https://theramatrix.com
CMS,https://therapeutic-solutions.com
CMS,https://therapy-a.com
CMS,https://therapynetwork.com
CMS,https://therapypartnerspt.com
CMS,https://therapyprovider.com
CMS,https://therapyservicesllc.com
CMS,https://therapyservicespc.com
CMS,https://therapyworks.com
CMS,https://therapyworkstulsa.com
CMS,https://thereserveatrichardson.com
CMS,https://thereservehealthcare.com
CMS,https://theriversiderehab.com
CMS,https://thesanctuaryatthewoodlands.hub-24.com
CMS,https://thesandsrehab.com
CMS,https://thesavoyrehabcenter.com
CMS,https://thesharon.org
CMS,https://theshawhome.org
CMS,https://thesprings.biz
CMS,https://thespringsar.com
CMS,https://thespringsavalon.com
CMS,https://thespringsbarrow.com
CMS,https://thespringsbatesville.com
CMS,https://thespringsbrinkley.com
CMS,https://thespringsbroadway.com
CMS,https://thespringscamden.com
CMS,https://thespringschenal.com
CMS,https://thespringscreekside.com
CMS,https://thespringseldorado.com
CMS,https://thespringsgreersferry.com
CMS,https://thespringsharrison.com
CMS,https://thespringshc.com
CMS,https://thespringshealth.com
CMS,https://thespringshillcrest.com
CMS,https://thespringsjonesboro.com
CMS,https://thespringsmagnolia.com
CMS,https://thespringsminecreek.com
CMS,https://thespringsmtvista.com
CMS,https://thespringsparkave.com
CMS,https://thespringspinebluff.com
CMS,https://thespringspinnacle.com
CMS,https://thespringspostacute.com
CMS,https://thespringspremier.com
CMS,https://thespringssearcy.com
CMS,https://thespringstexarkana.com
CMS,https://thestayton.com
CMS,https://thestewarthealthcenter.com
CMS,https://theterraceatmtogden.com
CMS,https://theterracecrystal.com
CMS,https://thetherapyplace.org
CMS,https://thetremontrehabcare.com
CMS,https://thevictoriacarecenter.com
CMS,https://thevillage.org
CMS,https://thevillagehealthcarecenter.com
CMS,https://thevillagejackson.com
CMS,https://thevillagesofdallas.com
CMS,https://thevillagesoflapeer.net
CMS,https://thevillasatsunnyacres.com
CMS,https://thevirginiahome.org
CMS,https://thevosswoodnursingcenter.com
CMS,https://thewaynecenter.com
CMS,https://thewellbridgegroup.com
CMS,https://thewesleyan.org
CMS,https://thewillowsrehab.com
CMS,https://thewoodlandseastland.com
CMS,https://thewoodlandshealthcare.com
CMS,https://thewrightcenter.org
CMS,https://thexraymemphis.com
CMS,https://thirdstreetfamily.org
CMS,https://thomasresthaven.org
CMS,https://thompsonhouse.info
CMS,https://thornecrest.net
CMS,https://thousandoakspostacute.com
CMS,https://threeriversmedicalgroup.com
CMS,https://threeriversmidlands.org
CMS,https://threeriversrehab.com
CMS,https://thriveahead.com
CMS,https://thrivealabama.org
CMS,https://thrivehospital.com
CMS,https://thriverehabpearland.com
CMS,https://throgsneckrehab.com
CMS,https://thundercareandrehab.com
CMS,https://thw.osu.edu
CMS,https://ti-inc.org
CMS,https://ticevalleypa.com
CMS,https://tidewaterpt.com
CMS,https://tidewatertherapy.com
CMS,https://tierraestehc.com
CMS,https://tierrapinescenter.com
CMS,https://tiffanycare.com
CMS,https://tillamookchc.org
CMS,https://timbercrest.org
CMS,https://timberlanehealthandrehab.com
CMS,https://timberlawn.com
CMS,https://timberlinehealth.com
CMS,https://timberlinepa.com
CMS,https://timberpointhealthcare.com
CMS,https://timberridgelcs.com
CMS,https://timberridgeschool.org
CMS,https://timbersok.com
CMS,https://timberwoodrehab.com
CMS,https://tinker.tricare.mil
CMS,https://tishomingoclc.cesltc.com
CMS,https://titusvillehealthandrehab.com
CMS,https://tke.matsuk12.us
CMS,https://tlc-pt.com
CMS,https://tlc4blind.org
CMS,https://tlccarecenter.com
CMS,https://tlhs.sfhs.org
CMS,https://tmrbayarea.net
CMS,https://tmwihc.org
CMS,https://tn211.myresourcedirectory.com
CMS,https://toccopola-family-medical-clinic.business.site
CMS,https://tockwotton.org
CMS,https://tohelpeveryone.org
CMS,https://toltc.org
CMS,https://toprehab.com
CMS,https://torringtonnh.com
CMS,https://tospt.com
CMS,https://totalfamilymedical.com
CMS,https://totalhealthcare.org
CMS,https://totalhealthcenter.osu.edu
CMS,https://totallykidssvsh.com
CMS,https://totalphysicaltherapy.com
CMS,https://totalphysicaltherapyandrehabilitation.com
CMS,https://totalrehabtx.com
CMS,https://totaltherapyfl.com
CMS,https://towerhillhealthcare.com
CMS,https://towerlodgecare.com
CMS,https://towernursing.com
CMS,https://townofislesboro.com
CMS,https://townview.net
CMS,https://towsonhc.com
CMS,https://tpcri.com
CMS,https://trabucohillspostacute.com
CMS,https://traillakenursing.com
CMS,https://trainingroompt.com
CMS,https://tranquilityhomesllc.com
CMS,https://tranquilitynursingrehab.com
CMS,https://transatlas.callen-lorde.org
CMS,https://transcendenthealthcare.com
CMS,https://transformingage.org
CMS,https://transitionssc.org
CMS,https://transmedultrasound.com
CMS,https://transpecosnursing.com
CMS,https://treasurehillshealthcare.com
CMS,https://treasureislecarecenter.com
CMS,https://treemonthc.com
CMS,https://treemonthealthcare.com
CMS,https://trelliscentennial.com
CMS,https://trellischino.com
CMS,https://trellisparadise.com
CMS,https://trendltc.com
CMS,https://treveccacenterrehab.com
CMS,https://trevisocare.com
CMS,https://treytonoaktowers.com
CMS,https://trezevantmanor.org
CMS,https://trhl.ernesthealth.com
CMS,https://triadhealthsystems.com
CMS,https://tribaldialysis.fortpecktribes.org
CMS,https://tribalhealth.fortpecktribes.org
CMS,https://tricitiesnursing.com
CMS,https://tricountymedicalclinic.com
CMS,https://tricountymobilexray.com
CMS,https://tridentcare.com
CMS,https://trilliumplacecare.org
CMS,https://trilogyhs.com
CMS,https://trilogytherapy.com
CMS,https://trinity-manor.com
CMS,https://trinitydialysisclinic.com
CMS,https://trinityelms.net
CMS,https://trinitygrove.net
CMS,https://trinityhealthrehab.com
CMS,https://trinityoaks.net
CMS,https://trinityplacealbemarle.net
CMS,https://trinityrehabms.com
CMS,https://trinityseniorservices.org
CMS,https://trinitywoodstulsa.com
CMS,https://trinitywv.com
CMS,https://trirehab.com
CMS,https://tristarcentennial.com
CMS,https://tristateclinics.org
CMS,https://tristatehealthandrehab.com
CMS,https://tristatevillage.com
CMS,https://tritonhealthcare.com
CMS,https://trmoorestown.com
CMS,https://trousdalelc.org
CMS,https://troycarecenter.com
CMS,https://troyhealthandrehab.com
CMS,https://truecare.org
CMS,https://truhealthky.com
CMS,https://trumbullregional.org
CMS,https://trussville.cavalierhealthcare.com
CMS,https://tschc.com
CMS,https://tsvh.org
CMS,https://tuckerhousehealth.com
CMS,https://tuckermanrehab.com
CMS,https://tudoroaks.net
CMS,https://tuffmemorialhome.com
CMS,https://tulanetotalhealth.com
CMS,https://tuliptreehealth.org
CMS,https://tulsanc.com
CMS,https://tupelorehabcenter.com
CMS,https://tupperlakehealth.com
CMS,https://turlocknursingcenter.com
CMS,https://tuscanyvillagenursing.com
CMS,https://tutera.com
CMS,https://tvhc.org
CMS,https://twc-ms.com
CMS,https://twelveclanshospital.com
CMS,https://twilightacres.net
CMS,https://twilighthc.com
CMS,https://twilighthomenr.com
CMS,https://twinbrookhcrc.com
CMS,https://twinfountainshome.org
CMS,https://twinlakescomm.org
CMS,https://twinoakscare.com
CMS,https://twinoaksnh.com
CMS,https://twinoaksrehab.com
CMS,https://twinpinesnorth.com
CMS,https://twinpinesnr.com
CMS,https://twopalms-carecenter.com
CMS,https://tx02201707.schoolwires.net
CMS,https://txrehabspecialists.com
CMS,https://tybeeislandnh.com
CMS,https://tygartvalleyhr.com
CMS,https://tyler.continuecare.org
CMS,https://tyndall.tricare.mil
CMS,https://tzuchimedical.us
CMS,https://uabcallahaneye.org
CMS,https://uahs-services.com
CMS,https://uaii.org
CMS,https://ubh.org
CMS,https://ubhc.rutgers.edu
CMS,https://ubhhospital.com
CMS,https://uchcaz.org
CMS,https://uchcbronx.org
CMS,https://uchcla.org
CMS,https://ucp-li.org
CMS,https://ucp.org
CMS,https://ucpark.org
CMS,https://ucpofmaine.org
CMS,https://udialysis.com
CMS,https://udlab.siteassembly.com
CMS,https://ues.upshurschools.com
CMS,https://uesrnc.com
CMS,https://uglhealth.org
CMS,https://uhcenters.org
CMS,https://uhgc.org
CMS,https://uicsl.org
CMS,https://uirehabnj.com
CMS,https://ukiahpostacute.com
CMS,https://ulcbrookings.com
CMS,https://ultracare-dialysis.com
CMS,https://ultramx.com
CMS,https://ultraximaging.com
CMS,https://umc.edu
CMS,https://umc.ua.edu
CMS,https://umchealth.com
CMS,https://umclinic.org
CMS,https://umcommunities.org
CMS,https://ummahealthca.org
CMS,https://unexpectedmodernism.com
CMS,https://unhsinc.org
CMS,https://unicarechc.org
CMS,https://unifiedtherapy.com
CMS,https://union.floridahealth.gov
CMS,https://unioncommunitycare.org
CMS,https://unionhealthcenter.org
CMS,https://uniquerhc.com
CMS,https://unitedclinicsofky.com
CMS,https://unitedcommunityhealth.com
CMS,https://unitedfamilymedicine.org
CMS,https://unitedhealthcenters.org
CMS,https://unitedindianhealthservices.org
CMS,https://unitycarenw.org
CMS,https://unityhealthonmain.org
CMS,https://unityhealthservicesga.com
CMS,https://universalkidneycenters.com
CMS,https://universalxrays.com
CMS,https://universitybehavioral.com
CMS,https://universitycarecenter.com
CMS,https://universitycityrehabhc.com
CMS,https://universityparkhcc.com
CMS,https://universityparknr.com
CMS,https://universityplacenursing.com
CMS,https://universitypostacute.com
CMS,https://universitypostacute.net
CMS,https://universityptonline.com
CMS,https://universityrehabilitation.com
CMS,https://unmhealth.org
CMS,https://upchealth.net
CMS,https://uphamscornerhealthcenter.org
CMS,https://uphome.org
CMS,https://uplandcare.com
CMS,https://uppalmedicalcenter.com
CMS,https://uptowncrc.com
CMS,https://urbandalehealthcare.com
CMS,https://urbanhealthplan.org
CMS,https://urbanrehab.org
CMS,https://urgentcarenwastoria.com
CMS,https://urinyc.org
CMS,https://ursdayton.org
CMS,https://uscga.edu
CMS,https://uscnorriscancer.usc.edu
CMS,https://usd116.org
CMS,https://usdc.utah.gov
CMS,https://usptrehab.com
CMS,https://uthealtheasttexas.com
CMS,https://uthsc.edu
CMS,https://uticaparkclinic.com
CMS,https://uticarehab.com
CMS,https://uvrc.com
CMS,https://uvsh.ernesthealth.com
CMS,https://uwlowcountry.org
CMS,https://va.alabama.gov
CMS,https://vabeachhealthrehab.com
CMS,https://vadoh.myresourcedirectory.com
CMS,https://vahs.com
CMS,https://vaidenclc.cesltc.com
CMS,https://valehealthcarecenter.com
CMS,https://valenciahillshr.com
CMS,https://valeriemanorhcc.com
CMS,https://valhallapa.com
CMS,https://vallevistapostacute.com
CMS,https://vallevistarehab.com
CMS,https://valley-widehealth.org
CMS,https://valleycareandrehab.com
CMS,https://valleycommunityhealthcare.org
CMS,https://valleycommunityhospital.com
CMS,https://valleycommunityservices.org
CMS,https://valleyconvalescent.com
CMS,https://valleycorf.com
CMS,https://valleyfallsterrace.com
CMS,https://valleyhealth.org
CMS,https://valleyimaging.wixsite.com
CMS,https://valleymanor-health.com
CMS,https://valleynursingcenter.com
CMS,https://valleyoakscare.com
CMS,https://valleyofthemoonpa.com
CMS,https://valleypalms.com
CMS,https://valleypediatricandhealthclinic.com
CMS,https://valleypointehc.yolocare2.com
CMS,https://valleyprohealth.org
CMS,https://valleyrehabhc.com
CMS,https://valleyseniorliving.org
CMS,https://valleyskillednursingcenter.com
CMS,https://valleyvcc.com
CMS,https://valleyviewcare.com
CMS,https://valleyviewcarecenter.yolopebble.com
CMS,https://valleyviewhealthandrehab.com
CMS,https://valleyviewhoustonmn.com
CMS,https://valleyviewpostacute.com
CMS,https://valleyviewrhc.com
CMS,https://vanayerliving.com
CMS,https://vanburen.aps.edu
CMS,https://vanburencountytn.com
CMS,https://vancouverspecialty.com
CMS,https://vandenberg.tricare.mil
CMS,https://vanderbiltpediatricassociates.com
CMS,https://vandermanplacehcc.com
CMS,https://vanduyncenter.com
CMS,https://vanhealthmed.com
CMS,https://vantageptonline.com
CMS,https://vanwertmanor.com
CMS,https://varietycare.org
CMS,https://vasonacreek.com
CMS,https://venicefamilyclinic.org
CMS,https://venicehrc.com
CMS,https://venturahrc.com
CMS,https://venturapa.com
CMS,https://verandarehab.com
CMS,https://verdecommunityhealthcare.com
CMS,https://verland.org
CMS,https://vernonhealthandrehab.org
CMS,https://verobeachcenter.com
CMS,https://versability.org
CMS,https://versaillesrehab.com
CMS,https://versiti.org
CMS,https://vestalparkrehab.com
CMS,https://vetaffairs.la.gov
CMS,https://vetaffairs.sd.gov
CMS,https://veterans.idaho.gov
CMS,https://veterans.ky.gov
CMS,https://veterans.networkofcare.org
CMS,https://veterans.nv.gov
CMS,https://veteranshome.stonybrookmedicine.edu
CMS,https://veteransvictoryhouse.com
CMS,https://veteranvillagesc.com
CMS,https://vethome.delaware.gov
CMS,https://vetras.com
CMS,https://vgallenrehab.com
CMS,https://vgfriscorehab.com
CMS,https://vhclearlake.com
CMS,https://vhhouston.com
CMS,https://vhmass.com
CMS,https://vht.org
CMS,https://vhwmasscentral.com
CMS,https://vialindabehavioral.com
CMS,https://viaquestinc.com
CMS,https://vibralifeelpaso.com
CMS,https://vibrancetx.org
CMS,https://vibrantcare.com
CMS,https://vibranthealthkc.org
CMS,https://vicarslanding.com
CMS,https://vicksburgch.com
CMS,https://victoriacarecenter.com
CMS,https://victoriacares.com
CMS,https://victoriacrossingrehab.com
CMS,https://victorian-manor.com
CMS,https://victorianpa.com
CMS,https://victorianursing.net
CMS,https://victoriapostacute.com
CMS,https://victorvalleyglobalmedicalcenter.com
CMS,https://victoryhealthrehab.com
CMS,https://vidorhealth.com
CMS,https://vieradelmarrehab.com
CMS,https://vierahrc.com
CMS,https://vierrafallschurch.com
CMS,https://viewheights.com
CMS,https://viewparkhealthcare.com
CMS,https://vikidneycenter.com
CMS,https://villa-marin.com
CMS,https://villaatborgessplace.com
CMS,https://villaatcitycenter.com
CMS,https://villaatgreatlakescrossing.com
CMS,https://villaatgreenlakeestates.com
CMS,https://villaatparkridge.com
CMS,https://villaatrosecity.com
CMS,https://villaatsilverbellestates.com
CMS,https://villaatthebayhc.com
CMS,https://villaatthepark.com
CMS,https://villaattraversepoint.com
CMS,https://villaatwestbranch.com
CMS,https://villacresthcc.com
CMS,https://villadelsolpostacute.com
CMS,https://villagardenshealthcenter.org
CMS,https://villageatbrookwood.org
CMS,https://villageatgleannloch.com
CMS,https://villageatgreene.com
CMS,https://villageatmorrisonscove.org
CMS,https://villageatpennstate.org
CMS,https://villagecreekwellnessandrehab.com
CMS,https://villagecrestrehab.com
CMS,https://villagehc.com
CMS,https://villagehealthandrehab.com
CMS,https://villageliving.org
CMS,https://villageltc.com
CMS,https://villagenorthwest.org
CMS,https://villageofcridersville.com
CMS,https://villageontheisle.com
CMS,https://villageorgetownhc.com
CMS,https://villagepeds.org
CMS,https://villagepointhealthcare.com
CMS,https://villagerehabcenter.com
CMS,https://villagesatsouthernhills.com
CMS,https://villagesoflakehighlands.com
CMS,https://villagesonmacarthur.com
CMS,https://villagesquarehealthcarecenter.com
CMS,https://villahavenhealth.com
CMS,https://villahc.com
CMS,https://villahrc.com
CMS,https://villalaspalmascares.com
CMS,https://villamariapostacute.com
CMS,https://villamesacc.com
CMS,https://villapines.com
CMS,https://villapueblo.com
CMS,https://villaranchobernardo.com
CMS,https://villascalabrini.com
CMS,https://villasf.org
CMS,https://villaspringfield.com
CMS,https://villassaratoga.com
CMS,https://villatoscanarehab.com
CMS,https://vincentian.us
CMS,https://vinelandpostacute.com
CMS,https://vineyardcarecenter.com
CMS,https://vineyardpostacute.com
CMS,https://vineyardsatfowler.org
CMS,https://vineyardshealth.com
CMS,https://vintagefairenursing.com
CMS,https://vintagehealthcarecenter.com
CMS,https://viradiology.com
CMS,https://virgilrehab.com
CMS,https://virginiagarcia.org
CMS,https://virginiahighlandscrc.com
CMS,https://virginianavigator.org
CMS,https://visitcreekview.com
CMS,https://visitglenbrook.com
CMS,https://visitingcsnursingchicago.org
CMS,https://visitmaplewood.com
CMS,https://visitoakview.com
CMS,https://visitorchards.com
CMS,https://vissersphysicaltherapy.com
CMS,https://vistacaredialysis.com
CMS,https://vistagrandevilla.com
CMS,https://vistahayward.com
CMS,https://vistahillshealth.com
CMS,https://vistaknoll.com
CMS,https://vistapacificaent.com
CMS,https://vistarealpa.com
CMS,https://vistaridgenursing.com
CMS,https://vistasatbettendorf.com
CMS,https://vistaviewpostacute.com
CMS,https://vitalityhomedialysis.com
CMS,https://vivage.com
CMS,https://vivaxray.com
CMS,https://vivohc.com
CMS,https://vivohcuniversity.com
CMS,https://vnachc.org
CMS,https://vnahealth.com
CMS,https://voorheespediatricfacility.com
CMS,https://vopdocs.com
CMS,https://voyageshealth.com
CMS,https://vpacare.com
CMS,https://vrhgateway.com
CMS,https://vsecommunities.org
CMS,https://vsms.buncombeschools.org
CMS,https://vvh.vermont.gov
CMS,https://vvhc.org
CMS,https://vvrconline.org
CMS,https://vvseniorlife.com
CMS,https://wacenter.org
CMS,https://wacofamilymedicine.org
CMS,https://wadsworthglen.com
CMS,https://wagnerheights.com
CMS,https://wagnermedicalclinic.com
CMS,https://wahiawahealth.org
CMS,https://wahidmedical.com
CMS,https://waikikihc.org
CMS,https://waimanalohealth.org
CMS,https://wakefieldcarecenter.com
CMS,https://waldonhc.com
CMS,https://wallacerehab.com
CMS,https://wallowamemorialmedicalclinics.org
CMS,https://walnut-ridge.seniorliving-phs.com
CMS,https://walnutplacelcs.com
CMS,https://walton.floridahealth.gov
CMS,https://walzemclinic.com
CMS,https://wapakonetamanor.com
CMS,https://wardeseniorliving.org
CMS,https://warmspringsfoundation.org
CMS,https://warnerhospital.org
CMS,https://warnerrobinsrehabilitation.com
CMS,https://warren.yolopebble.com
CMS,https://warrenmanor.com
CMS,https://warrensburgmanor.com
CMS,https://warroadseniorlivingcenter.com
CMS,https://warsawhealthandrehab.com
CMS,https://warsawmeadows.com
CMS,https://wartburg.org
CMS,https://washington.srcare.org
CMS,https://washingtoncenter.com
CMS,https://washingtoncounty.colorado.gov
CMS,https://washingtonseniorlivingllc.com
CMS,https://waterburynh.com
CMS,https://waterfallhealth.com
CMS,https://waterford.care
CMS,https://waterfordnursing.com
CMS,https://waterfrontrhc.com
CMS,https://watermancanyonpa.com
CMS,https://watersedgerehab.com
CMS,https://watersedgernc.com
CMS,https://watersofcastleton.com
CMS,https://watersofclinton.com
CMS,https://watersofhobart.com
CMS,https://watersofhuntingburg.com
CMS,https://watersofhuntington.com
CMS,https://watersofmemphis.com
CMS,https://watersofroanhighlands.com
CMS,https://watersofrockport.com
CMS,https://watersofrushville.com
CMS,https://watersofshelbyville.com
CMS,https://watersofsyracuse.com
CMS,https://watersofwabasheast.com
CMS,https://watersofwakarusa.com
CMS,https://watertonhealthcare.com
CMS,https://watertownhcc.com
CMS,https://waterviewhills.com
CMS,https://waterviewrehab.com
CMS,https://waterviewvillarehab.com
CMS,https://watervillecares.com
CMS,https://wathenahrc.com
CMS,https://watrehab.com
CMS,https://watsontownhealth.com
CMS,https://watsonvillepostacute.com
CMS,https://waverlyrehab.com
CMS,https://wayland.royalhealthgroup.com
CMS,https://waylandrehab.com
CMS,https://waynecountryview.com
CMS,https://waynecountynursinghome.org
CMS,https://waynesboropar.com
CMS,https://waysidefarmnh.com
CMS,https://wbechs.beaufortschools.net
CMS,https://wbes.beaufortschools.net
CMS,https://wbms.beaufortschools.net
CMS,https://wchnursing.com
CMS,https://wchsbodyshop.weebly.com
CMS,https://wchsystems.com
CMS,https://wcmcc.org
CMS,https://wcrichmond.org
CMS,https://wcrmc.com
CMS,https://wctsolutions.com
CMS,https://wcv.org
CMS,https://wdes.upshurschools.com
CMS,https://wdialysis.com
CMS,https://wdnrc.org
CMS,https://wdrecoverycenters.com
CMS,https://we-care.org
CMS,https://weareinfinityhealth.org
CMS,https://web.alohanursing.com
CMS,https://web.aspirejohnsoncounty.com
CMS,https://web.bocaratonchamber.com
CMS,https://web.brrh.com
CMS,https://web.cakidneycare.org
CMS,https://web.cambridgeohiochamber.com
CMS,https://web.carhc.org
CMS,https://web.columbus.org
CMS,https://web.fayettevillear.com
CMS,https://web.iarf.org
CMS,https://web.pahsa.org
CMS,https://web.prescott.org
CMS,https://web.toledochamber.com
CMS,https://web.waterburychamber.com
CMS,https://webbcityhealthandrehab.com
CMS,https://websteratrye.com
CMS,https://websterelementary.masd.k12.ms.us
CMS,https://webstermanorrehab.com
CMS,https://websterparkhealthcare.com
CMS,https://wecare.essexcountynj.org
CMS,https://wecarehcc.com
CMS,https://wedgwoodgardens.com
CMS,https://weissfamilycare.com
CMS,https://welbrook.com
CMS,https://welbrookfarmington.com
CMS,https://welc.wayne.kyschools.us
CMS,https://welcomefamiliesnh.com
CMS,https://welcomenursinghome.com
CMS,https://well-more.com
CMS,https://wellaheadla.com
CMS,https://wellingtoncarecenter.com
CMS,https://wellingtonplaceliving.com
CMS,https://wellnessphysicalmedicine.com
CMS,https://wellnesspointe.org
CMS,https://welloneri.org
CMS,https://wellplan.com
CMS,https://wellsltc.com
CMS,https://wellsnursinghome.org
CMS,https://wellspringhealthcare.org
CMS,https://wellspringlutheran.com
CMS,https://wellspringsgilbert.com
CMS,https://wellspringshealthcenter.com
CMS,https://welshhome.com
CMS,https://weltyhome.org
CMS,https://wendellfoster.org
CMS,https://wentzlivingcenter.com
CMS,https://wesbury.com
CMS,https://wesleychc.org
CMS,https://wesleychoice.org
CMS,https://wesleycommons.org
CMS,https://wesleycourt.com
CMS,https://wesleymanor.org
CMS,https://wesleytowers.com
CMS,https://wesman.org
CMS,https://west.imsaindy.org
CMS,https://westarmtherapy.com
CMS,https://westbendrehab.com
CMS,https://westbrookdialysiscenter.com
CMS,https://westbrowardcare.com
CMS,https://westchestercenter.com
CMS,https://westchestercommunityhealthcenter.org
CMS,https://westchestergardens.com
CMS,https://westchesterhc.com
CMS,https://westchestervillagelenexa.com
CMS,https://westchicagocare.com
CMS,https://westcovinahcc.com
CMS,https://westcovinamc.com
CMS,https://westerly.royalhealthgroup.com
CMS,https://westerncarolinarescue.org
CMS,https://westernconvalescent.com
CMS,https://westernhillshc.com
CMS,https://westernhome.org
CMS,https://westernslopehealthcenter.com
CMS,https://westfieldny.com
CMS,https://westfieldqc.com
CMS,https://westgableshealthcare.com
CMS,https://westgardenapostacute.com
CMS,https://westgatecenterrehabalz.com
CMS,https://westgategardenscarecenter.com
CMS,https://westgatehillshc.com
CMS,https://westgatehillsrehab.com
CMS,https://westgaterehabilitation.com
CMS,https://westhamptonrehab.com
CMS,https://westhartfordhealth.com
CMS,https://westhavencommunity.org
CMS,https://westhavenhc.com
CMS,https://westhavennh.com
CMS,https://westhillshealthandrehab.com
CMS,https://westhillsrehab.com
CMS,https://westhillsvillage.com
CMS,https://westhomesteadk8center.net
CMS,https://westhoustonrehab.com
CMS,https://westlake-center.com
CMS,https://westlakecare.com
CMS,https://westlandvhc.com
CMS,https://westlifewellness.com
CMS,https://westmelbournehealthandrehab.com
CMS,https://westminsteraustintx.org
CMS,https://westminstercanterbury.org
CMS,https://westminstercommons.com
CMS,https://westminstercommunitiesfl.org
CMS,https://westminsterec.com
CMS,https://westminsterhealth.org
CMS,https://westminstervillagein.com
CMS,https://westmontmanorhrc.com
CMS,https://westmorelandrehab.com
CMS,https://westoak.clinic
CMS,https://westoaklandhealth.org
CMS,https://westoaksrehab.com
CMS,https://westoverhillshealth.com
CMS,https://westparkrehabandliving.com
CMS,https://westparkrn.com
CMS,https://westpointcarecenter.com
CMS,https://westpointclc.cesltc.com
CMS,https://westporthc.com
CMS,https://westridgecarecenter.com
CMS,https://westseattlees.seattleschools.org
CMS,https://westsidehouseofworcester.com
CMS,https://westsideoaksrehab.com
CMS,https://westtexasrehab.org
CMS,https://westview.leoncarecenters.com
CMS,https://westviewhcc.com
CMS,https://westviewhealth.com
CMS,https://westviewnursing.com
CMS,https://westvillagepa.com
CMS,https://westwardtrailsnursing.com
CMS,https://westwoodhealthandrehab.com
CMS,https://westwoodhealthcare.com
CMS,https://westwoodhillscare.com
CMS,https://westwoodnc.com
CMS,https://westwoodpac.com
CMS,https://westwoodpost.com
CMS,https://westwoodpostacute.com
CMS,https://westwoodvillagecare.com
CMS,https://wetumpkahealthandrehab.com
CMS,https://wfallscare.com
CMS,https://wfhcfl.org
CMS,https://wfmamedicalclinic.com
CMS,https://wfspa.org
CMS,https://whatleyhealth.org
CMS,https://wheatlandshealthcarecenter.com
CMS,https://wheatonvillagecare.com
CMS,https://wheatridgepark.com
CMS,https://wheelermission.org
CMS,https://whisperingcreek.org
CMS,https://whisperinghillsnwh.com
CMS,https://whisperingoakshealthandrehab.com
CMS,https://whisperingpinescare.com
CMS,https://whisperwoodnursing.com
CMS,https://whitebirdclinic.org
CMS,https://whiteblossomcarecenter.com
CMS,https://whitecountytn.gov
CMS,https://whitehallboroughpa.com
CMS,https://whitehallrehabcenter.com
CMS,https://whitehouse-healthcare.com
CMS,https://whitehouseclinics.com
CMS,https://whitehousehealthcare.com
CMS,https://whiteoakmanor.com
CMS,https://whiteoaksrehab.com
CMS,https://whitepinefamilymedicine.org
CMS,https://whitesborohealth.com
CMS,https://whitestown.therestoracy.com
CMS,https://whitneyoakscarecenter.com
CMS,https://whitneyrehab.com
CMS,https://whittierhc.com
CMS,https://whittierhillshealthcare.com
CMS,https://wibauxcountynursinghome.com
CMS,https://wicomiconursinghome.org
CMS,https://widehorizonscare.com
CMS,https://widowsnursing.com
CMS,https://wildewood-downs.com
CMS,https://wildewoodokc.com
CMS,https://wildwoodhealth.com
CMS,https://wileymission.org
CMS,https://wilfordhall.tricare.mil
CMS,https://wilkinshealthandrehabcommunity.com
CMS,https://willapaharborcare.com
CMS,https://willcountyhealth.org
CMS,https://william-beaumont.tricare.mil
CMS,https://williampenncc.com
CMS,https://williamsburgrehab.com
CMS,https://williamsonhealthwellness.com
CMS,https://williamsonmemorial.net
CMS,https://williamsporthrc.com
CMS,https://williamstowncommons.org
CMS,https://williamsvillesuburbancare.com
CMS,https://willistoncc.com
CMS,https://willobell.com
CMS,https://willow-brook.org
CMS,https://willow-crossing.com
CMS,https://willow-terrace.com
CMS,https://willowbendcare.com
CMS,https://willowbranchhealth.com
CMS,https://willowbrookpa.com
CMS,https://willowbrookrhc.com
CMS,https://willowcreekhcc.com
CMS,https://willowcreekhealthcare.net
CMS,https://willowcreekrehab.com
CMS,https://willowcreekwr.com
CMS,https://willowknoll-pa.com
CMS,https://willowpasshc.net
CMS,https://willowpointrehab.com
CMS,https://willowridgerehab.com
CMS,https://willowridgerehabcenter.com
CMS,https://willowspeds.ca
CMS,https://willowspostacute.com
CMS,https://willowspringsrehab.com
CMS,https://willowvalleycnr.com
CMS,https://willowwoodpac.com
CMS,https://willowwoodshcc.com
CMS,https://wilmington.cadiahealthcare.com
CMS,https://wilshirerehab.com
CMS,https://wilsonpinescare.com
CMS,https://wilsonrehab.com
CMS,https://wiltonmeadows.com
CMS,https://wiltonretirementcommunity.org
CMS,https://winchestercmhc.com
CMS,https://winchesterfamilypracticeky.com
CMS,https://winchestergardens.com
CMS,https://winchesterhc.com
CMS,https://winchesterterrace.com
CMS,https://windcresthealthandrehab.com
CMS,https://windermerecommunity.net
CMS,https://windernursing.com
CMS,https://windingtrailspa.com
CMS,https://windingwaters.org
CMS,https://windmillmanor.com
CMS,https://windmillvillagerehab.com
CMS,https://windomareahealth.org
CMS,https://windrivercares.com
CMS,https://windsorcare.com
CMS,https://windsorcheviothills.com
CMS,https://windsorcountrydrive.com
CMS,https://windsorcypressgardens.com
CMS,https://windsorelcamino.com
CMS,https://windsorelkgrove.com
CMS,https://windsorelmhaven.com
CMS,https://windsorems.com
CMS,https://windsorgardenslosangeles.com
CMS,https://windsorgardenssandiego.com
CMS,https://windsorhampton.com
CMS,https://windsorhealthrehab.com
CMS,https://windsorhrc.com
CMS,https://windsorlanehome.com
CMS,https://windsormedicalcenter.com
CMS,https://windsormonterey.com
CMS,https://windsornorthlongbeach.com
CMS,https://windsorplaceslc.com
CMS,https://windsorpoint.com
CMS,https://windsorpostacutehayward.com
CMS,https://windsorrehabcenter.com
CMS,https://windsorrehabilitation.com
CMS,https://windsorrosewood.com
CMS,https://windsorsacramento.com
CMS,https://windsorskilledcare.com
CMS,https://windsorskillednursing.org
CMS,https://windsorskyline.com
CMS,https://windsorterracecare.com
CMS,https://windsortheridge.com
CMS,https://windsorvallejo.com
CMS,https://windsorwoodshealthandrehab.com
CMS,https://windwoodfarm.org
CMS,https://windyhillsl.com
CMS,https://winfieldseniorliving.com
CMS,https://wingateliving.com
CMS,https://winklercourt.com
CMS,https://winmedinc.org
CMS,https://winnfieldrehabcenter.com
CMS,https://winnielnursing.com
CMS,https://winnienr.com
CMS,https://winnparishmedical.ahmgt.com
CMS,https://winshipgreencenterrehab.com
CMS,https://winstonmanornursing.com
CMS,https://wintergardenrehabilitation.com
CMS,https://winterhavenhealthandrehab.com
CMS,https://winterparkcrc.com
CMS,https://winterparkhouse.com
CMS,https://wintonhills.cps-k12.org
CMS,https://wisteriagardensnursinghome.com
CMS,https://wisteriaplaceliving.com
CMS,https://withrow.cps-k12.org
CMS,https://wkmgprimarycare.com
CMS,https://wlcfirm.com
CMS,https://wlrs.org
CMS,https://wmchealthcenter.org
CMS,https://wmchealthjobs.org
CMS,https://wolfcreekcarecenter.com
CMS,https://womenshealthdanville.com
CMS,https://womenspavilionms.com
CMS,https://wondercityhc.com
CMS,https://wood-lawn.org
CMS,https://woodbinerehab.com
CMS,https://woodburypac.com
CMS,https://woodburywellness.com
CMS,https://woodcrestrehab.com
CMS,https://woodhouseinc.org
CMS,https://woodlakehc.com
CMS,https://woodlakenursingcare.com
CMS,https://woodlandcarecenter.com
CMS,https://woodlandcenter.com
CMS,https://woodlandgrovehrc.com
CMS,https://woodlandky.com
CMS,https://woodlandmanornursingandrehab.com
CMS,https://woodlandparkcare.com
CMS,https://woodlandpondnp.org
CMS,https://woodlandskillednursing.com
CMS,https://woodlandsplace.com
CMS,https://woodlandsspecialtyhospital.com
CMS,https://woodlandvillagerehab.com
CMS,https://woodlandwellness931.com
CMS,https://woodlawn-rehab.com
CMS,https://woodley.hattiesburgpsd.com
CMS,https://woodridge.care
CMS,https://woodridgeinterventions.org
CMS,https://woodriverhealth.org
CMS,https://woods-edge.net
CMS,https://woodsidehealthcarecenter.com
CMS,https://woodsidepa.com
CMS,https://woodsiderehabilitation.com
CMS,https://woodsideseniorcommunities.org
CMS,https://woodviewhome.com
CMS,https://woodwardcareertech.cps-k12.org
CMS,https://worcesterrehabcare.com
CMS,https://wp.sbcounty.gov
CMS,https://wprnc.com
CMS,https://wrayhospital.org
CMS,https://wresidential.com
CMS,https://wrightrehabcenter.com
CMS,https://wrightshealthcare.com
CMS,https://wrrh.ernesthealth.com
CMS,https://wsdes.warrensd.org
CMS,https://wsdms.warrensd.org
CMS,https://wsdsb.warrensd.org
CMS,https://wshv.org
CMS,https://wsmcmed.org
CMS,https://wsnrc.com
CMS,https://wtlrecovery.com
CMS,https://wves.buncombeschools.org
CMS,https://wvhl.org
CMS,https://wvnavigate.myresourcedirectory.com
CMS,https://wvps.buncombeschools.org
CMS,https://wvrnc.com
CMS,https://wvsnf.com
CMS,https://wvsubacute.com
CMS,https://wvwl.org
CMS,https://wwees.buncombeschools.org
CMS,https://wwfhc.org
CMS,https://www.1stchoicetherapylaredo.com
CMS,https://www.360totalrehab.com
CMS,https://www.3cclinic.org
CMS,https://www.3h-la.com
CMS,https://www.3riverscommunityhealth.com
CMS,https://www.4thcorporation.com
CMS,https://www.5-startherapy.com
CMS,https://www.60-west.com
CMS,https://www.800xrayexam.com
CMS,https://www.aabilities.net
CMS,https://www.aaphc.org
CMS,https://www.aaron-manor.net
CMS,https://www.aasehaugen.com
CMS,https://www.abbeydelray.com
CMS,https://www.abbeydelraysouth.com
CMS,https://www.abbeyseniorhealth.com
CMS,https://www.abbeyvillenursingandrehab.com
CMS,https://www.abbotthouse.org
CMS,https://www.abbottnh.com
CMS,https://www.abcmcorp.com
CMS,https://www.abercornrehab.com
CMS,https://www.aberdeenseniorliving.com
CMS,https://www.abh.org
CMS,https://www.abilis.us
CMS,https://www.abilitiesservices.org
CMS,https://www.abingdoncare.com
CMS,https://www.ableinc.net
CMS,https://www.abqhch.org
CMS,https://www.abshealth.com
CMS,https://www.abundantacrescr.com
CMS,https://www.acadiacenter.com
CMS,https://www.acadianacares.org
CMS,https://www.acadianatreatmentcenter.com
CMS,https://www.acadiancare.com
CMS,https://www.acatcherryhill.com
CMS,https://www.acateastfalls.com
CMS,https://www.acatmanchester.com
CMS,https://www.acatmeadowsprings.com
CMS,https://www.acatnorwood.com
CMS,https://www.acatparkside.com
CMS,https://www.acatwhiting.com
CMS,https://www.accelahc.com
CMS,https://www.acceleratepiscataway.com
CMS,https://www.accessfamilycare.org
CMS,https://www.accessfhs.com
CMS,https://www.accesshealth.net
CMS,https://www.accesshealthwv.com
CMS,https://www.accessrehabcenters.com
CMS,https://www.acchealthcenters.org
CMS,https://www.accsv.org
CMS,https://www.accura.healthcare
CMS,https://www.accureadxrays.com
CMS,https://www.acfcaya.com
CMS,https://www.acgh.org
CMS,https://www.achn.net
CMS,https://www.achome.org
CMS,https://www.achroanoke.org
CMS,https://www.aclifepoints.org
CMS,https://www.acmsinc.org
CMS,https://www.acrestmor.org
CMS,https://www.acrmcoh.com
CMS,https://www.acskylines.org
CMS,https://www.acswnc.com
CMS,https://www.actg.org
CMS,https://www.actioncarerehab.com
CMS,https://www.actionphysical.com
CMS,https://www.active-physicaltherapy.com
CMS,https://www.activephysicaltherapyandrehabservicesinc.com
CMS,https://www.activephysicaltherapymi.com
CMS,https://www.actshealthservices.org
CMS,https://www.actsretirement.org
CMS,https://www.acutemedicalcarepc.com
CMS,https://www.acvillage.net
CMS,https://www.adairvillage.net
CMS,https://www.adamscountynursing.com
CMS,https://www.adamsfarmliving.com
CMS,https://www.adamsvillectr.com
CMS,https://www.addabbo.org
CMS,https://www.addiagnostics.com
CMS,https://www.addisonheights.com
CMS,https://www.addisonpointe.com
CMS,https://www.admirals-pointe.net
CMS,https://www.adrcnj.org
CMS,https://www.adrianbay.com
CMS,https://www.advanced-cc.com
CMS,https://www.advancedcareofstjoseph.com
CMS,https://www.advanceddallas.com
CMS,https://www.advanceddialysiscenter.com
CMS,https://www.advancedhomedialysis.com
CMS,https://www.advancedmotiontherapeutic.com
CMS,https://www.advancedsurgicaltechnology.com
CMS,https://www.advancedtherapygroup.org
CMS,https://www.advancerehabks.com
CMS,https://www.advantiahealth.com
CMS,https://www.advenabonnersprings.com
CMS,https://www.advenacherryvale.com
CMS,https://www.advenaclaycenter.com
CMS,https://www.advenafountainview.com
CMS,https://www.adviniacare.com
CMS,https://www.advrehab.com
CMS,https://www.aegisoutpatient.com
CMS,https://www.aehchc.org
CMS,https://www.af.mil
CMS,https://www.afev.us
CMS,https://www.afkpeds.org
CMS,https://www.afp-idaho.com
CMS,https://www.afterhoursimaging.com
CMS,https://www.agapeawc.com
CMS,https://www.agapechc.org
CMS,https://www.agaveridgebehavioral.com
CMS,https://www.ageility.com
CMS,https://www.agilityhealthandrehabilitation.com
CMS,https://www.agingchoices.com
CMS,https://www.agingcommunity.com
CMS,https://www.agracesubacute.com
CMS,https://www.agrhodes.org
CMS,https://www.agworker.org
CMS,https://www.ahcfacilities.com
CMS,https://www.ahd.com
CMS,https://www.ahearnandassociatesmedical.com
CMS,https://www.ahrcnyc.org
CMS,https://www.ahstexas.com
CMS,https://www.aichc.org
CMS,https://www.aidcares.org
CMS,https://www.aihscorp.org
CMS,https://www.aikenrehabilitation.com
CMS,https://www.aimdiagnostic.com
CMS,https://www.airforcemedicine.af.mil
CMS,https://www.airlinehealthcenter.org
CMS,https://www.aisxray.com
CMS,https://www.akdhc.com
CMS,https://www.akdialysis.com
CMS,https://www.akesohealthcare.com
CMS,https://www.alabamakidney.com
CMS,https://www.alabamapublichealth.gov
CMS,https://www.alaha.org
CMS,https://www.alamoxray.com
CMS,https://www.alaskaaquatictherapy.com
CMS,https://www.albanyhealthandrehab.com
CMS,https://www.albanymed.org
CMS,https://www.albertahealthservices.ca
CMS,https://www.albertinakerr.org
CMS,https://www.alcoapineshealthandrehab.com
CMS,https://www.alcoholabuse.com
CMS,https://www.alconahealthcenters.org
CMS,https://www.aldencourtnursing.com
CMS,https://www.aldencourtsofshorewood.com
CMS,https://www.aldencourtsofwaterford.com
CMS,https://www.aldendebes.com
CMS,https://www.aldendesplaines.com
CMS,https://www.aldenestatesofbarrington.com
CMS,https://www.aldenestatesofevanston.com
CMS,https://www.aldenestatesofhuntley.com
CMS,https://www.aldenestatesofjefferson.com
CMS,https://www.aldenestatesofnaperville.com
CMS,https://www.aldenestatesofnorthmoor.com
CMS,https://www.aldenestatesoforlandpark.com
CMS,https://www.aldenestatesofshorewood.com
CMS,https://www.aldenestatesskokie.com
CMS,https://www.aldenlakeland.com
CMS,https://www.aldenlincolnpark.com
CMS,https://www.aldenlonggrove.com
CMS,https://www.aldenmeadowpark.com
CMS,https://www.aldennorthshore.com
CMS,https://www.aldenoldtowneast.com
CMS,https://www.aldenoldtownwest.com
CMS,https://www.aldenparkstrathmoor.com
CMS,https://www.aldenpoplarcreek.com
CMS,https://www.aldensprings.com
CMS,https://www.aldenterraceofmchenry.com
CMS,https://www.aldentownmanor.com
CMS,https://www.aldentrails.com
CMS,https://www.aldenvalleyridge.com
CMS,https://www.aldenvillage.com
CMS,https://www.aldenvillagenorth.com
CMS,https://www.aldenwaterford.com
CMS,https://www.aleracare.com
CMS,https://www.alexanderyouthnetwork.org
CMS,https://www.alexandriaer.com
CMS,https://www.alexandriava.gov
CMS,https://www.algarthealthcare.com
CMS,https://www.alhambrahc.com
CMS,https://www.alicepediatric.com
CMS,https://www.aliforneycenter.org
CMS,https://www.alignable.com
CMS,https://www.aliyahc.com
CMS,https://www.allaboutkidspeds.com
CMS,https://www.allaboutseniors.org
CMS,https://www.allcarehealthcenter.org
CMS,https://www.allcarerehabpt.com
CMS,https://www.allcaretn.com
CMS,https://www.allcoastfl.com
CMS,https://www.allegancountymcc.org
CMS,https://www.alleghenycounty.us
CMS,https://www.allegiantwellness.com
CMS,https://www.allegranursingandrehab.com
CMS,https://www.allhealthnetwork.org
CMS,https://www.alliancech.org
CMS,https://www.alliancefamilyhealth.org
CMS,https://www.alliancehcs.org
CMS,https://www.alliancehealthmedicalgroup.com
CMS,https://www.alliancehealthplan.org
CMS,https://www.allianceptp.com
CMS,https://www.allnations.health
CMS,https://www.allstatportable.com
CMS,https://www.alluvionhealth.org
CMS,https://www.alois.com
CMS,https://www.alpenaschools.com
CMS,https://www.alphacare.us
CMS,https://www.alphahomeawc.com
CMS,https://www.alphaoneimaging.com
CMS,https://www.alpinebreezehealthandwellness.com
CMS,https://www.alpinehcr.com
CMS,https://www.alpinenursingandrehab.com
CMS,https://www.alsm.org
CMS,https://www.altagardenscc.com
CMS,https://www.altamahanh.com
CMS,https://www.altamed.org
CMS,https://www.altanursingandrehab.com
CMS,https://www.altavistarehab.com
CMS,https://www.alterwoodadvantage.com
CMS,https://www.altheawoodland.net
CMS,https://www.altoonanursingandrehab.com
CMS,https://www.amandasfamilymedicine.com
CMS,https://www.amayaspringshc.com
CMS,https://www.ambassador-nursing.com
CMS,https://www.ambassadorhealth.com
CMS,https://www.amberwoodsof.com
CMS,https://www.ameliamanor.com
CMS,https://www.americanhcs.org
CMS,https://www.americanlutheranhomes.com
CMS,https://www.americanmobilemedical.com
CMS,https://www.americanx-rayservices.com
CMS,https://www.americareusa.net
CMS,https://www.amherstmeadowshc.com
CMS,https://www.amidiagnostic.com
CMS,https://www.amitymed.org
CMS,https://www.ammonoosuc.org
CMS,https://www.amoskeaghealth.org
CMS,https://www.amplahealth.org
CMS,https://www.anaheimcommunityhospital.com
CMS,https://www.anaheimcrest.com
CMS,https://www.anamosacarecenter.com
CMS,https://www.anberryhospital.com
CMS,https://www.anberrymerced.com
CMS,https://www.anchorcare.com
CMS,https://www.andalusiamanorandrehab.com
CMS,https://www.anderson.k12.ky.us
CMS,https://www.andersonmillnursing.com
CMS,https://www.andersonursing.com
CMS,https://www.andrusonhudson.org
CMS,https://www.anewfamilymedical.com
CMS,https://www.angel-dentalcare.com
CMS,https://www.angelescommunity.org
CMS,https://www.angelsnursinghealthcare.com
CMS,https://www.anhc.clinic
CMS,https://www.anhc.org
CMS,https://www.annamariaofaurora.com
CMS,https://www.annarborshelter.org
CMS,https://www.annstorckcenter.org
CMS,https://www.ansleyparkhealth.org
CMS,https://www.apcs.us
CMS,https://www.apexannexhealthcenter.org
CMS,https://www.apexfamilycare.com
CMS,https://www.apexrehabcare.com
CMS,https://www.aphcv.org
CMS,https://www.aplaceformom.com
CMS,https://www.aplushealth.org
CMS,https://www.aplusrehab.net
CMS,https://www.apopkanursing.com
CMS,https://www.apostolichome.org
CMS,https://www.apostolicsabetha.com
CMS,https://www.appalachianmountainhealth.org
CMS,https://www.appalachianwellnessprimarycare.org
CMS,https://www.apple-rehab.com
CMS,https://www.appleridgecc.com
CMS,https://www.applevalleycampus.org
CMS,https://www.applevalleyrehab.com
CMS,https://www.aptaflorida.com
CMS,https://www.aptustherapy.com
CMS,https://www.apwschools.org
CMS,https://www.aqcs-cares.com
CMS,https://www.aquasportpt.com
CMS,https://www.arapahorehabandcarecenter.com
CMS,https://www.arboracres.org
CMS,https://www.arboretahealthcare.com
CMS,https://www.arborfamilyhealth.org
CMS,https://www.arborgraceguestcare.com
CMS,https://www.arborhillsmo.com
CMS,https://www.arboroakshc.com
CMS,https://www.arborsprings.org
CMS,https://www.arborspringshealth.com
CMS,https://www.arbortrailrehab.com
CMS,https://www.arborvalleyofcascadia.com
CMS,https://www.arborvillagenursing.com
CMS,https://www.arcadialtc.com
CMS,https://www.arcare.net
CMS,https://www.arccenters.com
CMS,https://www.archcare.org
CMS,https://www.archindy.org
CMS,https://www.archmil.org
CMS,https://www.archwaytransitional.org
CMS,https://www.arclag.org
CMS,https://www.arcthreerivers.org
CMS,https://www.ardenwood.org
CMS,https://www.arearesidentialcare.org
CMS,https://www.arianursingandrehab.com
CMS,https://www.arisahealth.org
CMS,https://www.arisathome.com
CMS,https://www.aristacarehealth.com
CMS,https://www.arkgovernorshouse.com
CMS,https://www.arkneph.com
CMS,https://www.arlington-care.net
CMS,https://www.arlington-pointe.com
CMS,https://www.arlingtonhealthandrehab.com
CMS,https://www.arlingtonva.us
CMS,https://www.arms-chc.org
CMS,https://www.armstrongsnf.com
CMS,https://www.arrowheadfamilymed.com
CMS,https://www.arrowheadregional.org
CMS,https://www.arroyograndecare.com
CMS,https://www.arroyovista.org
CMS,https://www.asbury.org
CMS,https://www.asburytowers.com
CMS,https://www.asccare.com
CMS,https://www.ascensionliving.org
CMS,https://www.ascensionoaksnursingandrehab.com
CMS,https://www.ascensionsaintthomasrehabhospital.com
CMS,https://www.asem.pr.gov
CMS,https://www.asheville.com
CMS,https://www.ashflathc.com
CMS,https://www.ashlandplacehealthandrehab.com
CMS,https://www.ashleyclinic.com
CMS,https://www.ashleyhealth.com
CMS,https://www.ashleymanorhr.com
CMS,https://www.ashtoncreekhealthandrehab.com
CMS,https://www.ashtonml.com
CMS,https://www.ashtonplacehr.com
CMS,https://www.asiaohio.org
CMS,https://www.aspenhospital.org
CMS,https://www.aspenparkofcascadia.com
CMS,https://www.aspenpointhealthandrehabilitation.com
CMS,https://www.aspireindiana.org
CMS,https://www.aspirephysicalrecovery.com
CMS,https://www.assisted-rehab.com
CMS,https://www.assistedliving.com
CMS,https://www.assistedliving.org
CMS,https://www.assistedlivingnearme.net
CMS,https://www.associatesinnephrologypc.com
CMS,https://www.associatesrehabnetwork.com
CMS,https://www.astonparkhcc.org
CMS,https://www.astoriahealthandrehab.com
CMS,https://www.astoriaplace.com
CMS,https://www.astoriaskilled.com
CMS,https://www.asumidsouth.edu
CMS,https://www.atascosahealthcenter.org
CMS,https://www.atcoftexas.org
CMS,https://www.athenenursingandrehabilitation.com
CMS,https://www.athenshealthandrehabilitation.com
CMS,https://www.athletico.com
CMS,https://www.atlanticcountynj.gov
CMS,https://www.atlanticdialysis.com
CMS,https://www.atlanticphysicaltherapycenter.com
CMS,https://www.atlanticshoresrehab.com
CMS,https://www.atlanticsportsandrehab.com
CMS,https://www.atlasrehabandwellness.com
CMS,https://www.atleehill.org
CMS,https://www.atriumhealthcare.com
CMS,https://www.atriumhsl.com
CMS,https://www.atriumplacehealthandrehab.com
CMS,https://www.atriumrehabcenter.com
CMS,https://www.atsla.com
CMS,https://www.attalacountynursingcenter.com
CMS,https://www.auburnhomes.org
CMS,https://www.auburnpost-acute.com
CMS,https://www.auburnskilled.com
CMS,https://www.audubonhealthandrehab.com
CMS,https://www.augusta.edu
CMS,https://www.augustametrochamber.com
CMS,https://www.augustana.edu
CMS,https://www.auntmarthas.org
CMS,https://www.auroracfh.com
CMS,https://www.auroradx.com
CMS,https://www.aurorahealthandrehabilitation.com
CMS,https://www.auroraonfrance.com
CMS,https://www.aurorasandiego.com
CMS,https://www.auroravalleycare.com
CMS,https://www.austin-trace.net
CMS,https://www.austinpcc.org
CMS,https://www.austinrehabofunion.net
CMS,https://www.austintexas.gov
CMS,https://www.autumncreekpa.com
CMS,https://www.autumnlanehealth.org
CMS,https://www.autumnleavesnursingandrehab.com
CMS,https://www.autumnoakscc.net
CMS,https://www.avalonhealthrehabilitation.org
CMS,https://www.avalonnhri.com
CMS,https://www.avalonviewhealthandwellness.com
CMS,https://www.avamere.com
CMS,https://www.avantaraarrowhead.com
CMS,https://www.avantaraaurora.com
CMS,https://www.avantarachicagoridge.com
CMS,https://www.avantaraclark.com
CMS,https://www.avantaraelgin.com
CMS,https://www.avantaraevergreenpark.com
CMS,https://www.avantaragroton.com
CMS,https://www.avantarahuron.com
CMS,https://www.avantaralakenorden.com
CMS,https://www.avantaralakezurich.com
CMS,https://www.avantaralibertyville.com
CMS,https://www.avantaralincolnpark.com
CMS,https://www.avantaralonggrove.com
CMS,https://www.avantaramilbank.com
CMS,https://www.avantaramountainview.com
CMS,https://www.avantaranorth.com
CMS,https://www.avantaranorton.com
CMS,https://www.avantarapalosheights.com
CMS,https://www.avantaraparkridge.com
CMS,https://www.avantarapierre.com
CMS,https://www.avantararedfield.com
CMS,https://www.avantarasaintcloud.com
CMS,https://www.avantarawatertown.com
CMS,https://www.avantecenters.com
CMS,https://www.avanterc.com
CMS,https://www.avantihs.com
CMS,https://www.avantusrenaltherapy.com
CMS,https://www.aveanna.com
CMS,https://www.avenueataurora.com
CMS,https://www.avenueatbroadviewheights.com
CMS,https://www.avenueatbrooklyn.com
CMS,https://www.avenueatlyndhurst.com
CMS,https://www.avenueatmacedonia.com
CMS,https://www.avenueatmedina.com
CMS,https://www.avenueatnorthridgeville.com
CMS,https://www.avenueatstrongsville.com
CMS,https://www.avenueatwooster.com
CMS,https://www.avenueshealth.com
CMS,https://www.avhc.org
CMS,https://www.avivaseniorlife.org
CMS,https://www.avkidneyinstitute.com
CMS,https://www.avondalehouse.org
CMS,https://www.avondalevillapostacute.com
CMS,https://www.avondialysis.com
CMS,https://www.avonhealthandrehab.com
CMS,https://www.avonhealthcenter.com
CMS,https://www.avonoaks.net
CMS,https://www.awlclci.org
CMS,https://www.awomansplaceclinic.com
CMS,https://www.awomansview.com
CMS,https://www.axiomrehabcoveragemap.com
CMS,https://www.axis-mn.com
CMS,https://www.axishealthsystem.org
CMS,https://www.ayer.ma.us
CMS,https://www.ayersnursinghome.com
CMS,https://www.azaleagardensnc.com
CMS,https://www.azaleahealth.org
CMS,https://www.azhca.org
CMS,https://www.azriahealth.com
CMS,https://www.back-to-action.com
CMS,https://www.backinmotionpt.co
CMS,https://www.badriver-nsn.gov
CMS,https://www.baileyboushay.org
CMS,https://www.bainbridgecares.com
CMS,https://www.bakerkatznh.com
CMS,https://www.bakersfieldrehabilitation.com
CMS,https://www.balanceautism.org
CMS,https://www.baldwincarecenter.com
CMS,https://www.ballhealth.com
CMS,https://www.baltimorecountymd.gov
CMS,https://www.bambergfamily.com
CMS,https://www.bancroft.org
CMS,https://www.banecare.com
CMS,https://www.bangorareashelter.org
CMS,https://www.bangornrc.com
CMS,https://www.bangshc.com
CMS,https://www.banisterlieblongclinic.com
CMS,https://www.bapthealth.com
CMS,https://www.baptistbismarck.org
CMS,https://www.baptisthealthal.com
CMS,https://www.baptistvillage.com
CMS,https://www.barbourvillehrc.com
CMS,https://www.barclayatsouthpark.com
CMS,https://www.barcprograms.org
CMS,https://www.barneshc.com
CMS,https://www.barnesvilleohiochamber.com
CMS,https://www.barnsdallnursinghome.com
CMS,https://www.barrenriverhealth.org
CMS,https://www.barrettcarecenter.com
CMS,https://www.barryhcc.com
CMS,https://www.barryrobinson.org
CMS,https://www.bartlesvillehealthandrehab.com
CMS,https://www.basinwellnesscenter.org
CMS,https://www.batavia-care.net
CMS,https://www.battenkillvalleyhealthcenter.org
CMS,https://www.bautistahealthcare.org
CMS,https://www.bayareakidney.com
CMS,https://www.bayarearehab.org
CMS,https://www.baycityarea.com
CMS,https://www.bayleylife.org
CMS,https://www.baymarinapa.com
CMS,https://www.baymills.org
CMS,https://www.baymillshealthcenter.com
CMS,https://www.bayshorecarecenter.com
CMS,https://www.bayside-cc.com
CMS,https://www.baysidehc.net
CMS,https://www.baysidevillage.org
CMS,https://www.bayviewnursing.com
CMS,https://www.bayviewrehab.com
CMS,https://www.bayvistahc.com
CMS,https://www.baywindvillagecare.net
CMS,https://www.baywoodcourt.org
CMS,https://www.baywoodcrossing.com
CMS,https://www.baywoodsofannapolis.com
CMS,https://www.bbb.org
CMS,https://www.bcdreamcenter.org
CMS,https://www.bcfwc.org
CMS,https://www.bchcky.com
CMS,https://www.bchlaca.com
CMS,https://www.bcmhospital.com
CMS,https://www.bcrha.org
CMS,https://www.beach-terrace.com
CMS,https://www.beacon-light.org
CMS,https://www.beaconcchc.com
CMS,https://www.beaconhealthcarecenter.com
CMS,https://www.beaconhilllombard.com
CMS,https://www.beaconridge.net
CMS,https://www.beaconridgeok.com
CMS,https://www.beaconrnc.com
CMS,https://www.beaconshirenc.com
CMS,https://www.beadlesnursinghome.com
CMS,https://www.bearcreeknursing.com
CMS,https://www.beardstownhrc.com
CMS,https://www.beardstownil.org
CMS,https://www.bearemanor.com
CMS,https://www.bearmountainhc.com
CMS,https://www.beattymedicalclinic.com
CMS,https://www.beaumont.ms.gov
CMS,https://www.beaumonthc.com
CMS,https://www.beaumontretirement.com
CMS,https://www.beautifulsaviorhome.com
CMS,https://www.beaver.utah.gov
CMS,https://www.beavertonruralschools.com
CMS,https://www.bedfordcarecenters.com
CMS,https://www.bedfordcenterrehab.com
CMS,https://www.bedfordcountyva.gov
CMS,https://www.bedfordfhc.com
CMS,https://www.bedrock-westvolusia.com
CMS,https://www.bedsider.org
CMS,https://www.beechwoodhome.com
CMS,https://www.beechwoodrehab.net
CMS,https://www.behcr.com
CMS,https://www.belair-manor.net
CMS,https://www.belaircare.com
CMS,https://www.belhavennursing.com
CMS,https://www.belknapcounty.gov
CMS,https://www.bell.kyschools.us
CMS,https://www.bellaken.com
CMS,https://www.bellammedical.com
CMS,https://www.bellarosehealth.com
CMS,https://www.bellaterrabloomingdale.com
CMS,https://www.bellaterraelmhurst.com
CMS,https://www.bellaterralagrange.com
CMS,https://www.bellaterralombard.com
CMS,https://www.bellaterramortongrove.com
CMS,https://www.bellaterraschaumburg.com
CMS,https://www.bellaterrastgeorge.com
CMS,https://www.bellaterrastreamwood.com
CMS,https://www.bellaterrawheeling.com
CMS,https://www.bellavenuenursing.com
CMS,https://www.bellavistahealth.com
CMS,https://www.bellclinicpllc.com
CMS,https://www.bellegladechamber.com
CMS,https://www.bellemaisonnursingandrehab.com
CMS,https://www.bellemeadecottages.com
CMS,https://www.belletechenursingandrehab.com
CMS,https://www.belleviewcarecenter.com
CMS,https://www.belleviewestatesrehab.com
CMS,https://www.bellevuemed.com
CMS,https://www.belmontmanor.com
CMS,https://www.beloit-health.com
CMS,https://www.benchmarkpt.com
CMS,https://www.benedictineliving.org
CMS,https://www.benhaven.org
CMS,https://www.benjaminlogan.org
CMS,https://www.berkeleymentalhealth.org
CMS,https://www.berkeleynrc.com
CMS,https://www.berkleyeast.com
CMS,https://www.berkleypostacute.com
CMS,https://www.berkleywest.com
CMS,https://www.berkretirement.org
CMS,https://www.berkspa.gov
CMS,https://www.bestmedclinics.com
CMS,https://www.betances.org
CMS,https://www.bethany-home.net
CMS,https://www.bethany-living.com
CMS,https://www.bethany-village.org
CMS,https://www.bethanyhealthcare.org
CMS,https://www.bethanyhomedubuque.org
CMS,https://www.bethanyhomeofri.org
CMS,https://www.bethanylife.org
CMS,https://www.bethanynh.com
CMS,https://www.bethanyofwaupaca.com
CMS,https://www.bethearetirement.com
CMS,https://www.bethelcommunity.com
CMS,https://www.bethelhome.org
CMS,https://www.bethelpointehealthandrehab.com
CMS,https://www.bethelwell.org
CMS,https://www.bethesda1919.org
CMS,https://www.bethesdahealthcarefacility.net
CMS,https://www.bethesdaliving.org
CMS,https://www.bethesdasd.com
CMS,https://www.bethlehemnorthnursingandrehab.com
CMS,https://www.bethlehemsouthnursingandrehab.com
CMS,https://www.bethlen.com
CMS,https://www.beverlyfarm.org
CMS,https://www.beyermedicalgroup.com
CMS,https://www.bezalelcare.com
CMS,https://www.bgf.org
CMS,https://www.bhchealth.org
CMS,https://www.bhchp.org
CMS,https://www.bhi.care
CMS,https://www.bhninc.org
CMS,https://www.bhrc.org
CMS,https://www.bhs-inc.org
CMS,https://www.bhsfamilyhealthcenter.com
CMS,https://www.bibbmedicalcenter.com
CMS,https://www.bickfordhcc.com
CMS,https://www.bidmc.org
CMS,https://www.bienestar.org
CMS,https://www.bienvillefamilyclinic.com
CMS,https://www.bigbendwoodshc.com
CMS,https://www.bighornhospital.org
CMS,https://www.bigmeadows.biz
CMS,https://www.billdoraseniorcare.com
CMS,https://www.billingsfairchildcenter.com
CMS,https://www.biotechxray.com
CMS,https://www.birchaven.org
CMS,https://www.birchwoodnursinghome.com
CMS,https://www.birkwoodvillage.com
CMS,https://www.birminghamgreen.org
CMS,https://www.biruralhealth.org
CMS,https://www.bishopgadsden.org
CMS,https://www.bishopnoahome.com
CMS,https://www.bittersweetfarms.org
CMS,https://www.bjc.org
CMS,https://www.bjcbehavioralhealth.org
CMS,https://www.bjhchs.org
CMS,https://www.blackcanyonhealth.com
CMS,https://www.blackfeet.health
CMS,https://www.blackfootmedicalcenter.com
CMS,https://www.blackriverhealth.org
CMS,https://www.blalockdialysiscenter.com
CMS,https://www.blhs.care
CMS,https://www.blnrc.com
CMS,https://www.blountrhc.org
CMS,https://www.bluegrasscareandrehab.com
CMS,https://www.bluegrassmedicalgroup.com
CMS,https://www.blueridgetherapyconnection.com
CMS,https://www.blueridgevista.com
CMS,https://www.blueskiesoftexas.org
CMS,https://www.bluestemlincoln.com
CMS,https://www.bluestone.org
CMS,https://www.bluestonehealth.net
CMS,https://www.bluestonetherapy.com
CMS,https://www.blythepostacute.com
CMS,https://www.bmrhc.net
CMS,https://www.bmsfamilyhealth.org
CMS,https://www.bnhc.org
CMS,https://www.boardportal.nearnorthhealth.org
CMS,https://www.bodyinmotionwellness.com
CMS,https://www.bodystructure.com
CMS,https://www.bogalusarehabilitationhospital.com
CMS,https://www.boisefamilymedicine.com
CMS,https://www.boisegrouphomes.com
CMS,https://www.bolgerhealthcare.com
CMS,https://www.bolingreenhealth.org
CMS,https://www.bolster-jeffries.com
CMS,https://www.bondchc.com
CMS,https://www.bonifayrehab.com
CMS,https://www.bonniebraesnr.com
CMS,https://www.boriken.org
CMS,https://www.borinquenhealth.org
CMS,https://www.boswelltc.com
CMS,https://www.bothellhealthcare.com
CMS,https://www.bouldercreekpa.care
CMS,https://www.boulevardrehab.com
CMS,https://www.bourbonheights.com
CMS,https://www.bourbonmedicalgroup.com
CMS,https://www.bowlingfamilymedical.com
CMS,https://www.bowlinggreennursing.com
CMS,https://www.bowmanfamilymedicine.com
CMS,https://www.boydhcs.org
CMS,https://www.boydnr.com
CMS,https://www.boydskinsmanhome.com
CMS,https://www.bqrehab.com
CMS,https://www.bradfordhousenr.com
CMS,https://www.bradfordok.com
CMS,https://www.bradleyhealthcare.com
CMS,https://www.bradleyhospital.org
CMS,https://www.bradleypt.com
CMS,https://www.brain-injury-rehab.com
CMS,https://www.brainc.org
CMS,https://www.braininjurysupport.org
CMS,https://www.brainline.org
CMS,https://www.brainsway.com
CMS,https://www.brandenburgnursingandrehab.com
CMS,https://www.brandermillwoods.com
CMS,https://www.brandoncourtnursing.com
CMS,https://www.brandonwilde.com
CMS,https://www.bransondialysiscenters.com
CMS,https://www.bransonhealingarts.com
CMS,https://www.brazostowers.com
CMS,https://www.brc.ms.gov
CMS,https://www.brchs.com
CMS,https://www.breadandlife.org
CMS,https://www.brentbtinnin.com
CMS,https://www.brentwoodextendedcare.com
CMS,https://www.brentwoodhcc.com
CMS,https://www.brentwoodnursing.com
CMS,https://www.brentwoodnursingcenter.com
CMS,https://www.brevardhealth.org
CMS,https://www.brevillier.org
CMS,https://www.brewerhs.org
CMS,https://www.brewsterparke.com
CMS,https://www.brewstervillage.org
CMS,https://www.briahs.com
CMS,https://www.briarcliffhealthcarecenter.com
CMS,https://www.briarwoodnursingandrehab.com
CMS,https://www.brickyardhc.com
CMS,https://www.bridebrookrhc.com
CMS,https://www.bridgecrestsuites.com
CMS,https://www.bridgehomedialysis.com
CMS,https://www.bridgehrc.org
CMS,https://www.bridgeportwellnesscenter.com
CMS,https://www.bridgetownnursing.com
CMS,https://www.bridgeviewpostacute.com
CMS,https://www.bridgewaterpk.com
CMS,https://www.brieroakonsunset.com
CMS,https://www.brighter-beginnings.org
CMS,https://www.brighterpathcourtland.com
CMS,https://www.brighterpathmontgomery.com
CMS,https://www.brightmoornursingcenter.com
CMS,https://www.brighton1836.com
CMS,https://www.brightoncornerstone.com
CMS,https://www.brightonplacesd.com
CMS,https://www.brightonplacesv.com
CMS,https://www.bristolchamber.com
CMS,https://www.brmedical.org
CMS,https://www.broadacresnursing.org
CMS,https://www.broaderliving.org
CMS,https://www.broadmead.org
CMS,https://www.broadreachhealth.org
CMS,https://www.broadstep.com
CMS,https://www.broadtopmedical.com
CMS,https://www.bronsonbehavioralhospital.com
CMS,https://www.brontehrc.net
CMS,https://www.brookdale.com
CMS,https://www.brookefieldparkcare.com
CMS,https://www.brookestoneacrescare.com
CMS,https://www.brookestonegardens.com
CMS,https://www.brookestonemeadows.com
CMS,https://www.brookestonepapillion.com
CMS,https://www.brookestoneview.com
CMS,https://www.brookestonevillage.com
CMS,https://www.brookfieldhealthandrehab.com
CMS,https://www.brookhavennursingrehab.com
CMS,https://www.brooklynacres.com
CMS,https://www.brooklynplaza.org
CMS,https://www.brookmeadecommunity.org
CMS,https://www.brookridgecommunity.org
CMS,https://www.brookridgecoverehabcarecenter.com
CMS,https://www.brookshiretxedc.org
CMS,https://www.brooksidemulticare.com
CMS,https://www.brooksidenursing.com
CMS,https://www.brooksidept.com
CMS,https://www.brookview.care
CMS,https://www.brookvillecenter.org
CMS,https://www.brookwoodokc.com
CMS,https://www.brookwoodretirementcommunity.com
CMS,https://www.browncountyhealth.us
CMS,https://www.brownhealthrehabilitation.org
CMS,https://www.brownwoodlife.com
CMS,https://www.brsinc.org
CMS,https://www.brspdc.com
CMS,https://www.brunswick-pointe.net
CMS,https://www.brunswickhospitalcenter.org
CMS,https://www.bryanhealthandrehab.com
CMS,https://www.bryanmanor.info
CMS,https://www.bryantnh.com
CMS,https://www.bsfhc.org
CMS,https://www.bshc.org
CMS,https://www.bshcare.com
CMS,https://www.bsjcorp.com
CMS,https://www.btwcenter.org
CMS,https://www.bu.edu
CMS,https://www.buchanan.care
CMS,https://www.buckeyeranch.org
CMS,https://www.buckheadnursing.com
CMS,https://www.bucksportrhc.com
CMS,https://www.buenavistacarecenter.com
CMS,https://www.buffaloschools.org
CMS,https://www.buffaloultrasound.com
CMS,https://www.buildhouse.org
CMS,https://www.buildinghealthypeople.org
CMS,https://www.buildingkidslives.org
CMS,https://www.buildingkidsteps.com
CMS,https://www.burbanktherapycenter.com
CMS,https://www.burchamhills.com
CMS,https://www.burgesssquare.com
CMS,https://www.burgundimanorhc.com
CMS,https://www.burkeprimarycare.com
CMS,https://www.burlington-health.com
CMS,https://www.burnetcisd.net
CMS,https://www.burtoncenter.org
CMS,https://www.butlervalley.org
CMS,https://www.bv.org
CMS,https://www.bvchc.org
CMS,https://www.bvps.org
CMS,https://www.bvrsi.org
CMS,https://www.bwht.org
CMS,https://www.bwrehab.com
CMS,https://www.ca-med.org
CMS,https://www.ca-mentor.com
CMS,https://www.cabrini-eldercare.org
CMS,https://www.cabun.org
CMS,https://www.cacesl.org
CMS,https://www.cadburych.com
CMS,https://www.cahabavalleyimaging.com
CMS,https://www.cahcf.org
CMS,https://www.calc.net
CMS,https://www.caldwellcareofcascadia.com
CMS,https://www.caldwellschools.net
CMS,https://www.caleramanor.com
CMS,https://www.calibrepa.com
CMS,https://www.californiacarectr.com
CMS,https://www.californiamobilex-ray.com
CMS,https://www.californianursingrc.com
CMS,https://www.callawaygoodlife.org
CMS,https://www.caloakstherapycenter.com
CMS,https://www.calparkrehab.com
CMS,https://www.calpoly.edu
CMS,https://www.calvet.ca.gov
CMS,https://www.calvincommunity.org
CMS,https://www.calxray.com
CMS,https://www.camaichc.org
CMS,https://www.camarenahealth.org
CMS,https://www.camcare.net
CMS,https://www.camdenfamilyhealth.com
CMS,https://www.camdentonwindsor.com
CMS,https://www.camelliaestatesnursing.com
CMS,https://www.camelliagardenscc.com
CMS,https://www.camelliahealth.org
CMS,https://www.camelotradiology.com
CMS,https://www.camillus.org
CMS,https://www.campagnaacademy.org
CMS,https://www.campbelldrivek8center.net
CMS,https://www.campbellhallrehab.com
CMS,https://www.campbellhcc.com
CMS,https://www.campbellsvillerehab.com
CMS,https://www.camphillnursingandrehab.com
CMS,https://www.campioncenter.org
CMS,https://www.candcservices.org
CMS,https://www.candlercountyhospital.com
CMS,https://www.canterbury-villa.net
CMS,https://www.canterburytower.org
CMS,https://www.cantexsc.com
CMS,https://www.cantonchristianhome.org
CMS,https://www.cantonnursing.com
CMS,https://www.cantonoakstexas.com
CMS,https://www.cantonschools.org
CMS,https://www.canyonwestofcascadia.com
CMS,https://www.capbv.org
CMS,https://www.capecountyhealth.com
CMS,https://www.caperegional.com
CMS,https://www.capernaumpeds.com
CMS,https://www.capitaloaksnursingandrehab.com
CMS,https://www.capitolhillok.com
CMS,https://www.capitollakes.org
CMS,https://www.caplandcenter.com
CMS,https://www.capri-gardens.net
CMS,https://www.capstoneclinic.org
CMS,https://www.capstonedaingerfield.com
CMS,https://www.capstonehc.com
CMS,https://www.capstonehealthcareperryton.com
CMS,https://www.capstonehughessprings.com
CMS,https://www.capstoneorem.com
CMS,https://www.cardigannursing.com
CMS,https://www.cardinalwoodsrehab.com
CMS,https://www.cardiovascular.pr.gov
CMS,https://www.care.com
CMS,https://www.carealliance.org
CMS,https://www.carearc.org
CMS,https://www.carecenterlaurel.com
CMS,https://www.carecenterofaberdeen.com
CMS,https://www.carecenteronhazeltine.com
CMS,https://www.careforthehomeless.org
CMS,https://www.caregiverspleasantgrove.com
CMS,https://www.careinitiatives.org
CMS,https://www.carepartners.org
CMS,https://www.careplus.clinic
CMS,https://www.caresouth-carolina.com
CMS,https://www.carespring.com
CMS,https://www.caretelinns.com
CMS,https://www.careyservices.com
CMS,https://www.caribbeankidneycenter.com
CMS,https://www.carillonlubbock.com
CMS,https://www.caring.com
CMS,https://www.caringplacehcg.com
CMS,https://www.caringplacenursing.com
CMS,https://www.carington-park.net
CMS,https://www.caritasva.org
CMS,https://www.carlislenursingandrehab.com
CMS,https://www.carlockmedical.com
CMS,https://www.carltonatthelake.com
CMS,https://www.carlyleaiken.com
CMS,https://www.carlyleflorence.com
CMS,https://www.carlylehouse.biz
CMS,https://www.carlylekingstree.com
CMS,https://www.carmelhomeky.com
CMS,https://www.carmeliteseniorliving.org
CMS,https://www.carmelmanor.com
CMS,https://www.carnegiehospital.com
CMS,https://www.carolinahealthcenters.org
CMS,https://www.carolinatherapy.net
CMS,https://www.carolinavillage.com
CMS,https://www.carolinawomensphysicians.com
CMS,https://www.carolwoods.org
CMS,https://www.carrishealth.com
CMS,https://www.carrollcountynh.gov
CMS,https://www.carrollparkhcr.com
CMS,https://www.carrollregencynursinghome.com
CMS,https://www.carrolltonnursingandrehabilitation.com
CMS,https://www.carruslakeside.com
CMS,https://www.carternr.com
CMS,https://www.cartersvillenursing.com
CMS,https://www.casa-rehab.com
CMS,https://www.casadelmar2.com
CMS,https://www.casadorinda.org
CMS,https://www.casalindagrouphome.com
CMS,https://www.casamaine.org
CMS,https://www.casaviahealth.com
CMS,https://www.cascademanor.org
CMS,https://www.cascadiaofboise.com
CMS,https://www.cascadiaofnampa.com
CMS,https://www.cashmerepostacute.com
CMS,https://www.casscohealth.org
CMS,https://www.casseusa.com
CMS,https://www.castlehealthgrouphawaii.com
CMS,https://www.castlepeak.org
CMS,https://www.castletonhcc.com
CMS,https://www.castleviewphysicianpractices.com
CMS,https://www.caswellcenter.org
CMS,https://www.caswellcountync.gov
CMS,https://www.caswellnc.us
CMS,https://www.catawbawomenscenter.com
CMS,https://www.catg.org
CMS,https://www.causeiq.com
CMS,https://www.cawleypt.net
CMS,https://www.cbha.org
CMS,https://www.cbhc.org
CMS,https://www.cbnhc.org
CMS,https://www.cbwchc.org
CMS,https://www.cbwellness.org
CMS,https://www.ccano.org
CMS,https://www.ccbq.org
CMS,https://www.ccc.edu
CMS,https://www.ccckids370.com
CMS,https://www.cccmacomb.com
CMS,https://www.cccoalgrovehc.com
CMS,https://www.cccsi.org
CMS,https://www.ccfranklinfurnacehc.com
CMS,https://www.ccghospital.com
CMS,https://www.cchsaugusta.org
CMS,https://www.cciohio.com
CMS,https://www.ccmaui.org
CMS,https://www.ccmcf.com
CMS,https://www.ccmcms.us
CMS,https://www.ccnassau.org
CMS,https://www.ccnctr.com
CMS,https://www.ccndservice.com
CMS,https://www.ccoh.us
CMS,https://www.ccpxr.com
CMS,https://www.ccrhcc.org
CMS,https://www.ccsdschools.com
CMS,https://www.cct-hhs.com
CMS,https://www.cctribalschools.org
CMS,https://www.ccvillages.com
CMS,https://www.ccyoung.org
CMS,https://www.cdcare.org
CMS,https://www.cdptexas.org
CMS,https://www.cds.org
CMS,https://www.cearumedicalresort.com
CMS,https://www.cecvision.com
CMS,https://www.cedarbrookseniorcare.com
CMS,https://www.cedarcommunity.org
CMS,https://www.cedargatehc.com
CMS,https://www.cedarhillcare.org
CMS,https://www.cedarhillccc.com
CMS,https://www.cedarhillhealthcare.com
CMS,https://www.cedarhouse.org
CMS,https://www.cedarlakenursing.com
CMS,https://www.cedarmanor.org
CMS,https://www.cedarmanornursing.com
CMS,https://www.cedarmountainpa.org
CMS,https://www.cedarridgerehab.com
CMS,https://www.cedars-sinai.org
CMS,https://www.cedarshealthcarecenter.com
CMS,https://www.cedarsofchapelhill.com
CMS,https://www.cedarvalleynursingandrehabilitation.com
CMS,https://www.cedarwoodrhc.com
CMS,https://www.celinahealthandrehab.com
CMS,https://www.cenladialysiscare.com
CMS,https://www.centeratarrowhead.com
CMS,https://www.centeratcentennial.com
CMS,https://www.centeratcenterplace.com
CMS,https://www.centeratcordera.com
CMS,https://www.centeratedenhill.com
CMS,https://www.centeratforesight.com
CMS,https://www.centeratgrande.com
CMS,https://www.centeratlincoln.com
CMS,https://www.centeratlowry.com
CMS,https://www.centeratnorthridge.com
CMS,https://www.centeratparkwest.com
CMS,https://www.centeratparmer.com
CMS,https://www.centeratrockcreek.com
CMS,https://www.centerattucson.com
CMS,https://www.centeratvalvista.com
CMS,https://www.centeratwaterfront.com
CMS,https://www.centeratzaragoza.com
CMS,https://www.centerfordd.org
CMS,https://www.centerforkeypopulations.com
CMS,https://www.centerforrespitecare.org
CMS,https://www.centerpointhealth.org
CMS,https://www.centervillecareandrehab.com
CMS,https://www.centralcarechc.org
CMS,https://www.centralcarolinaphysicians.com
CMS,https://www.centralcityhealth.com
CMS,https://www.centralcounties.org
CMS,https://www.centralflrecovery.com
CMS,https://www.centralguesthousebatonrouge.com
CMS,https://www.centralislandhealthcare.com
CMS,https://www.centralpediatricsal.com
CMS,https://www.centralqueensrehab.com
CMS,https://www.centralrehabia.com
CMS,https://www.centraltexasrehabhospital.com
CMS,https://www.centraspecialtyhospital.com
CMS,https://www.centrecare.org
CMS,https://www.centrexrehab.com
CMS,https://www.centromedicoclinic.com
CMS,https://www.centuryhrc.com
CMS,https://www.certushc.com
CMS,https://www.cfamilyclinic.com
CMS,https://www.cfccommunities.com
CMS,https://www.cfcecares.org
CMS,https://www.cffhae.org
CMS,https://www.cfhc.care
CMS,https://www.cfhcnc.org
CMS,https://www.cfldreamplex.com
CMS,https://www.cfmcares.com
CMS,https://www.cgrehab.net
CMS,https://www.chalethc.com
CMS,https://www.chaletliving.com
CMS,https://www.chaletofniles.com
CMS,https://www.chamberdata.net
CMS,https://www.chambersburg.org
CMS,https://www.chambersburgnursingandrehab.com
CMS,https://www.chambershealth.org
CMS,https://www.championrnc.com
CMS,https://www.chandlernursingcenter.com
CMS,https://www.chanevada.org
CMS,https://www.channahonhomedialysis.com
CMS,https://www.chaparralhouse.org
CMS,https://www.chapcare.org
CMS,https://www.chapelpointe.org
CMS,https://www.chapelviewcampus.org
CMS,https://www.chapelwoodshealthandrehab.com
CMS,https://www.chapinhome.org
CMS,https://www.chaplinwoodhealth.org
CMS,https://www.chapmancare.com
CMS,https://www.chapmanvalleymanor.org
CMS,https://www.charlesriverhealth.org
CMS,https://www.charlwellhc.com
CMS,https://www.charmcare.org
CMS,https://www.chasenursinghome.com
CMS,https://www.chasepoint.org
CMS,https://www.chasscenter.org
CMS,https://www.chateaugir.com
CMS,https://www.chateauhcr.com
CMS,https://www.chateaulivingcenterkenner.com
CMS,https://www.chathamrehab.com
CMS,https://www.chavescounty.gov
CMS,https://www.chbenevolent.org
CMS,https://www.chc1.com
CMS,https://www.chcahealth.org
CMS,https://www.chcb.org
CMS,https://www.chcbh.com
CMS,https://www.chcchronicles.org
CMS,https://www.chccmo.org
CMS,https://www.chccw.org
CMS,https://www.chcfc.org
CMS,https://www.chcfd.com
CMS,https://www.chcfl.org
CMS,https://www.chchearing.org
CMS,https://www.chciokc.org
CMS,https://www.chclubbock.org
CMS,https://www.chcneo.com
CMS,https://www.chcpinellas.org
CMS,https://www.chcqca.org
CMS,https://www.chcrr.org
CMS,https://www.chcseia.com
CMS,https://www.chcsno.org
CMS,https://www.chcw.org
CMS,https://www.chcwf.com
CMS,https://www.chebschools.org
CMS,https://www.chelseaplacecarecenter.com
CMS,https://www.chelseyparkhealth.org
CMS,https://www.cheltenhamnursingandrehab.com
CMS,https://www.chemedhealth.org
CMS,https://www.chemungcountyny.gov
CMS,https://www.cheneycare.com
CMS,https://www.cheneygoldenage.org
CMS,https://www.cherawhc.com
CMS,https://www.cherokeecenternursing.com
CMS,https://www.cherokeecountynr.com
CMS,https://www.cherokeehealth.com
CMS,https://www.cherryblossomhealth.org
CMS,https://www.cherryhealthcenter.com
CMS,https://www.cherryridgeofbastrop.com
CMS,https://www.cherryridgeofcascadia.com
CMS,https://www.chesco.org
CMS,https://www.cheshire-house.net
CMS,https://www.chestelm.com
CMS,https://www.chestnut.org
CMS,https://www.chestnutrehab.com
CMS,https://www.chestnutridgenursingandrehabilitation.com
CMS,https://www.cheyennemanor.org
CMS,https://www.cheyenneml.com
CMS,https://www.cheyennenation.com
CMS,https://www.cheyenneriversioux.com
CMS,https://www.chicago.gov
CMS,https://www.chicagocentromedico.com
CMS,https://www.chicagolakeshorehotel.com
CMS,https://www.chicopeernc.com
CMS,https://www.chicoterrace.com
CMS,https://www.chieflandhealthcenter.com
CMS,https://www.chieflandmedical.com
CMS,https://www.chifranciscan.org
CMS,https://www.childhelp.org
CMS,https://www.childrens-therapy.net
CMS,https://www.childrensaidnyc.org
CMS,https://www.childrenscenterhamden.org
CMS,https://www.childrenscenterva.com
CMS,https://www.childrenscolorado.org
CMS,https://www.childrensdentalcaremi.com
CMS,https://www.childrensdevelopmentalcenter.org
CMS,https://www.childrenshealthfund.org
CMS,https://www.childrenshomeofyork.org
CMS,https://www.childrenshospitalvanderbilt.org
CMS,https://www.childrensshelter.org
CMS,https://www.childserve.org
CMS,https://www.chilivingcommunities.org
CMS,https://www.chiltonfamilymedicine.com
CMS,https://www.chimneyrockvilla.com
CMS,https://www.chinatowndialysis.com
CMS,https://www.chistgabriels.com
CMS,https://www.chistjoseph.org
CMS,https://www.chnk.org
CMS,https://www.chnnyc.org
CMS,https://www.choctawnation.com
CMS,https://www.choice-health.net
CMS,https://www.choiceptc.com
CMS,https://www.chonc.org
CMS,https://www.choptankhealth.org
CMS,https://www.chosenvalleyseniorliving.com
CMS,https://www.chotahealth.org
CMS,https://www.chrhealth.org
CMS,https://www.christcommunityhealth.org
CMS,https://www.christiancarecommunities.org
CMS,https://www.christiancareliving.org
CMS,https://www.christianhealthnj.org
CMS,https://www.christianheightsnursing.com
CMS,https://www.christopherhouse.com
CMS,https://www.christshome.org
CMS,https://www.chs.net
CMS,https://www.chscwi.org
CMS,https://www.chsica.org
CMS,https://www.chsohio.com
CMS,https://www.chugachmiut.org
CMS,https://www.chwctorr.org
CMS,https://www.ci.wisner.ne.us
CMS,https://www.cienahealthcare.com
CMS,https://www.cifc.org
CMS,https://www.cimarronnursing.com
CMS,https://www.cimarronplacenursing.com
CMS,https://www.cincinnati-oh.gov
CMS,https://www.cincinnati-rehabhospital.com
CMS,https://www.cincinnatihomedialysis.com
CMS,https://www.cincy-caa.org
CMS,https://www.circlemedical.com
CMS,https://www.citizens-inc.org
CMS,https://www.citizenscarecenter.com
CMS,https://www.citraruralhealth.com
CMS,https://www.citylinkcenter.org
CMS,https://www.cityofbloomsdale.com
CMS,https://www.cityoffrederickmd.gov
CMS,https://www.cityofmarianna.com
CMS,https://www.cityviewmcc.com
CMS,https://www.civitacheshire.com
CMS,https://www.civitadanbury.com
CMS,https://www.civitamilford.com
CMS,https://www.civitanewington.com
CMS,https://www.clackamas.us
CMS,https://www.claiborneandhughes.com
CMS,https://www.claibornecountyfhc.com
CMS,https://www.clairidgehouse.com
CMS,https://www.claracity.org
CMS,https://www.clarencecarecenter.com
CMS,https://www.clarenceseniorliving.com
CMS,https://www.clarewoodhouse.com
CMS,https://www.claridgecourt.com
CMS,https://www.clarionrehab.com
CMS,https://www.clarkclinic.org
CMS,https://www.clarkcountywi.gov
CMS,https://www.clarklindsey.com
CMS,https://www.clarkmanorchicago.com
CMS,https://www.clarksdalenursingcenter.com
CMS,https://www.clarkstonhealthandrehab.com
CMS,https://www.clarksville.brightwellbehavioral.com
CMS,https://www.clarksvillejocochamber.com
CMS,https://www.clarudevillenursing.com
CMS,https://www.clarviewnursing.com
CMS,https://www.clatsopcare.org
CMS,https://www.clay.k12.ga.us
CMS,https://www.claymont-health.net
CMS,https://www.clchc.com
CMS,https://www.clchc.org
CMS,https://www.clearbrook.org
CMS,https://www.clearviewcare.com
CMS,https://www.clearviewhome.net
CMS,https://www.clearviewnursing.com
CMS,https://www.clearwaterhealthandrehab.com
CMS,https://www.clementmanor.com
CMS,https://www.clewistonnursingrehab.com
CMS,https://www.cliftonrehab.com
CMS,https://www.clinchvalleyhealth.com
CMS,https://www.clinchvalleyphysicianpractices.com
CMS,https://www.clinica.org
CMS,https://www.clinicamedicafamiliardrrios.com
CMS,https://www.clinicasierravista.org
CMS,https://www.clinicdirectory.org
CMS,https://www.clintoncountycare.com
CMS,https://www.clintoncountyny.gov
CMS,https://www.clintonhc.com
CMS,https://www.clintonhousehc.com
CMS,https://www.clintonmanorlivingcenter.com
CMS,https://www.clintweb.net
CMS,https://www.cloverdalernc.com
CMS,https://www.cloverforkclinic.org
CMS,https://www.cloverlodge.com
CMS,https://www.cloverport.com
CMS,https://www.cmadc.com
CMS,https://www.cmc.kids.com
CMS,https://www.cmcwv.com
CMS,https://www.cmhburke.org
CMS,https://www.cmhcburwell.com
CMS,https://www.cmrehab.com
CMS,https://www.cms.gov
CMS,https://www.cnahsi.com
CMS,https://www.cnhfclinics.org
CMS,https://www.co.columbia.wi.us
CMS,https://www.co.crockett.tx.us
CMS,https://www.co.dodge.mn.us
CMS,https://www.co.dodge.wi.gov
CMS,https://www.co.lincoln.or.us
CMS,https://www.co.portage.wi.gov
CMS,https://www.co.rock.wi.us
CMS,https://www.co.sauk.wi.us
CMS,https://www.co.walworth.wi.us
CMS,https://www.co.winnebago.wi.us
CMS,https://www.coalcountryhealth.com
CMS,https://www.coalfieldhealth.com
CMS,https://www.coastalhealthalliance.org
CMS,https://www.coastalhw.org
CMS,https://www.coastalmanornursinghome.com
CMS,https://www.coastalmobilexray.com
CMS,https://www.coastalopportunities.org
CMS,https://www.coastalrehabnc.com
CMS,https://www.coastcareconvalescentcenter.com
CMS,https://www.coastcommunityhealth.org
CMS,https://www.cobblehilllifecare.org
CMS,https://www.coeurdalenehealth.com
CMS,https://www.cofccc.org
CMS,https://www.cofmc.com
CMS,https://www.cohca.org
CMS,https://www.colbasin.com
CMS,https://www.coldhollowdocs.org
CMS,https://www.coldspringcare.com
CMS,https://www.colecampmo.com
CMS,https://www.colehealth.com
CMS,https://www.colemanhouse.com
CMS,https://www.colemanservices.org
CMS,https://www.colfaxhealth.org
CMS,https://www.colonialacresne.org
CMS,https://www.colonialhavenandcourts.com
CMS,https://www.colonialhrc.com
CMS,https://www.colonialoakslivingcenter.com
CMS,https://www.colonialoaksretirementcommunity.com
CMS,https://www.colonialterracecare.com
CMS,https://www.coloradocoalition.org
CMS,https://www.coloradohealthinstitute.org
CMS,https://www.columbiacrestcenter.com
CMS,https://www.columbiamanorhr.com
CMS,https://www.columbiamedicalgroup.com
CMS,https://www.columbinefamilycare.com
CMS,https://www.columbinehealth.com
CMS,https://www.colusa-nsn.gov
CMS,https://www.colvillehealth.com
CMS,https://www.comanchecountyhospital.com
CMS,https://www.comcap.org
CMS,https://www.comcareinc.com
CMS,https://www.comerhealth.org
CMS,https://www.comfortcreeknh.com
CMS,https://www.commercemedicalclinic.com
CMS,https://www.commhealth.org
CMS,https://www.commonspirit.org
CMS,https://www.communicareidaho.com
CMS,https://www.communitiesofwildwood.com
CMS,https://www.community-first.org
CMS,https://www.community-healthnet.com
CMS,https://www.communityaccessnetwork.org
CMS,https://www.communityalt.org
CMS,https://www.communitycarecooperative.org
CMS,https://www.communitycarehealth.org
CMS,https://www.communitycarehospital.com
CMS,https://www.communitycarewv.org
CMS,https://www.communityclinicalservices.org
CMS,https://www.communityclinicnwa.org
CMS,https://www.communitycounseling.info
CMS,https://www.communityhealthcenters.org
CMS,https://www.communityhealthclinic.org
CMS,https://www.communityhealthdayton.org
CMS,https://www.communityhealthlink.org
CMS,https://www.communityhealthok.org
CMS,https://www.communityinnovations.com
CMS,https://www.communitymanormo.com
CMS,https://www.communitynurse.org
CMS,https://www.communityofhopedc.org
CMS,https://www.communitypridecarecenter.com
CMS,https://www.communityskilled.com
CMS,https://www.communitywellnesspartners.org
CMS,https://www.compasscommunityhealth.org
CMS,https://www.compassionhealthtoledo.org
CMS,https://www.compassionob.com
CMS,https://www.compasspark.org
CMS,https://www.compasstherapeutic.com
CMS,https://www.compleatrehab.com
CMS,https://www.completecarerehab.com
CMS,https://www.completehealthcaremedicalcenter.com
CMS,https://www.completehealthsd.care
CMS,https://www.compptc.com
CMS,https://www.comprehensivehealthclinics.com
CMS,https://www.comprehensiverehab.com
CMS,https://www.comtrea.org
CMS,https://www.concertors.com
CMS,https://www.conchocounty.hospital
CMS,https://www.concilioloiza.org
CMS,https://www.concord-ridge.net
CMS,https://www.concordcarecenterofcortland.com
CMS,https://www.concordcarecenterofsandusky.com
CMS,https://www.concordcarecenteroftoledo.com
CMS,https://www.concordhc.com
CMS,https://www.concordiacollege.edu
CMS,https://www.concourserehab.com
CMS,https://www.conemaughphysiciangroup.com
CMS,https://www.connect.wacofhc.org
CMS,https://www.connectics.org
CMS,https://www.connectingtohealth.com
CMS,https://www.connectlife.org
CMS,https://www.connectus.org
CMS,https://www.connextcare.org
CMS,https://www.conovernursingandrehab.com
CMS,https://www.continental-nursing.com
CMS,https://www.continentalsprings.com
CMS,https://www.continucarellc.com
CMS,https://www.conwayhc.com
CMS,https://www.cookevillemed.com
CMS,https://www.cooneyhc.com
CMS,https://www.cooperstownnd.com
CMS,https://www.cooscountynh.gov
CMS,https://www.copiahlivingcenter.com
CMS,https://www.copperbasinhealthandrehab.com
CMS,https://www.copperknollhealthandrehab.com
CMS,https://www.coralcmhc.net
CMS,https://www.coralgableshospital.org
CMS,https://www.coraphysicaltherapy.com
CMS,https://www.corbinhrc.com
CMS,https://www.cordovactr.com
CMS,https://www.core-rehab.com
CMS,https://www.core.org
CMS,https://www.corelabandxray.com
CMS,https://www.cornellscott.org
CMS,https://www.cornerstonefitnesswellness.com
CMS,https://www.cornerstonehospitals.com
CMS,https://www.cornerstonehouse.org
CMS,https://www.cornerstonemission.org
CMS,https://www.cornerstoneshc.com
CMS,https://www.cornerstonesofcare.org
CMS,https://www.cornerstonespecialcare.org
CMS,https://www.cornerstonevilla.com
CMS,https://www.corridormobile.com
CMS,https://www.cortez.k12.co.us
CMS,https://www.cortlandacres.org
CMS,https://www.coryelldialysis.com
CMS,https://www.cottagesattexarkana.com
CMS,https://www.cottagesofsouthernhills.com
CMS,https://www.cottagesofwentworthplace.com
CMS,https://www.cottonpoint.net
CMS,https://www.cottonwoodok.com
CMS,https://www.cottonwoodrhc.com
CMS,https://www.counciloaks.com
CMS,https://www.countryclubretirementcampus.com
CMS,https://www.countrycrestpostacute.com
CMS,https://www.countrylanebeggs.com
CMS,https://www.countrymanorcampus.org
CMS,https://www.countrymeadows.com
CMS,https://www.countryoakscarecenter.com
CMS,https://www.countrysideassistedliving.com
CMS,https://www.countrysidehc.com
CMS,https://www.countrysidehc.org
CMS,https://www.countrytrails.care
CMS,https://www.countryview-sunbury.net
CMS,https://www.countryviewmanoricfiid.com
CMS,https://www.countyofmonterey.gov
CMS,https://www.courtyardcarecenter.com
CMS,https://www.courtyardnursing.com
CMS,https://www.courtyardrehabcenter.com
CMS,https://www.coushatta.org
CMS,https://www.covabilityil.org
CMS,https://www.covenantcommunitycare.org
CMS,https://www.covenanthousenola.org
CMS,https://www.covenanthousepa.org
CMS,https://www.covenanthousetx.org
CMS,https://www.covingtonskilled.com
CMS,https://www.covlivingcromwell.org
CMS,https://www.covlivingflorida.org
CMS,https://www.covlivinggoldenvalley.org
CMS,https://www.covlivinggreatlakes.org
CMS,https://www.covlivinginverness.org
CMS,https://www.covlivingkeene.org
CMS,https://www.covlivingmountmiguel.org
CMS,https://www.covlivingsamarkand.org
CMS,https://www.covlivingshores.org
CMS,https://www.covlivingturlock.org
CMS,https://www.covlivingwindsorpark.org
CMS,https://www.cowlitzfamilyhealth.org
CMS,https://www.cozadclinic.com
CMS,https://www.cpacs.org
CMS,https://www.cpacscosmo.org
CMS,https://www.cphd2.org
CMS,https://www.cpnassau.org
CMS,https://www.cpnorthcountry.org
CMS,https://www.cpofnys.org
CMS,https://www.cprf.org
CMS,https://www.cprochester.org
CMS,https://www.cptrehab.com
CMS,https://www.cptrehab.net
CMS,https://www.craigheadnursingcenter.org
CMS,https://www.cramarmeadows.com
CMS,https://www.crandallmedicalcenter.com
CMS,https://www.crawfordmh.org
CMS,https://www.crcdd.org
CMS,https://www.crchc.org
CMS,https://www.creeksidegrundy.com
CMS,https://www.creeksidehospitalal.com
CMS,https://www.creeksidehrc.com
CMS,https://www.creekvalleyhc.com
CMS,https://www.crescentcare.org
CMS,https://www.crescentlife.com
CMS,https://www.crescentregionalhospital.com
CMS,https://www.crestmanorliving.com
CMS,https://www.crestparkstuttgart.com
CMS,https://www.crestvcc.com
CMS,https://www.crestviewrehabilitation.com
CMS,https://www.crestwoodnursinghome.com
CMS,https://www.crhaok.com
CMS,https://www.crhclinic.net
CMS,https://www.crhealth.org
CMS,https://www.crhpc.org
CMS,https://www.criinc.org
CMS,https://www.crmcks.com
CMS,https://www.crmscommunities.com
CMS,https://www.croasdailevillage.org
CMS,https://www.crosbytoncare.com
CMS,https://www.crosscityrehab.com
CMS,https://www.crosscreekhospital.com
CMS,https://www.crossinghealthcare.org
CMS,https://www.crosskeysvillage.org
CMS,https://www.crossroadhc.org
CMS,https://www.crossroadsri.org
CMS,https://www.crosstimbersnursing.com
CMS,https://www.crousecommunity.com
CMS,https://www.crowellhome.com
CMS,https://www.crowleynursingandrehabilitation.com
CMS,https://www.crowleyprimarycare.com
CMS,https://www.crowleyridgecare.com
CMS,https://www.crown-pointe.net
CMS,https://www.crownheightscenterrehab.com
CMS,https://www.crownrehab.com
CMS,https://www.crowtherapies.com
CMS,https://www.crsi-oh.com
CMS,https://www.crusaderhealth.org
CMS,https://www.crystalbluffs.com
CMS,https://www.crystalcarecenters.com
CMS,https://www.crystalclinic.com
CMS,https://www.crystaloaks.org
CMS,https://www.csbroadview.org
CMS,https://www.cscla.org
CMS,https://www.cscoregon.org
CMS,https://www.csd28j.org
CMS,https://www.cskthealth.org
CMS,https://www.csmsportsmedicine.com
CMS,https://www.csmterrace.com
CMS,https://www.cspsp.org
CMS,https://www.cssbh.org
CMS,https://www.cssohio.org
CMS,https://www.ctaddictionservices.com
CMS,https://www.ctbaptisthomes.org
CMS,https://www.cthealthcenters.org
CMS,https://www.ctherapies.com
CMS,https://www.cthp.org
CMS,https://www.ctkmanor.org
CMS,https://www.ctpca.org
CMS,https://www.cubamanor.com
CMS,https://www.culpeperretirement.org
CMS,https://www.cumberland-pediatrics.com
CMS,https://www.cumberland-pointe.net
CMS,https://www.cumberlanddoc.com
CMS,https://www.cumberlandfamilymedical.com
CMS,https://www.cumberlandnursing.com
CMS,https://www.cumedicine.us
CMS,https://www.cumminghealthandrehab.com
CMS,https://www.cupertinohc.com
CMS,https://www.curative.org
CMS,https://www.currentrivernursing.com
CMS,https://www.custercareandrehabcenter.com
CMS,https://www.cuttengreen.org
CMS,https://www.cvcphc.net
CMS,https://www.cvhnc.org
CMS,https://www.cvhsinc.org
CMS,https://www.cvph.org
CMS,https://www.cwcrecovery.com
CMS,https://www.cwvillage.org
CMS,https://www.cwwilliams.org
CMS,https://www.cypressglen.org
CMS,https://www.cypresspointnursingandrehab.com
CMS,https://www.cypresswoodshc.com
CMS,https://www.dadefamily.com
CMS,https://www.dadevillehealthcare.net
CMS,https://www.dahlclinic.org
CMS,https://www.dahlmemorial.org
CMS,https://www.daleviewcarecenter.com
CMS,https://www.dallasfamilycare.com
CMS,https://www.dallasretirementvillage.com
CMS,https://www.damar.org
CMS,https://www.damian.org
CMS,https://www.damianfcc.org
CMS,https://www.danbury-ct.gov
CMS,https://www.danecountyhumanservices.org
CMS,https://www.danielkids.org
CMS,https://www.danvillehealthandrehab.com
CMS,https://www.daphealth.org
CMS,https://www.darby-glenn.net
CMS,https://www.dartmouth-health.org
CMS,https://www.daughtersofisrael.org
CMS,https://www.daughtersofmiriamcenter.org
CMS,https://www.daughtersofsarah.org
CMS,https://www.davidplace.com
CMS,https://www.davidraineschc.org
CMS,https://www.davita.com
CMS,https://www.dawsonhealth.org
CMS,https://www.dawsonplace.org
CMS,https://www.dcfno.org
CMS,https://www.dchcquality.org
CMS,https://www.dchd.org
CMS,https://www.dcids.org
CMS,https://www.dciinc.org
CMS,https://www.dclkidneycare.org
CMS,https://www.dcptonline.com
CMS,https://www.dcsfamilyclinic.com
CMS,https://www.dcyouth.org
CMS,https://www.ddiny.org
CMS,https://www.deanwoodrwc.com
CMS,https://www.debacaclinic.com
CMS,https://www.decaturctr.com
CMS,https://www.deerbrook-humble.com
CMS,https://www.defuniakspringsfl.com
CMS,https://www.dekalbtennessee.com
CMS,https://www.delamogardens.com
CMS,https://www.delawarekidney.com
CMS,https://www.delhavenmanor.net
CMS,https://www.dellsnursingrehab.com
CMS,https://www.delmargardens.com
CMS,https://www.delriocenter.com
CMS,https://www.deltacollege.edu
CMS,https://www.deltahealthcenter.org
CMS,https://www.deltamanorcare.com
CMS,https://www.deltamedicalfoundation.org
CMS,https://www.deltasouthcare.com
CMS,https://www.delunahealthrehab.com
CMS,https://www.dentalclinicdirectory.com
CMS,https://www.dentalclinicofmarshfield.com
CMS,https://www.dentalclinics.org
CMS,https://www.dentalinfos.com
CMS,https://www.dentonrehab.com
CMS,https://www.denverchildrenshome.org
CMS,https://www.depaularkansas.org
CMS,https://www.depaulcommunityhealthcenters.org
CMS,https://www.derbyhealthandrehab.com
CMS,https://www.derryrnc.com
CMS,https://www.deruytercentral.org
CMS,https://www.desarcrehab.com
CMS,https://www.desertcitiesdialysis.com
CMS,https://www.deserthighlandscc.com
CMS,https://www.desertspringshc.com
CMS,https://www.desotofamilypractice.com
CMS,https://www.destinyspringshealthcare.com
CMS,https://www.detoxrehabs.net
CMS,https://www.developmenthomes.org
CMS,https://www.devenmedicalcenter.com
CMS,https://www.devereux.org
CMS,https://www.devereuxnh.com
CMS,https://www.dewittdragons.net
CMS,https://www.dewv.edu
CMS,https://www.dfdrussell.org
CMS,https://www.dgeneral-usa.com
CMS,https://www.dhccaz.com
CMS,https://www.dhcfa.org
CMS,https://www.dhcgrp.com
CMS,https://www.dhfo.org
CMS,https://www.dhrhealth.com
CMS,https://www.dhs.wisconsin.gov
CMS,https://www.diakon.org
CMS,https://www.dialysiscompton.com
CMS,https://www.dialysisfinder.com
CMS,https://www.dialysisflorence.com
CMS,https://www.dialyzedirect.com
CMS,https://www.diamondcarecenter.com
CMS,https://www.digirad.com
CMS,https://www.dihfs.org
CMS,https://www.dinotherapy.com
CMS,https://www.dinubahealth.com
CMS,https://www.discoverosborne.com
CMS,https://www.discoveryvillages.com
CMS,https://www.distinguishedhealthcareinc.com
CMS,https://www.divakerpediatrics.com
CMS,https://www.divinefamilycare.com
CMS,https://www.divinehouse.org
CMS,https://www.dixonnursing.com
CMS,https://www.dlrgroup.com
CMS,https://www.dnatestingcenters.com
CMS,https://www.dnaz.org
CMS,https://www.dnb.com
CMS,https://www.dncr.nc.gov
CMS,https://www.dneph.com
CMS,https://www.dogwoodvillageocva.org
CMS,https://www.dompt.com
CMS,https://www.donaldwarrendds.com
CMS,https://www.donoralliance.org
CMS,https://www.donorconnect.life
CMS,https://www.donornetworkwest.org
CMS,https://www.donorschoose.org
CMS,https://www.door.org
CMS,https://www.douglasmanor.net
CMS,https://www.dovehealthcare.com
CMS,https://www.downersgrovehc.com
CMS,https://www.downhomeranch.org
CMS,https://www.dowrummel.com
CMS,https://www.dpcs.org
CMS,https://www.dpfclinic.net
CMS,https://www.dphealth.org
CMS,https://www.dphhs.mt.gov
CMS,https://www.dpscs.state.md.us
CMS,https://www.dradxray.com
CMS,https://www.drditraglia.com
CMS,https://www.drewcentral.org
CMS,https://www.driftwoodhc.com
CMS,https://www.drugrehabelizabethtown.com
CMS,https://www.drumrighthospital.net
CMS,https://www.drumrightnursinghome.com
CMS,https://www.dscommunity.com
CMS,https://www.dsh.ca.gov
CMS,https://www.dsinm.com
CMS,https://www.dsiservices.org
CMS,https://www.dublin-georgia.com
CMS,https://www.dublinnephrologycare.com
CMS,https://www.dubuquecountyiowa.gov
CMS,https://www.duffyhealthcenter.org
CMS,https://www.dumolinhomes.com
CMS,https://www.dunelandnephrology.com
CMS,https://www.dungarvin.com
CMS,https://www.dunwoody.org
CMS,https://www.dupagecounty.gov
CMS,https://www.dupremedicalclinic.com
CMS,https://www.durhamnursingrehab.com
CMS,https://www.dusonhealth.com
CMS,https://www.dva.wa.gov
CMS,https://www.dvs.virginia.gov
CMS,https://www.dwightalliance.org
CMS,https://www.dwmmedicalcenter.com
CMS,https://www.dyerhc.com
CMS,https://www.dyersburg-health.com
CMS,https://www.dynamicmobileimaging.com
CMS,https://www.dynamicptsite.com
CMS,https://www.dyouville.org
CMS,https://www.each.org
CMS,https://www.eadventist.net
CMS,https://www.eafhc.org
CMS,https://www.eaglecrestnursingandrehab.com
CMS,https://www.eaglehealthrehabilitation.org
CMS,https://www.eaglepasspediatrics.com
CMS,https://www.eaglepointerehab.com
CMS,https://www.eaglerockhealthandrehab.com
CMS,https://www.eagletherapy.org
CMS,https://www.eagleviewhealth.org
CMS,https://www.earh.org
CMS,https://www.earlymc.com
CMS,https://www.eastcastleplace.com
CMS,https://www.eastcobbnursing.com
CMS,https://www.easterncarolinapeds.com
CMS,https://www.easternnewmexicomedicalgroup.com
CMS,https://www.easternrehabservices.com
CMS,https://www.easterseals.com
CMS,https://www.eastersealscrossroads.org
CMS,https://www.eastersealsnei.org
CMS,https://www.eastersealsnwal.org
CMS,https://www.eastgrand.org
CMS,https://www.easthavencares.com
CMS,https://www.easthawaiihealthclinics.org
CMS,https://www.easthillmedical.com
CMS,https://www.eastmontliving.com
CMS,https://www.eastokicf.com
CMS,https://www.eastonnursingandrehab.com
CMS,https://www.eastport-me.gov
CMS,https://www.eastporthealth.org
CMS,https://www.eastridgeatcutlerbay.com
CMS,https://www.eastsidenursing.com
CMS,https://www.easttennesseebehavioralhealth.com
CMS,https://www.easttexascc.org
CMS,https://www.easttexastreatmentcenter.org
CMS,https://www.eastview-health.com
CMS,https://www.eastwoodmanorllc.com
CMS,https://www.easyretirementliving.com
CMS,https://www.eatontonhealth.org
CMS,https://www.ebcap.org
CMS,https://www.EBCAP.org
CMS,https://www.ebci.gov
CMS,https://www.ebenezercares.org
CMS,https://www.ebenezerridges.org
CMS,https://www.ebhsatx.com
CMS,https://www.ecchc.org
CMS,https://www.echochc.org
CMS,https://www.echoinghillsvillage.org
CMS,https://www.ecmhci.com
CMS,https://www.ecphospital.com
CMS,https://www.ecumen.org
CMS,https://www.ecumendetroitlakes.org
CMS,https://www.ecumenlakeshore.org
CMS,https://www.ecumennorthbranch.org
CMS,https://www.ecumenpathstoneliving.org
CMS,https://www.edenbrookappleton.com
CMS,https://www.edenbrookedina.com
CMS,https://www.edenbrookfonddulac.com
CMS,https://www.edenbrookgreenbay.com
CMS,https://www.edenbrooklakeside.com
CMS,https://www.edenbrookoshkosh.com
CMS,https://www.edenbrookplatteville.com
CMS,https://www.edenbrookrochester.com
CMS,https://www.edenbrookrochesterwest.com
CMS,https://www.edenbrookstcloud.com
CMS,https://www.edenbrookwisrapids.com
CMS,https://www.edenhill.org
CMS,https://www.edenvalleycare.com
CMS,https://www.edenvillage.org
CMS,https://www.edenvistabr.com
CMS,https://www.edenvistaph.com
CMS,https://www.edenwald.org
CMS,https://www.edgehillcommunity.com
CMS,https://www.edgehillnursing.org
CMS,https://www.edgewoodcentre.com
CMS,https://www.edgewoodconvalescenthome.com
CMS,https://www.edgewoodestates.org
CMS,https://www.edgewoodmanor.care
CMS,https://www.edgewoodmanorofgreenfield.com
CMS,https://www.edgewoodmanoroflucasville.com
CMS,https://www.edgewoodmanorofwellston.com
CMS,https://www.edisonchristian.org
CMS,https://www.edmondhcc.com
CMS,https://www.educareschools.org
CMS,https://www.edwards.af.mil
CMS,https://www.eehc.org
CMS,https://www.effinghamobgyn.com
CMS,https://www.eglenursing.com
CMS,https://www.ehc24.com
CMS,https://www.ehhc.care
CMS,https://www.ehsny.org
CMS,https://www.eladc.net
CMS,https://www.elcentrodecorazon.org
CMS,https://www.elderberryhealthcare.com
CMS,https://www.eldercrestrhc.com
CMS,https://www.elderjusticeny.org
CMS,https://www.elderlifefinancial.com
CMS,https://www.elderwerks.org
CMS,https://www.elderwood.com
CMS,https://www.eldonnursingrehab.com
CMS,https://www.eldoradoclinic.com
CMS,https://www.eldoradoimaging.com
CMS,https://www.elevatehealthcenter.org
CMS,https://www.elevationrehab.com
CMS,https://www.elicahealth.org
CMS,https://www.elikhomedialysis.com
CMS,https://www.elimpark.org
CMS,https://www.elimwellspring.org
CMS,https://www.elizabethfamilyclinic.com
CMS,https://www.elizabethscott.org
CMS,https://www.elizabethseton.org
CMS,https://www.elizabethtownhcc.com
CMS,https://www.elizabethtownnursingandrehab.com
CMS,https://www.elkadercarecenter.com
CMS,https://www.elkcrossingnursingrehab.com
CMS,https://www.elkhartoakscenter.com
CMS,https://www.elkhavennursinghome.com
CMS,https://www.elkhornvalleyfamilymedicine.com
CMS,https://www.elkridgehrc.com
CMS,https://www.elkriverhrofardmore.com
CMS,https://www.elkriverhroffayetteville.com
CMS,https://www.elkriverhrofwinchester.com
CMS,https://www.elliottnr.com
CMS,https://www.ellispt.com
CMS,https://www.elmhurstcare.com
CMS,https://www.elmhurstextendedcarecenter.com
CMS,https://www.elmsrhc.com
CMS,https://www.elmterrace.org
CMS,https://www.elonmanor.com
CMS,https://www.elpasopulmonary.com
CMS,https://www.elpasorehabhospital.com
CMS,https://www.elpasospeech.com
CMS,https://www.elproyecto.us
CMS,https://www.elwha.org
CMS,https://www.elwoodcarecenter.com
CMS,https://www.elwyn.org
CMS,https://www.emanueltherapycenter.com
CMS,https://www.embassymanor.com
CMS,https://www.embassyrcc.com
CMS,https://www.emerald-pointe.net
CMS,https://www.emeraldbrookside.com
CMS,https://www.emeraldhcc.com
CMS,https://www.emeraldlegacypointe.com
CMS,https://www.emeraldsouthwest.com
CMS,https://www.emeraldtrace.org
CMS,https://www.empower-wny.org
CMS,https://www.empowering-people.net
CMS,https://www.empoweringabilities.org
CMS,https://www.empres.com
CMS,https://www.empresscare.com
CMS,https://www.encompasshealth.com
CMS,https://www.encoreatmalvern.com
CMS,https://www.encoremedicalspa.com
CMS,https://www.endeavorhealth.org
CMS,https://www.englewoodhealthandrehab.com
CMS,https://www.englishvalleycarecenter.com
CMS,https://www.englishvillageok.com
CMS,https://www.enkihealth.org
CMS,https://www.enniscarecenter.com
CMS,https://www.enniscourt.com
CMS,https://www.envisiongreaterfdl.com
CMS,https://www.envisionus.com
CMS,https://www.eofhc.org
CMS,https://www.eohospital.com
CMS,https://www.eomhealthcaregroup.com
CMS,https://www.epilepsy-ohio.org
CMS,https://www.episcopalassetmap.org
CMS,https://www.episcopalretirement.com
CMS,https://www.episd.org
CMS,https://www.epltachospital.com
CMS,https://www.ercc.biz
CMS,https://www.ericksonseniorliving.com
CMS,https://www.eriecommunityfoundation.org
CMS,https://www.eriecounty.oh.gov
CMS,https://www.eriefamilyhealth.org
CMS,https://www.eriehandcenter.com
CMS,https://www.erparc.com
CMS,https://www.erwinhealthcare.net
CMS,https://www.escambiaschools.org
CMS,https://www.eskaton.org
CMS,https://www.esperanzachicago.org
CMS,https://www.esperanzahealth.org
CMS,https://www.esrh.org
CMS,https://www.esswichita.org
CMS,https://www.estatesofhiddenlake.com
CMS,https://www.estellinesd.com
CMS,https://www.esthervilleltc.com
CMS,https://www.etchc.com
CMS,https://www.etsuhealth.org
CMS,https://www.etwhcc.com
CMS,https://www.euchc.org
CMS,https://www.eufaulamanornursingcenter.com
CMS,https://www.eunicemanor.com
CMS,https://www.eurekarehabwc.com
CMS,https://www.evansmemorialhome.com
CMS,https://www.evansvillemanor.com
CMS,https://www.evch.net
CMS,https://www.evchc.org
CMS,https://www.eventidehome.com
CMS,https://www.everettcenter.com
CMS,https://www.evergreenccs.org
CMS,https://www.evergreenfamilymedicine.com
CMS,https://www.evergreenhrc.org
CMS,https://www.evergreenhs.org
CMS,https://www.evergreenrehabga.com
CMS,https://www.evexias.com
CMS,https://www.evhmc.com
CMS,https://www.evmc.org
CMS,https://www.evolution.rehab
CMS,https://www.exalthealth.com
CMS,https://www.excelcarecenter.com
CMS,https://www.excelcaredover.com
CMS,https://www.excelcareeh.com
CMS,https://www.excelcaremanalapan.com
CMS,https://www.excelcarepines.com
CMS,https://www.excelcarewayne.com
CMS,https://www.excelhm.com
CMS,https://www.excelpeds.com
CMS,https://www.excelth.com
CMS,https://www.exodusbhcnf.com
CMS,https://www.expresscareofleesburg.com
CMS,https://www.expressmobilediagnostic.com
CMS,https://www.extendedcarefs.com
CMS,https://www.extendedcarehs.com
CMS,https://www.extendicarehealth.com
CMS,https://www.ezramedical.org
CMS,https://www.facebook.com
CMS,https://www.faihp.org
CMS,https://www.fairacres.org
CMS,https://www.fairfaxbehavioralhealthltc.com
CMS,https://www.fairfieldhealth.org
CMS,https://www.fairfieldmedical.org
CMS,https://www.fairfieldsfuture.org
CMS,https://www.fairhaven.cc
CMS,https://www.fairhavenhome.com
CMS,https://www.fairingway.org
CMS,https://www.fairlawnarchbold.com
CMS,https://www.fairmeadowfertile.org
CMS,https://www.fairmontfamilydental.com
CMS,https://www.fairmontok.com
CMS,https://www.fairoakslodge.org
CMS,https://www.fairviewcommunityhealth.org
CMS,https://www.fairviewhaven.org
CMS,https://www.fairviewmanor.net
CMS,https://www.fairviewrehab.com
CMS,https://www.fairwayview.us
CMS,https://www.faithlutheranhomeosage.com
CMS,https://www.falconridgerehabsuites.com
CMS,https://www.falconslanding.org
CMS,https://www.fallscitycc.com
CMS,https://www.familycareassociates.com
CMS,https://www.familycareclinicofripley.net
CMS,https://www.familycaremedicalclinictupelo.com
CMS,https://www.familycarenetwork.com
CMS,https://www.familycarepanhandle.com
CMS,https://www.familycarewalkinclinic.com
CMS,https://www.familycarewv.org
CMS,https://www.familycenters.org
CMS,https://www.familyclinicatthelake.com
CMS,https://www.familyfirsthealth.org
CMS,https://www.familyhconline.com
CMS,https://www.familyhealthcare.org
CMS,https://www.familyhealthcarebovina.com
CMS,https://www.familyhealthcareofloranger.com
CMS,https://www.familyhealthnetwork.org
CMS,https://www.familyhealthrehab.com
CMS,https://www.familyhs.org
CMS,https://www.familymedicalcenters.org
CMS,https://www.familymedicinerigby.com
CMS,https://www.familyres.org
CMS,https://www.fareserehab.com
CMS,https://www.fargoelim.org
CMS,https://www.fargohcc.com
CMS,https://www.farh.org
CMS,https://www.farmersvillehr.com
CMS,https://www.farmingtonsportsandrehab.com
CMS,https://www.fastradllc.com
CMS,https://www.fau.edu
CMS,https://www.faulktonsd.com
CMS,https://www.fayettevillenursing.com
CMS,https://www.fcaknox.org
CMS,https://www.fcch.com
CMS,https://www.fcch.net
CMS,https://www.fcctaylorsville.com
CMS,https://www.fchc.org
CMS,https://www.fchcinc.org
CMS,https://www.fcpotawatomi.com
CMS,https://www.fcrhc.com
CMS,https://www.fellowship-village.org
CMS,https://www.fellowshipcommunity.com
CMS,https://www.feltztherapy.com
CMS,https://www.fentonmedical.com
CMS,https://www.fergusonmedical.com
CMS,https://www.ferncrest.com
CMS,https://www.festusmanor.org
CMS,https://www.fhc.us
CMS,https://www.fhcawv.com
CMS,https://www.fhcboise.com
CMS,https://www.fhcenters.org
CMS,https://www.fhclouisville.org
CMS,https://www.fhcn.org
CMS,https://www.fhcofcamden.com
CMS,https://www.fhcsd.org
CMS,https://www.fhcso.org
CMS,https://www.fidalgoislandhealthcenter.com
CMS,https://www.fidelityhcc.com
CMS,https://www.fidelityhomedialysis.com
CMS,https://www.fieldstonlodge.com
CMS,https://www.fillinghome.org
CMS,https://www.finddialysiscenters.com
CMS,https://www.findhelp.org
CMS,https://www.firesidecare.com
CMS,https://www.firlanecare.com
CMS,https://www.firstchc.org
CMS,https://www.firstchoicebyrdstown.com
CMS,https://www.firstchoicechc.org
CMS,https://www.firstchoiceprimarycare.org
CMS,https://www.firstcoastobgyn.com
CMS,https://www.firstpersoncc.org
CMS,https://www.fishnwct.org
CMS,https://www.fiveoaksrehab.com
CMS,https://www.fiverivershealthcenters.org
CMS,https://www.fivestarseniorliving.com
CMS,https://www.fl-mentor.com
CMS,https://www.flanneryoaksguesthouse.com
CMS,https://www.flatrockhomes.org
CMS,https://www.flatrockriverlodge.com
CMS,https://www.fleetlanding.com
CMS,https://www.flemingcountyhospital.com
CMS,https://www.fleshers.net
CMS,https://www.flomatonmedical.com
CMS,https://www.florencenursingandrehab.com
CMS,https://www.florenceparkcarecenter.com
CMS,https://www.florentine-gardens.net
CMS,https://www.floridaarf.org
CMS,https://www.floridamedicalclinic.com
CMS,https://www.floridaorthosurgeons.com
CMS,https://www.floridapalmsacademy.com
CMS,https://www.floridean.com
CMS,https://www.fmcaz.com
CMS,https://www.fmchastings.com
CMS,https://www.fmcjackson.com
CMS,https://www.fmcod.com
CMS,https://www.fmconawa.com
CMS,https://www.fmcsinc.org
CMS,https://www.fmwic.com
CMS,https://www.fnch.org
CMS,https://www.focusonfunction.com
CMS,https://www.focusoutreach.org
CMS,https://www.foothillregionalmedicalcenter.com
CMS,https://www.fordsvillenursing.com
CMS,https://www.forefamilypractice.com
CMS,https://www.forestfamilyclinic.com
CMS,https://www.foresthavennursingandrehab.com
CMS,https://www.foresthavennursingcenter.com
CMS,https://www.foresthillsrhc.com
CMS,https://www.forestmanorcovington.com
CMS,https://www.forestparkhcc.com
CMS,https://www.forestst.org
CMS,https://www.forrestcountyahs.com
CMS,https://www.forsythnursing.com
CMS,https://www.forthudson.com
CMS,https://www.fortmojaveindiantribe.com
CMS,https://www.fortpaynepeds.com
CMS,https://www.forttryonrehab.com
CMS,https://www.fortunafamilymedicineinc.com
CMS,https://www.fortunarehabwc.com
CMS,https://www.fortvalleyhealthandrehab.com
CMS,https://www.fortwaltonrehab.com
CMS,https://www.forumparkwayhealthandrehab.com
CMS,https://www.fosscare.org
CMS,https://www.fosston.com
CMS,https://www.fosterhealthandrehab.com
CMS,https://www.foundationshealth.net
CMS,https://www.fountainbleaulodge.com
CMS,https://www.fountainbleaunursing.com
CMS,https://www.fountaincirclecare.com
CMS,https://www.fountainmanorhealth.com
CMS,https://www.fountainspringscapemay.com
CMS,https://www.fourcountyhealth.org
CMS,https://www.fouroaksctr.com
CMS,https://www.fourseasonshcc.com
CMS,https://www.fourseasonsretirement.com
CMS,https://www.fowlerresidentialcare.net
CMS,https://www.foxchapelpt.com
CMS,https://www.foxchasehcr.com
CMS,https://www.foxchasewc.com
CMS,https://www.foxdalevillage.org
CMS,https://www.foxsubacute.com
CMS,https://www.foxvalleydialysis.com
CMS,https://www.fpcn.com
CMS,https://www.fpgi.org
CMS,https://www.francesville.net
CMS,https://www.franciscanvilla.com
CMS,https://www.frankeatseaside.org
CMS,https://www.franklincoc.org
CMS,https://www.franklincoheartcenter.org
CMS,https://www.franklinctrhc.com
CMS,https://www.franklinnh.net
CMS,https://www.franklinsimpsonrehab.com
CMS,https://www.fraser.org
CMS,https://www.frasiermeadows.org
CMS,https://www.frazeecarecenter.com
CMS,https://www.fredericksburgnephrology.com
CMS,https://www.frederickvillahcr.com
CMS,https://www.freeburgcarecenter.com
CMS,https://www.freeclinics.com
CMS,https://www.freedental.org
CMS,https://www.freedom-dialysis.com
CMS,https://www.freerehabcenters.net
CMS,https://www.freerehabcenters.org
CMS,https://www.french-creek.net
CMS,https://www.freseniuskidneycare.com
CMS,https://www.freshriverhealthcare.com
CMS,https://www.fresnopace.org
CMS,https://www.friendlyseniorliving.org
CMS,https://www.friendlyvillagerehab.com
CMS,https://www.friendship.us
CMS,https://www.friendshiphaven.org
CMS,https://www.friendshiphc.com
CMS,https://www.friendshipmanor.org
CMS,https://www.friendshipvillageaz.com
CMS,https://www.friendshipvillageiowa.com
CMS,https://www.friendshipvillagemn.com
CMS,https://www.friendshipvillagepa.com
CMS,https://www.friendshomes.org
CMS,https://www.fronterahcn.org
CMS,https://www.frontiertherapy.com
CMS,https://www.fryecarephysicians.com
CMS,https://www.fsdialysis.com
CMS,https://www.fswellness.com
CMS,https://www.ftlauderdalehrc.com
CMS,https://www.fullcircleidaho.org
CMS,https://www.fultoncenternursing.com
CMS,https://www.fultonnursing.com
CMS,https://www.fundacionhospitalpediatrico.org
CMS,https://www.futurecare.com
CMS,https://www.fvdublin.org
CMS,https://www.fvpt.com
CMS,https://www.fyzical.com
CMS,https://www.gacfhc.org
CMS,https://www.gadsdenhealthcare.com
CMS,https://www.galeonmn.com
CMS,https://www.gallatinmanor.com
CMS,https://www.gallatinmt.gov
CMS,https://www.gallientherapy.com
CMS,https://www.garciamedicaldfs.com
CMS,https://www.gardenaconvalescentcenter.com
CMS,https://www.gardencenterservices.org
CMS,https://www.gardencountyhealth.org
CMS,https://www.gardenparknursingandrehab.com
CMS,https://www.gardenspotvillage.org
CMS,https://www.gardenviewcares.com
CMS,https://www.gardnerrehab.com
CMS,https://www.garfieldhealthcenter.org
CMS,https://www.garnavilloia.com
CMS,https://www.garrardchamber.org
CMS,https://www.garrisonmh.com
CMS,https://www.garveymanor.org
CMS,https://www.gasconademanor.org
CMS,https://www.gastongov.com
CMS,https://www.gatesway.org
CMS,https://www.gatewaybh.com
CMS,https://www.gbvillage.com
CMS,https://www.gcbhs.com
CMS,https://www.gccfairfield.com
CMS,https://www.gccsouthgate.com
CMS,https://www.gcrexcel.com
CMS,https://www.gcsd.ms
CMS,https://www.geaugadd.org
CMS,https://www.gecbklyn.org
CMS,https://www.geercares.org
CMS,https://www.geisingerbehavioral.com
CMS,https://www.gemmaservices.org
CMS,https://www.generationsgaither.com
CMS,https://www.geneseecountymi.gov
CMS,https://www.genesisfamilyhealth.org
CMS,https://www.genesishcc.com
CMS,https://www.genesisprimecare.org
CMS,https://www.genesisptgroup.com
CMS,https://www.genevachamber.org
CMS,https://www.genevarehabnursing.com
CMS,https://www.gentlebrook.org
CMS,https://www.germancentre.org
CMS,https://www.getcare.ssmhealth.com
CMS,https://www.getluna.com
CMS,https://www.getpowerback.com
CMS,https://www.gfho.org
CMS,https://www.ghcarecenter.com
CMS,https://www.ghms-inc.org
CMS,https://www.gibault.org
CMS,https://www.gibsonhealthandrehab.com
CMS,https://www.giftoflife.org
CMS,https://www.gilahealth.com
CMS,https://www.gilbertresidence.com
CMS,https://www.gillespiehrc.com
CMS,https://www.gilpinhall.org
CMS,https://www.gingercove.com
CMS,https://www.girdwoodhealthclinic.org
CMS,https://www.glacierchc.org
CMS,https://www.gladeswestrehab.com
CMS,https://www.gladeviewcares.com
CMS,https://www.gladstone.k12.or.us
CMS,https://www.gladstonecare.com
CMS,https://www.glasgowgardens.com
CMS,https://www.glasgowpeds.com
CMS,https://www.glen-meadows.net
CMS,https://www.glenburn.com
CMS,https://www.glencroft.com
CMS,https://www.glendale-medical.com
CMS,https://www.glendalenursingrehab.com
CMS,https://www.glendalepac.com
CMS,https://www.glenhavencorp.com
CMS,https://www.glenhavenhealthcare.com
CMS,https://www.glenhaveninc.com
CMS,https://www.glenmontcsn.com
CMS,https://www.glenoaksslc.com
CMS,https://www.glensfalls.com
CMS,https://www.glenviewterrace.com
CMS,https://www.glenwoodbehavioral.com
CMS,https://www.glenwoodcare.com
CMS,https://www.glenwoodhealthcarecenter.com
CMS,https://www.glenwoodspringshealth.care
CMS,https://www.glenwoodterrace.com
CMS,https://www.glide.org
CMS,https://www.glo.texas.gov
CMS,https://www.global-dp.com
CMS,https://www.gmhcinc.org
CMS,https://www.gnhc.org
CMS,https://www.gogebicmedicalcare.com
CMS,https://www.goldenageds.com
CMS,https://www.goldenagelivingcenter.com
CMS,https://www.goldenagemanor.com
CMS,https://www.goldengaterehab.com
CMS,https://www.goldenhealthcorp.com
CMS,https://www.goldenview.org
CMS,https://www.goldenyears-care.net
CMS,https://www.goldenyearshc.com
CMS,https://www.goldenyearswi.com
CMS,https://www.goldwatercare.com
CMS,https://www.good-sam.com
CMS,https://www.goodsamaritanlv.com
CMS,https://www.goodsamhwc.org
CMS,https://www.goodshep-rushford.org
CMS,https://www.goodshepherdblair.com
CMS,https://www.goodshepherdcommunities.org
CMS,https://www.goodshepherdhcc.com
CMS,https://www.goodshepherdnr.com
CMS,https://www.goodshepherdservices.org
CMS,https://www.goodshepherdvillage.org
CMS,https://www.goodwaterhealthcare.com
CMS,https://www.gordonhealth.org
CMS,https://www.govcb.com
CMS,https://www.govrehabs.us
CMS,https://www.gowrieltc.com
CMS,https://www.gpwhealthcenter.org
CMS,https://www.gracebarkerhealth.com
CMS,https://www.gracehealthmi.org
CMS,https://www.gracehomeinc.com
CMS,https://www.graceinspiredliving.org
CMS,https://www.graceluthfound.com
CMS,https://www.gracemed.org
CMS,https://www.graceok.com
CMS,https://www.gracepediatrics.net
CMS,https://www.gracerehab.com
CMS,https://www.grafton.org
CMS,https://www.granadapostacute.com
CMS,https://www.granbyhouse.net
CMS,https://www.grandcovecenter.com
CMS,https://www.grandellrehab.com
CMS,https://www.grandjivante.com
CMS,https://www.grandmanor.org
CMS,https://www.grandportageband.com
CMS,https://www.grandriverhealthcare.com
CMS,https://www.grandrivermedicalgroup.com
CMS,https://www.grandviewhealthcare.com
CMS,https://www.grandviewhome.org
CMS,https://www.grandviewrehab.com
CMS,https://www.grandvillagemn.org
CMS,https://www.grangernursinghomeandrehab.com
CMS,https://www.granitehillshc.com
CMS,https://www.grantcountyschools.org
CMS,https://www.grantprimarycare.com
CMS,https://www.grantrehabilitationcarecenter.com
CMS,https://www.grassvalleychamber.com
CMS,https://www.graybill.org
CMS,https://www.greaterportlandhealth.org
CMS,https://www.greatlakesdialysis-west.com
CMS,https://www.greatlivin.com
CMS,https://www.greatrivercare.com
CMS,https://www.greatschools.org
CMS,https://www.greekamericancare.org
CMS,https://www.greenacreshealth.org
CMS,https://www.greenacresnursingandrehab.com
CMS,https://www.greenbriarnc.com
CMS,https://www.greenbriarrnc.com
CMS,https://www.greencroft.org
CMS,https://www.greenecountyhospital.com
CMS,https://www.greenek12.org
CMS,https://www.greenepointhealth.org
CMS,https://www.greenerycenter.com
CMS,https://www.greenfieldsgeneva.org
CMS,https://www.greenfieldsnf.com
CMS,https://www.greenhillscommunity.org
CMS,https://www.greenhurst.net
CMS,https://www.greenmeadowshc.com
CMS,https://www.greenoaksnursingandrehabilitation.com
CMS,https://www.greensboronursinghome.org
CMS,https://www.greensvillehealth.com
CMS,https://www.greentree-manor.net
CMS,https://www.greenviewhc.com
CMS,https://www.greenvillealchamber.com
CMS,https://www.greenvillenr.com
CMS,https://www.greenwayspringgreen.com
CMS,https://www.greenwoodconnections.com
CMS,https://www.greenwoodhouse.org
CMS,https://www.greenwoodnursinghome.com
CMS,https://www.grenadalivingcenter.com
CMS,https://www.greystonenursingandrehab.com
CMS,https://www.gridleypostacute.com
CMS,https://www.griffinchamber.com
CMS,https://www.grmedicalcenter.org
CMS,https://www.grossmonthealthcare.org
CMS,https://www.grotonhealth.org
CMS,https://www.groundworksnm.org
CMS,https://www.grouphomesonline.com
CMS,https://www.groveelmhurst.com
CMS,https://www.grovefoxvalley.com
CMS,https://www.grovelagrangepark.com
CMS,https://www.grovemanornursing.com
CMS,https://www.groveofnorthbrook.com
CMS,https://www.grovestcharles.com
CMS,https://www.grth.org
CMS,https://www.grvillage.org
CMS,https://www.gshhealthcenterwasco.com
CMS,https://www.gsphealth.org
CMS,https://www.gtbindians.org
CMS,https://www.gtpavilions.org
CMS,https://www.guardianangelsmn.org
CMS,https://www.guardiancarerehab.com
CMS,https://www.guardianrehab.com
CMS,https://www.guesthousewestmonroe.com
CMS,https://www.guidance-center.org
CMS,https://www.guidestar.org
CMS,https://www.guidinghands.org
CMS,https://www.guilfordcountync.gov
CMS,https://www.gulfcoasthealthandrehab.com
CMS,https://www.gulfpointe-plaza.com
CMS,https://www.gulfportcarecenter.com
CMS,https://www.gulfshorecc.com
CMS,https://www.guthriecottages.com
CMS,https://www.gvhc.org
CMS,https://www.gwdphysicianscare.com
CMS,https://www.h2health.com
CMS,https://www.habershamga.com
CMS,https://www.haciendadialysiscenter.com
CMS,https://www.haciendainc.org
CMS,https://www.haciendaoakshc.com
CMS,https://www.hackleycommunitycare.org
CMS,https://www.halecountyhospital.com
CMS,https://www.halemakua.org
CMS,https://www.halescornerscarecenter.com
CMS,https://www.hallbrooke.org
CMS,https://www.hallmark-hc.com
CMS,https://www.hallmarkpekin.com
CMS,https://www.hallmarkyouthcare.org
CMS,https://www.halocares.org
CMS,https://www.halstadlivingcenter.com
CMS,https://www.hamakua-health.org
CMS,https://www.hamdardhealth.org
CMS,https://www.hamiltonarmshc.com
CMS,https://www.hamiltonhealth.com
CMS,https://www.hamiltonhealthcenter.com
CMS,https://www.hamiltonparkrehab.com
CMS,https://www.hamiltonpointehealthandrehab.com
CMS,https://www.hamlakemn.gov
CMS,https://www.hammond.k12.in.us
CMS,https://www.hampshirehigh.com
CMS,https://www.hamptoncourtnursing.com
CMS,https://www.hamptonregionalmc.com
CMS,https://www.hancockmanor.com
CMS,https://www.hancockschools.net
CMS,https://www.handmaker.org
CMS,https://www.handsonasheville.org
CMS,https://www.hannibalmobilediagnostics.com
CMS,https://www.hanoverhospitalandclinic.com
CMS,https://www.hansenfamilyhospital.com
CMS,https://www.happinesshouse.org
CMS,https://www.haralsonnursingandrehabilitation.com
CMS,https://www.harborcarenh.org
CMS,https://www.harborchc.org
CMS,https://www.harborhealthcare.org
CMS,https://www.harborlakesnursingandrehabilitation.com
CMS,https://www.harborvalleyhr.com
CMS,https://www.harborvillage-health.com
CMS,https://www.harboursedge.com
CMS,https://www.harbourwoodcare.com
CMS,https://www.harcoboe.net
CMS,https://www.hardemanhealth.org
CMS,https://www.hardin.kyschools.us
CMS,https://www.hardinsburgnursing.com
CMS,https://www.hardycountyschools.com
CMS,https://www.harlanhrc.com
CMS,https://www.harlemcenterrehab.com
CMS,https://www.harlemunited.org
CMS,https://www.harmonycedarrapids.com
CMS,https://www.harmonycenter.org
CMS,https://www.harmonychicago.com
CMS,https://www.harmonydavenport.com
CMS,https://www.harmonydubuque.com
CMS,https://www.harmonyfamilycare.com
CMS,https://www.harmonygardenssenior.org
CMS,https://www.harmonyhealthcareli.org
CMS,https://www.harmonyhealthclinic.com
CMS,https://www.harmonyhousenursingandrehab.com
CMS,https://www.harmonyliving.com
CMS,https://www.harmonymarshalltown.com
CMS,https://www.harmonypalosheights.com
CMS,https://www.harmonyuticaridge.com
CMS,https://www.harmonywaterloo.com
CMS,https://www.harmonywestdesmoines.com
CMS,https://www.harringtonparkhealth.org
CMS,https://www.harrishealth.com
CMS,https://www.harrismedicalgroup.com
CMS,https://www.harrisonandfeldhausenpc.com
CMS,https://www.harrisondialysis.com
CMS,https://www.harrodsburghealthandrehab.com
CMS,https://www.harrogatelifecare.org
CMS,https://www.harrymeyeringcenter.org
CMS,https://www.hartcarecenter.org
CMS,https://www.hartsfieldvillage.com
CMS,https://www.hartvillecarecenter.com
CMS,https://www.hartwellhealth.org
CMS,https://www.hartwellmedical.com
CMS,https://www.harvardcreek.com
CMS,https://www.harvardresthaven.com
CMS,https://www.harvestmanorhealthcare.com
CMS,https://www.hascares.org
CMS,https://www.hasccenter.org
CMS,https://www.hathornehhc.com
CMS,https://www.hatleyhealthcare.com
CMS,https://www.hattielarlham.org
CMS,https://www.hattiesburgclinic.com
CMS,https://www.hattiesburgms.com
CMS,https://www.havasunursingcenter.com
CMS,https://www.havench.com
CMS,https://www.havenhealthaz.com
CMS,https://www.havenhomesseniorliving.org
CMS,https://www.havenofdayton.com
CMS,https://www.havenwestchester.com
CMS,https://www.havenwoodacademy.org
CMS,https://www.haverhillpavilion.com
CMS,https://www.hawaiipca.net
CMS,https://www.hawsehealth.com
CMS,https://www.hawthornehc.com
CMS,https://www.hawthornglennc.com
CMS,https://www.hawthornmed.com
CMS,https://www.haymountrehab.com
CMS,https://www.haymsalomonhome.com
CMS,https://www.hayshousellc.com
CMS,https://www.haywardhcc.com
CMS,https://www.hazardhrc.com
CMS,https://www.hazelwoodschools.org
CMS,https://www.hbrhc.com
CMS,https://www.hcafloridaphysicians.com
CMS,https://www.hcam.org
CMS,https://www.hcanj.org
CMS,https://www.hcchealth.org
CMS,https://www.hcfmed.org
CMS,https://www.hcfresno.com
CMS,https://www.hchcla.org
CMS,https://www.hchcweb.org
CMS,https://www.hchmd.org
CMS,https://www.hciradiology.com
CMS,https://www.hcmcf.org
CMS,https://www.hcset.com
CMS,https://www.hcsis.state.pa.us
CMS,https://www.hdgh-mi.org
CMS,https://www.hdsdialysis.com
CMS,https://www.health.mil
CMS,https://www.healthalliance.org
CMS,https://www.healtharray.net
CMS,https://www.healthcare-connection.org
CMS,https://www.healthcarecenteratbuckcreek.com
CMS,https://www.healthcenterclinics.org
CMS,https://www.healthconceptsltd.com
CMS,https://www.healthfirstchc.net
CMS,https://www.healthfirstfr.org
CMS,https://www.healthgrades.com
CMS,https://www.healthhelp.com
CMS,https://www.healthjobsnationwide.com
CMS,https://www.healthpoint-tx.com
CMS,https://www.healthpointchc.org
CMS,https://www.healthpro-heritage.com
CMS,https://www.healthpromed.org
CMS,https://www.healthquestgroup.com
CMS,https://www.healthreach.org
CMS,https://www.healthright360.org
CMS,https://www.healthservicesinc.org
CMS,https://www.healthsourceofohio.org
CMS,https://www.healthstarpediatricrehab.com
CMS,https://www.healthwestinc.org
CMS,https://www.healthyhorns.utexas.edu
CMS,https://www.healthylapaz.org
CMS,https://www.healthylivingfmc.com
CMS,https://www.healthynorth.org
CMS,https://www.healthysmileslansingdentist.com
CMS,https://www.heartcityhealth.org
CMS,https://www.hearthstone-care.net
CMS,https://www.hearthstone.org
CMS,https://www.hearthstonehouses.com
CMS,https://www.heartlandcare.net
CMS,https://www.heartlandhealthcenter.org
CMS,https://www.heartlandlr.com
CMS,https://www.heartlandmiamidialysis.com
CMS,https://www.heartlandrehabcenter.com
CMS,https://www.heartofgeorgiarehab.com
CMS,https://www.heartofohiofamilyhealth.org
CMS,https://www.heartoftheozarkshealthcare.com
CMS,https://www.heartshare.org
CMS,https://www.heatherrehab.com
CMS,https://www.heathvillage.com
CMS,https://www.hecmn.com
CMS,https://www.heightst.com
CMS,https://www.heinenmedicalclinics.com
CMS,https://www.heliahealthcare.com
CMS,https://www.hellingchildrenscenter.com
CMS,https://www.help4tn.org
CMS,https://www.hendersonctr.com
CMS,https://www.hendersonnursingandrehab.com
CMS,https://www.hendersontx.com
CMS,https://www.hendricksbehavioralhospital.com
CMS,https://www.hennepin.us
CMS,https://www.henniscarecentre.com
CMS,https://www.henryctr.com
CMS,https://www.henrycty.com
CMS,https://www.henrystarkhealth.com
CMS,https://www.herefordhouse.com
CMS,https://www.herefordnursing.com
CMS,https://www.heritage-emerson.com
CMS,https://www.heritage-hall.org
CMS,https://www.heritage1886.org
CMS,https://www.heritageamarillo.com
CMS,https://www.heritageatbrandonplace.com
CMS,https://www.heritagebelair.com
CMS,https://www.heritagecenterrehab.com
CMS,https://www.heritagecommunity.com
CMS,https://www.heritagecrossings.com
CMS,https://www.heritageestates-gering.com
CMS,https://www.heritagefairbury.com
CMS,https://www.heritagegardenshealthcare.com
CMS,https://www.heritagehealthcare.org
CMS,https://www.heritagehealthcarehammond.com
CMS,https://www.heritagehousenursingcenter.com
CMS,https://www.heritageinnbarnesville.org
CMS,https://www.heritageinnhealth.org
CMS,https://www.heritageinnsandersville.org
CMS,https://www.heritagemanorhouma.com
CMS,https://www.heritagemanormandeville.com
CMS,https://www.heritagemanorofbatonrouge.com
CMS,https://www.heritagemanoropelousas.com
CMS,https://www.heritagemanorslidell.com
CMS,https://www.heritagemanorsouth.com
CMS,https://www.heritagemanorstratmore.com
CMS,https://www.heritagemanorvilleplatte.com
CMS,https://www.heritagemanorwest.com
CMS,https://www.heritagenyc.org
CMS,https://www.heritageofhudson.net
CMS,https://www.heritageokc.com
CMS,https://www.heritageparkrapids.org
CMS,https://www.heritagephysicaltherapy.com
CMS,https://www.heritagesquaredixon.com
CMS,https://www.heritagevillanursing.net
CMS,https://www.hermitagecare.com
CMS,https://www.hermitagehealthcenter.com
CMS,https://www.hermitagenursingrehab.com
CMS,https://www.hewittrehabilitationandwellness.com
CMS,https://www.hfhcme.org
CMS,https://www.hfrehab.com
CMS,https://www.hg-nh.com
CMS,https://www.hgohio.com
CMS,https://www.hgpmh.org
CMS,https://www.hgs-utica.com
CMS,https://www.hhhcare.org
CMS,https://www.hhhn.org
CMS,https://www.hhmhealth.org
CMS,https://www.hhs.nd.gov
CMS,https://www.hhs.texas.gov
CMS,https://www.hhsi.us
CMS,https://www.hhsinc.net
CMS,https://www.hhwaz.org
CMS,https://www.hickory-care.net
CMS,https://www.hickorycreekcare.com
CMS,https://www.hickorymanor.net
CMS,https://www.hicommunityhealthcenter.org
CMS,https://www.hifrequencyimaging.com
CMS,https://www.highbanks-care.net
CMS,https://www.highcountrycommunityhealth.com
CMS,https://www.highland-hcc.com
CMS,https://www.highlandchateau.com
CMS,https://www.highlandclarksburghospital.com
CMS,https://www.highlandcourtrehab.com
CMS,https://www.highlandhomenursing.com
CMS,https://www.highlandpark-alliance.com
CMS,https://www.highlandparkwc.com
CMS,https://www.highlandridgerehab.com
CMS,https://www.highlands-healthcenter.com
CMS,https://www.highlandsatpittsford.org
CMS,https://www.highlandsguestcare.com
CMS,https://www.highlandsnandr.com
CMS,https://www.highlandsrhc.com
CMS,https://www.highlandviewrhc.com
CMS,https://www.highmorehealth.com
CMS,https://www.highmoresd.org
CMS,https://www.highplainschc.net
CMS,https://www.highridgehouse.org
CMS,https://www.highshoalshealth.org
CMS,https://www.highviewrehabandnursing.com
CMS,https://www.hildebrandcare.com
CMS,https://www.hillandale.com
CMS,https://www.hillcountrymemorial.org
CMS,https://www.hillcrest-heights.com
CMS,https://www.hillcrestcarectr.com
CMS,https://www.hillcresthc.com
CMS,https://www.hillcresthealth.com
CMS,https://www.hillcresthrc.com
CMS,https://www.hillcrestmo.com
CMS,https://www.hillcrestnursingcenterms.com
CMS,https://www.hillcrestpostacute.com
CMS,https://www.hillcrestrhc.com
CMS,https://www.hillcrestsumner.com
CMS,https://www.hillebrandhealth.com
CMS,https://www.hillhospitalalabama.com
CMS,https://www.hillsdalemedicalcare.org
CMS,https://www.hillsdales.org
CMS,https://www.hillsideheightsrehab.com
CMS,https://www.hillsideml.com
CMS,https://www.hillsidewellness.org
CMS,https://www.hilltop-snr.com
CMS,https://www.hilltopestatesgothenburg.com
CMS,https://www.hilltophomeofcomfort.org
CMS,https://www.hilltopnursingandrehabilitation.com
CMS,https://www.hilltopvillagehc.com
CMS,https://www.hillviewhealthcenter.com
CMS,https://www.hinds.k12.ms.us
CMS,https://www.hipaaspace.com
CMS,https://www.hiptchiro.com
CMS,https://www.hisbranches.org
CMS,https://www.hitinc.org
CMS,https://www.hitzhome.com
CMS,https://www.hjmc.org
CMS,https://www.hkcdialysis.com
CMS,https://www.hkscmd.com
CMS,https://www.hmdb.org
CMS,https://www.hmhcc.com
CMS,https://www.hmnursing.com
CMS,https://www.hms-nm.org
CMS,https://www.hnncsb.org
CMS,https://www.hobartnursingandrehab.com
CMS,https://www.hoffmanncenter.org
CMS,https://www.holdenmanorhr.com
CMS,https://www.holdregehomes.org
CMS,https://www.holidayhealthcare.com
CMS,https://www.holidaynorman.com
CMS,https://www.holisticbh.org
CMS,https://www.holladayparkplaza.org
CMS,https://www.hollandcommunityhealthcenter.org
CMS,https://www.hollandlakerehabilitationandwellness.com
CMS,https://www.hollenbeckpalms.com
CMS,https://www.hollisparkmanor.org
CMS,https://www.hollyhall.org
CMS,https://www.hollyheights.net
CMS,https://www.holmesccsd.org
CMS,https://www.holstonmedicalgroup.com
CMS,https://www.holstonrehab.com
CMS,https://www.holyangelsnc.org
CMS,https://www.holyfamilysl.org
CMS,https://www.holyspiritretirementhome.com
CMS,https://www.holytrinityrehab.org
CMS,https://www.homeless-healthcare.org
CMS,https://www.homeoftheinnocents.org
CMS,https://www.homestead.afrc.af.mil
CMS,https://www.homesteadhealthcenter.org
CMS,https://www.homesteadvillage.org
CMS,https://www.hometown-clinic.com
CMS,https://www.hometownpeds.org
CMS,https://www.homeviewhealthandrehab.com
CMS,https://www.homewardboundinc.org
CMS,https://www.homewithmission.com
CMS,https://www.homewoodghc.com
CMS,https://www.hoolalahui.org
CMS,https://www.hoosiervillage.com
CMS,https://www.hooverwood.org
CMS,https://www.hope-haven.org
CMS,https://www.hope-health.org
CMS,https://www.hopechc.org
CMS,https://www.hopecreeknrc.com
CMS,https://www.hopefamilyhealth.org
CMS,https://www.hopehealthandrehab.com
CMS,https://www.hopehealthtx.org
CMS,https://www.hopekidney.com
CMS,https://www.hopemedicalpr.com
CMS,https://www.hopespringsmtka.com
CMS,https://www.hopetherapyrgv.com
CMS,https://www.hopewellhealth.org
CMS,https://www.hopi-nsn.gov
CMS,https://www.hopkinswellness.com
CMS,https://www.horizonbh.org
CMS,https://www.horizoncmhc.com
CMS,https://www.horizondiagnosticservices.com
CMS,https://www.horizonhealthcare.org
CMS,https://www.horizonmedpedsclinic.com
CMS,https://www.horizonscenter.org
CMS,https://www.horizonslivingandrehab.com
CMS,https://www.hospital-data.com
CMS,https://www.hospitalitysnf.com
CMS,https://www.hospitalryder.org
CMS,https://www.hotspringshealth-nc.org
CMS,https://www.houghtonmcf.com
CMS,https://www.housecallsofva.com
CMS,https://www.housingworks.org
CMS,https://www.housleypt.com
CMS,https://www.houstonhousecares.com
CMS,https://www.houstonisd.org
CMS,https://www.hovercommunity.org
CMS,https://www.howehouse.com
CMS,https://www.hph.care
CMS,https://www.hpkaty.com
CMS,https://www.hrc.ms.gov
CMS,https://www.hrchc.org
CMS,https://www.hrhcare.org
CMS,https://www.hrhwellness.com
CMS,https://www.hrsa.gov
CMS,https://www.hrwcompanies.com
CMS,https://www.hsdlions.org
CMS,https://www.htstherapy.com
CMS,https://www.hubbardcarecenter.org
CMS,https://www.hudsonbayhealthandrehab.com
CMS,https://www.hudsonelms.com
CMS,https://www.hugomedicalclinicok.com
CMS,https://www.humangood.org
CMS,https://www.humboldtfamily.org
CMS,https://www.humboldtfamilywalkinclinic.com
CMS,https://www.humphreymedicalclinic.org
CMS,https://www.humphreyscountynursingcenter.com
CMS,https://www.hunteracrescc.net
CMS,https://www.hunterscreekrehab.com
CMS,https://www.huntingdonvalleynursingandrehab.com
CMS,https://www.huntington-court.net
CMS,https://www.huntington-woods.net
CMS,https://www.hurlbutcare.com
CMS,https://www.hurstplazahc.com
CMS,https://www.hurttclinic.org
CMS,https://www.hutchclinic.com
CMS,https://www.hutsonwood.org
CMS,https://www.hydenhrc.com
CMS,https://www.hyndmanfhc.com
CMS,https://www.hyox.com
CMS,https://www.hys-erie.org
CMS,https://www.iahdny.org
CMS,https://www.ibclinic.org
CMS,https://www.icchc.org
CMS,https://www.ichs.com
CMS,https://www.icmsvh.org
CMS,https://www.idealist.org
CMS,https://www.idfdn.org
CMS,https://www.ifcweb.org
CMS,https://www.ighl.org
CMS,https://www.ignitemedicalresorts.com
CMS,https://www.ihcrc.org
CMS,https://www.ihcwv.org
CMS,https://www.ihimv.org
CMS,https://www.ihmslc.org
CMS,https://www.ikron.org
CMS,https://www.ilcorp.org
CMS,https://www.illinoiseyeinstitute.org
CMS,https://www.illuminus.us
CMS,https://www.ils-k12.org
CMS,https://www.imancentral.org
CMS,https://www.imhcc.net
CMS,https://www.impactphysicaltherapy.com
CMS,https://www.improvinglivesnow.com
CMS,https://www.imsaindy.org
CMS,https://www.in-mentor.com
CMS,https://www.in-pact.org
CMS,https://www.incytediagnostics.com
CMS,https://www.indeed.com
CMS,https://www.independence-house.com
CMS,https://www.independencehealthsystem.org
CMS,https://www.independentlivingservicesboise.com
CMS,https://www.independentoptions.org
CMS,https://www.independentphysicaltherapy.com
CMS,https://www.indianapt.com
CMS,https://www.indianhealth.com
CMS,https://www.indianhealthboard.com
CMS,https://www.indianhillsmanor.com
CMS,https://www.indianstream.org
CMS,https://www.indigotherapy.org
CMS,https://www.indyhealthnet.org
CMS,https://www.inglemoor.com
CMS,https://www.inglis.org
CMS,https://www.inhcf.com
CMS,https://www.inhouseprimarycare.com
CMS,https://www.inlandfamilyhealth.com
CMS,https://www.inlandimaging.com
CMS,https://www.inlandlakes.org
CMS,https://www.innercityhealth.org
CMS,https://www.innerscreeknursingandrehab.com
CMS,https://www.innerwisdom.com
CMS,https://www.innisfreehr.com
CMS,https://www.innovationscmhc.com
CMS,https://www.inpatient-rehab.org
CMS,https://www.inspirahealthgroup.com
CMS,https://www.inspirapr.com
CMS,https://www.inspirerhc.com
CMS,https://www.intandem.org
CMS,https://www.integrityhcc.com
CMS,https://www.intercommunityct.org
CMS,https://www.interiorcommunityhealth.org
CMS,https://www.invernessrehab.com
CMS,https://www.ioofhome.com
CMS,https://www.iowadonornetwork.org
CMS,https://www.iowaoeshome.com
CMS,https://www.iowaparkcare.com
CMS,https://www.iredellcountync.gov
CMS,https://www.iredellpsychiatry.com
CMS,https://www.ireneworthamcenter.org
CMS,https://www.irishouse.org
CMS,https://www.ironboundms.com
CMS,https://www.ironcountymcf.com
CMS,https://www.irvinenursingandrehab.com
CMS,https://www.irvingnursing.com
CMS,https://www.irvingparklrc.com
CMS,https://www.isabellahealth.org
CMS,https://www.islahealth.org
CMS,https://www.islandhospital.org
CMS,https://www.islandsnr.com
CMS,https://www.ivfcmg.com
CMS,https://www.ivycourtskillednursing.com
CMS,https://www.ivycreekhc.com
CMS,https://www.jaapgh.org
CMS,https://www.jackson-hinds.com
CMS,https://www.jackson-hospital.com
CMS,https://www.jackson.k12.ms.us
CMS,https://www.jacksonclinic.com
CMS,https://www.jacksonkymedical.com
CMS,https://www.jacksonpurchasemedicalgroup.com
CMS,https://www.jacksonville-snr.com
CMS,https://www.jacksonvillenursingandrehab.com
CMS,https://www.jaghealthcare.com
CMS,https://www.jameslwest.org
CMS,https://www.jamestownnr.com
CMS,https://www.jamhihealthandwellness.org
CMS,https://www.janfrances.com
CMS,https://www.jble.af.mil
CMS,https://www.jcbdd.com
CMS,https://www.jccsi.org
CMS,https://www.jcmg.org
CMS,https://www.jcmh.org
CMS,https://www.jcsd.net
CMS,https://www.jdchfasthealth.com
CMS,https://www.jeffco.us
CMS,https://www.jefferson-healthcare.net
CMS,https://www.jefferson.kyschools.us
CMS,https://www.jeffersonchc.org
CMS,https://www.jeffersonhc.com
CMS,https://www.jeffersonhealthcarela.com
CMS,https://www.jeffersonmanornursingandrehab.com
CMS,https://www.jeffersonregionalspecialty.com
CMS,https://www.jeffersonsferry.org
CMS,https://www.jemezpueblo.org
CMS,https://www.jenkins.k12.ky.us
CMS,https://www.jenkinscare.org
CMS,https://www.jenkinslivingcenter.com
CMS,https://www.jenkinsmedicalcenter.com
CMS,https://www.jenniestuarthealth.org
CMS,https://www.jenningsohio.org
CMS,https://www.jenningsterrace.com
CMS,https://www.jeromehome.com
CMS,https://www.jerseyshorenursingandrehab.com
CMS,https://www.jesmondnursing.com
CMS,https://www.jessicashouse.org
CMS,https://www.jewelhcc.com
CMS,https://www.jewishhomefamily.org
CMS,https://www.jewishhomelife.org
CMS,https://www.jhccenter.org
CMS,https://www.jhcvirginia.org
CMS,https://www.jirdc.org
CMS,https://www.jkv.org
CMS,https://www.jlas.org
CMS,https://www.jlukpt.com
CMS,https://www.jmmorrownursinghome.com
CMS,https://www.jmu.edu
CMS,https://www.joeanneburginhealth.org
CMS,https://www.johnknoxmanor.com
CMS,https://www.johnsondialysis.com
CMS,https://www.johnstown-pointe.net
CMS,https://www.jointcommission.org
CMS,https://www.jointrejuve.com
CMS,https://www.jonbeccare.com
CMS,https://www.jones-harrison.org
CMS,https://www.jonesvillefhc.com
CMS,https://www.joplingardens.com
CMS,https://www.jordanvalley.org
CMS,https://www.josephinecc.com
CMS,https://www.jphsa.org
CMS,https://www.jrds.org
CMS,https://www.jredc.org
CMS,https://www.jtchs.org
CMS,https://www.jtk-imaging.com
CMS,https://www.jtslc.com
CMS,https://www.judsonsmartliving.org
CMS,https://www.juliancenter.org
CMS,https://www.juliatempleoutpatient.com
CMS,https://www.justserve.org
CMS,https://www.juvenilehome.com
CMS,https://www.kabulnh.com
CMS,https://www.kadimahealth.com
CMS,https://www.kahalanui.com
CMS,https://www.kahlhome.org
CMS,https://www.kaiserfamilypractice.org
CMS,https://www.kalakauagardens.com
CMS,https://www.kalixnd.org
CMS,https://www.kanecommunityhospital.com
CMS,https://www.karenacresdsm.com
CMS,https://www.kaxray.com
CMS,https://www.kbbh.org
CMS,https://www.kbic-nsn.gov
CMS,https://www.kchnorthidaho.org
CMS,https://www.kcifpa.com
CMS,https://www.kcmanor.com
CMS,https://www.kcsd.k12.or.us
CMS,https://www.kcsinc.org
CMS,https://www.kdsbartlett.com
CMS,https://www.keesler.af.mil
CMS,https://www.keiai-la.com
CMS,https://www.keiai-southbay.com
CMS,https://www.kemptonofcharleston.com
CMS,https://www.kenaitze.org
CMS,https://www.kencrest.org
CMS,https://www.kendal-crosslands.org
CMS,https://www.kendal.org
CMS,https://www.kendallhrc.com
CMS,https://www.kennedychc.org
CMS,https://www.kennedyrehabilitation.com
CMS,https://www.kenoshacounty.org
CMS,https://www.kentcityschools.org
CMS,https://www.kentcounty.com
CMS,https://www.kentonnursingandrehab.com
CMS,https://www.kentuckycare.net
CMS,https://www.kenwoodhealthandrehabilitation.com
CMS,https://www.kesslerrehabilitationcenter.com
CMS,https://www.keyrehab.net
CMS,https://www.keysoutpatient.com
CMS,https://www.keystonecarecenter.com
CMS,https://www.keystoneruralhealth.com
CMS,https://www.keystonetherapyservices.com
CMS,https://www.khca.org
CMS,https://www.kictribe.org
CMS,https://www.kidnaroundtherapytx.com
CMS,https://www.kidneycareoflouisiana.com
CMS,https://www.kidneyinstitutes.com
CMS,https://www.kidneyspa.com
CMS,https://www.kidneytreatmentcenter.com
CMS,https://www.kidsclinicparis.com
CMS,https://www.kidsdevelopmentalclinic.com
CMS,https://www.kidsfirst-peds.com
CMS,https://www.kidstlc.org
CMS,https://www.kidzcarepeds.com
CMS,https://www.kimballfarmsnursingcare.org
CMS,https://www.kimwellhc.com
CMS,https://www.kingdavidcenterrehab.com
CMS,https://www.kingofprussianursingandrehab.com
CMS,https://www.kingstoncourtnursingandrehab.com
CMS,https://www.kingstreetrehab.com
CMS,https://www.kingswaycommunity.com
CMS,https://www.kingswoodsl.org
CMS,https://www.kintegra.org
CMS,https://www.kintura.org
CMS,https://www.kiowahillshrc.com
CMS,https://www.kirkhaven.com
CMS,https://www.kirklandcare.com
CMS,https://www.kkv.net
CMS,https://www.klamathtribalhealth.org
CMS,https://www.klinegalland.org
CMS,https://www.kmc-hi.org
CMS,https://www.knollswestpostacute.com
CMS,https://www.knollwood-hc.com
CMS,https://www.knollwoodnursingcenter.com
CMS,https://www.knopphealthcare.com
CMS,https://www.knottcountyhrc.com
CMS,https://www.knoxcountyarc.com
CMS,https://www.knoxcountyhealth.org
CMS,https://www.knoxhealth.com
CMS,https://www.knoxkyschools.com
CMS,https://www.knoxvillerehabhospital.com
CMS,https://www.knutenelson.org
CMS,https://www.kodiakchc.org
CMS,https://www.kort.com
CMS,https://www.kovs.ks.gov
CMS,https://www.kphc.org
CMS,https://www.kpinhawaii.org
CMS,https://www.krccnet.com
CMS,https://www.kthd.org
CMS,https://www.kulanamalama.com
CMS,https://www.kunahealthcare.com
CMS,https://www.kutzseniorliving.org
CMS,https://www.kvhc.org
CMS,https://www.kwanghewon.org
CMS,https://www.kyfam.com
CMS,https://www.kyfamilypractice.com
CMS,https://www.lach-la.com
CMS,https://www.lachc.com
CMS,https://www.lacheim.org
CMS,https://www.laclinicanm.com
CMS,https://www.lacomcare.com
CMS,https://www.laconianursinghome.com
CMS,https://www.lacrossecounty.org
CMS,https://www.ladyofpeacelewiston.org
CMS,https://www.ladyoftheoaks.com
CMS,https://www.lafayette-care.net
CMS,https://www.lafayettecountywi.org
CMS,https://www.lafayetteextendedcare.net
CMS,https://www.lafayettenursingrehab.com
CMS,https://www.lagniappehealthcare.com
CMS,https://www.laholyangels.org
CMS,https://www.lahuntingtonhcc.com
CMS,https://www.laimagingxray.com
CMS,https://www.lake.care
CMS,https://www.lakeareapt.com
CMS,https://www.lakearrowheadmd.com
CMS,https://www.lakebridgeawc.com
CMS,https://www.lakecityfamilymedicine.com
CMS,https://www.lakecityprimary.com
CMS,https://www.lakecountyil.gov
CMS,https://www.lakecountyschools.net
CMS,https://www.lakecumberlandphysicianpractices.com
CMS,https://www.lakehamiltonhr.com
CMS,https://www.lakelandhcr.com
CMS,https://www.lakelandnursingrehab.com
CMS,https://www.lakelandvillageassociates.org
CMS,https://www.lakeparkhealthcare.com
CMS,https://www.lakeparkltc.com
CMS,https://www.lakeparkrehab.com
CMS,https://www.lakepediatrics.org
CMS,https://www.lakepointerehab.com
CMS,https://www.lakepointks.com
CMS,https://www.lakepointwichita.com
CMS,https://www.lakeregioncorp.com
CMS,https://www.lakeridgecenter.com
CMS,https://www.lakeridgesenior.org
CMS,https://www.lakes.k12.in.us
CMS,https://www.lakeshorechc.org
CMS,https://www.lakeshorevillagehc.com
CMS,https://www.lakeside-hrc.com
CMS,https://www.lakeside.health
CMS,https://www.lakesideclubhouse.org
CMS,https://www.lakesidegenerations.org
CMS,https://www.lakesidehealthclinic.com
CMS,https://www.lakesidephysicians.com
CMS,https://www.lakesideprimary.com
CMS,https://www.lakesidercc.com
CMS,https://www.lakesideseniorcare.com
CMS,https://www.lakesideterrace.org
CMS,https://www.lakesofclermonthrc.com
CMS,https://www.lakesokc.com
CMS,https://www.lakeviewchristian.com
CMS,https://www.lakeviewhc.com
CMS,https://www.lakeviewhousema.com
CMS,https://www.lakeviewmethodist.org
CMS,https://www.lakeviewnursing.com
CMS,https://www.lakeviewterrace.com
CMS,https://www.lakeviewvillage.org
CMS,https://www.lakevillagerehab.com
CMS,https://www.lakewalesctr.com
CMS,https://www.lakewestrehab.com
CMS,https://www.lakewoodptot.com
CMS,https://www.lakewoodrhc.com
CMS,https://www.lakewoodwestend.org
CMS,https://www.lakheir.org
CMS,https://www.lamarcountyschools.org
CMS,https://www.lamarwarriors.org
CMS,https://www.lambhc.org
CMS,https://www.lamesarehab.com
CMS,https://www.lamission.edu
CMS,https://www.lamoillehealthpartners.org
CMS,https://www.lampreyhealth.org
CMS,https://www.lanai96763.com
CMS,https://www.lancasteremerald.com
CMS,https://www.lancasterrehabhospital.com
CMS,https://www.landingsofwesterville.net
CMS,https://www.landishomes.org
CMS,https://www.landmark-dv.com
CMS,https://www.landmark-kt.com
CMS,https://www.landmark-mc.com
CMS,https://www.landmarkbatonrouge.com
CMS,https://www.landmarkhammond.com
CMS,https://www.landmarklakecharles.com
CMS,https://www.landmarknursingandrehab.com
CMS,https://www.landmarkofacadiana.com
CMS,https://www.landmarkofbardstown.com
CMS,https://www.landmarkofcollinsms.com
CMS,https://www.landmarkofdesoto.com
CMS,https://www.landmarkofiroquoispark.com
CMS,https://www.landmarkoflaurelcreek.com
CMS,https://www.landmarkofplaquemine.com
CMS,https://www.landmarkofrayne.com
CMS,https://www.landmarkofrichtonpark.com
CMS,https://www.landmarkofrivercity.com
CMS,https://www.landmarksouthnursingandrehab.com
CMS,https://www.lanecounty.org
CMS,https://www.langdondover.com
CMS,https://www.langdonkeene.com
CMS,https://www.laora.org
CMS,https://www.lapedscenter.com
CMS,https://www.lapeermedicalassociates.net
CMS,https://www.lapinehealth.org
CMS,https://www.larchwoodinns.com
CMS,https://www.laredhealthcenter.org
CMS,https://www.larnedcares.com
CMS,https://www.lasagradafamiliacenter.com
CMS,https://www.lasallecountyil.gov
CMS,https://www.lasallenursinghome.care
CMS,https://www.lasantehealth.com
CMS,https://www.lasvegaspostacute.com
CMS,https://www.latrouve.com
CMS,https://www.laughlin.af.mil
CMS,https://www.laurabaker.org
CMS,https://www.lauracsaunderselementary.com
CMS,https://www.laureldalenursingandrehab.com
CMS,https://www.laurelhc.org
CMS,https://www.laurellake.org
CMS,https://www.laurellwoodhc.com
CMS,https://www.laurelsofdefiance.com
CMS,https://www.laurelviewvillage.com
CMS,https://www.laurelwoodctr.com
CMS,https://www.laurenscarecenter.com
CMS,https://www.lavacamedcen.com
CMS,https://www.lavernamanorhr.com
CMS,https://www.lavidallena.com
CMS,https://www.lawndalehc.com
CMS,https://www.lawrencecountynursing.com
CMS,https://www.lawrencedocs.com
CMS,https://www.lawsonmanor.com
CMS,https://www.lawtoncommunityhealthcenter.com
CMS,https://www.laytonpt.net
CMS,https://www.lcamc.net
CMS,https://www.lccc.us.com
CMS,https://www.lcdn.org
CMS,https://www.lcdp.org
CMS,https://www.lchclubbock.org
CMS,https://www.lchcs.com
CMS,https://www.lchealth.org
CMS,https://www.lcmcf.org
CMS,https://www.lcnh.org
CMS,https://www.lcpedsim.com
CMS,https://www.lcthc.com
CMS,https://www.ldftribe.com
CMS,https://www.ldh.la.gov
CMS,https://www.lebanoncountypa.gov
CMS,https://www.lebanonnorthnursingrehab.com
CMS,https://www.lebanonnursingandrehab.com
CMS,https://www.lebanonpt.com
CMS,https://www.lebanonsouthnursingrehab.com
CMS,https://www.lebonheur.org
CMS,https://www.lee.ga.us
CMS,https://www.leecountycare.com
CMS,https://www.leecountyhealthrehabilitation.org
CMS,https://www.leessummitplace.com
CMS,https://www.leeway.net
CMS,https://www.legacyatcollegehill.com
CMS,https://www.legacyatherington.com
CMS,https://www.legacyatjacksonville.com
CMS,https://www.legacyatsalina.com
CMS,https://www.legacycommunityhealth.org
CMS,https://www.legacyhc.com
CMS,https://www.legacyhealthrehabilitation.org
CMS,https://www.legacyheightsnr.com
CMS,https://www.legacyinc.com
CMS,https://www.legacymanornursingandrehab.com
CMS,https://www.legacymedicalcare.org
CMS,https://www.legacypointeatucf.com
CMS,https://www.legacypostacutecare.com
CMS,https://www.legacyrehabilitationhealthcare.com
CMS,https://www.legacyretire.com
CMS,https://www.legacytowncreek.com
CMS,https://www.lehighhrc.com
CMS,https://www.leisurehomestead.com
CMS,https://www.leitchfieldpediatrics.com
CMS,https://www.lelandmedicalclinic.org
CMS,https://www.lenaliving.com
CMS,https://www.lenaweemedicalcarefacility.org
CMS,https://www.lentzpediatrics.com
CMS,https://www.leominsterrnc.com
CMS,https://www.letcher.kyschools.us
CMS,https://www.levatsanantonio.com
CMS,https://www.levattownpark.com
CMS,https://www.levatwinchester.com
CMS,https://www.lewisandclarkgardens.com
CMS,https://www.lewisboe.com
CMS,https://www.lewistontransitionalcare.com
CMS,https://www.lexfamilypractice.com
CMS,https://www.lexingtonhousecarecenter.com
CMS,https://www.lexingtonmanorseniorcare.com
CMS,https://www.lexingtonnursinghomeinc.com
CMS,https://www.lfchd.org
CMS,https://www.lfpc.net
CMS,https://www.lfrehab.com
CMS,https://www.lgar.org
CMS,https://www.lgmanor.org
CMS,https://www.lhcpclinics.com
CMS,https://www.lhgs.org
CMS,https://www.lhhr.info
CMS,https://www.lhlfpeds.com
CMS,https://www.lhschillicothegov.com
CMS,https://www.liahonaacademy.com
CMS,https://www.libbyclinic.com
CMS,https://www.libbyofcascadia.com
CMS,https://www.liberty-resources.org
CMS,https://www.libertycareandrehab.com
CMS,https://www.libertydialysis.com
CMS,https://www.libertyhealthandwellness.com
CMS,https://www.libertymedicalclinic.com
CMS,https://www.libertynursingcenters.com
CMS,https://www.libertyrehabhospital.com
CMS,https://www.libertyvillemanor.com
CMS,https://www.libertyxray.com
CMS,https://www.life-source.org
CMS,https://www.lifebanc.org
CMS,https://www.lifecareimaging.com
CMS,https://www.lifecaretherapy.com
CMS,https://www.lifecareusa.com
CMS,https://www.lifecoasthealth.com
CMS,https://www.lifeconnection.org
CMS,https://www.lifegift.org
CMS,https://www.lifeincorporated.com
CMS,https://www.lifelinerenalcare.com
CMS,https://www.lifenethealth.org
CMS,https://www.lifescapesd.org
CMS,https://www.lifesharecarolinas.org
CMS,https://www.lifeshareoklahoma.org
CMS,https://www.lifesharing.org
CMS,https://www.lifeskills.com
CMS,https://www.lifespanhealth.com
CMS,https://www.lifespringhealthsystems.org
CMS,https://www.lifetimeresources.net
CMS,https://www.lifeworksnw.org
CMS,https://www.lighthouserehab.com
CMS,https://www.limaconvalescenthome.com
CMS,https://www.limestonehf.com
CMS,https://www.lincoln.kyschools.us
CMS,https://www.lincolncountycarecenter.com
CMS,https://www.lincolncountynursing.com
CMS,https://www.lincolnparkmanor.org
CMS,https://www.lincolnshirehc.com
CMS,https://www.lincolnsquarerehab.com
CMS,https://www.lincolntonrehab.com
CMS,https://www.lindamarrehab.com
CMS,https://www.lindanparkhealth.com
CMS,https://www.lindencenterrehab.com
CMS,https://www.lindencourt.com
CMS,https://www.linkedin.com
CMS,https://www.linwoodnursing.org
CMS,https://www.linwoodvillagecare.com
CMS,https://www.lishcare.org
CMS,https://www.litchfieldarc.org
CMS,https://www.litchfieldhrc.com
CMS,https://www.littleflowermanor.org
CMS,https://www.littlelighthousecr.com
CMS,https://www.littlenecknursing.com
CMS,https://www.littlepinepediatrics.com
CMS,https://www.littlerivers.org
CMS,https://www.littlerock.af.mil
CMS,https://www.liveatwesterwood.org
CMS,https://www.liveatwhitestone.org
CMS,https://www.liveoakrehab.com
CMS,https://www.liveonny.org
CMS,https://www.livinglegendshealth.com
CMS,https://www.livingstoncountyny.gov
CMS,https://www.livingstonecdc.com
CMS,https://www.livingwaterclinic.com
CMS,https://www.livingwellhcmn.com
CMS,https://www.lldhhome.org
CMS,https://www.llojibwe.org
CMS,https://www.lmamh.org
CMS,https://www.localcommunityhealth.com
CMS,https://www.lochhaven.com
CMS,https://www.lockhartfamilymedicine.com
CMS,https://www.locklandschools.org
CMS,https://www.lockportrehab.com
CMS,https://www.lodgeatbrookline.com
CMS,https://www.lodgeofthewabash.com
CMS,https://www.lodicreekpostacute.com
CMS,https://www.lodihealthcare.com
CMS,https://www.loganacres.com
CMS,https://www.logancenter.org
CMS,https://www.logancountyseniorliving.org
CMS,https://www.loganelm.com
CMS,https://www.loganhealthcarefoundation.com
CMS,https://www.loganmedicalgroup.com
CMS,https://www.loganpediatrics.com
CMS,https://www.lomondrehab.com
CMS,https://www.londonwomenscare.com
CMS,https://www.lonestarfamily.org
CMS,https://www.lonestarrehabilitationandwellness.com
CMS,https://www.lonetreeretirementcommunity.com
CMS,https://www.longbeach.gov
CMS,https://www.longhornvillage.com
CMS,https://www.longtermcarehospitals.com
CMS,https://www.longtermcentersgroup.com
CMS,https://www.longvalley.org
CMS,https://www.longviewrehabhospital.com
CMS,https://www.longwoodatoakmont.com
CMS,https://www.lonokehr.com
CMS,https://www.lookingglass.us
CMS,https://www.loomiscommunities.org
CMS,https://www.lopa.org
CMS,https://www.lorettocommunity.org
CMS,https://www.lorienhealth.com
CMS,https://www.losbanosprimarycare.com
CMS,https://www.losfelizhc.com
CMS,https://www.louisvillecarecenter.com
CMS,https://www.lourdesmckeen.org
CMS,https://www.lourdesseniorcommunity.org
CMS,https://www.lovarc.org
CMS,https://www.lovelandhealthcarecenter.com
CMS,https://www.lowcountrypediatrics.com
CMS,https://www.lowermanhattandialysis.com
CMS,https://www.lowincomeclinics.us
CMS,https://www.lowincomedental.org
CMS,https://www.lowndes-al.gov
CMS,https://www.lrchc.com
CMS,https://www.lrmcenter.com
CMS,https://www.lrmhc.org
CMS,https://www.lrrcenter.org
CMS,https://www.lsmnj.org
CMS,https://www.lsschool.org
CMS,https://www.lssliving.org
CMS,https://www.lssmo.org
CMS,https://www.lsuhsc.edu
CMS,https://www.ltcnews.com
CMS,https://www.lumbertondental.com
CMS,https://www.luminishealth.org
CMS,https://www.lunamedicalclinicpllc.net
CMS,https://www.lutherancarecenter.org
CMS,https://www.lutherancommhome.org
CMS,https://www.lutheranhomekane.org
CMS,https://www.lutheranlifevillages.org
CMS,https://www.lutheranseniorlife.org
CMS,https://www.lutheransunsethome.org
CMS,https://www.luthercare.org
CMS,https://www.lutherhaven-mn.org
CMS,https://www.luthermanor.org
CMS,https://www.luthermanorhannibal.com
CMS,https://www.lutherwoods.org
CMS,https://www.lwhealthcare.com
CMS,https://www.lynbrookrehab.com
CMS,https://www.lyndoncrossingsapartments.com
CMS,https://www.lyngblomsten.org
CMS,https://www.lynnhavenhealth.org
CMS,https://www.lynnhouse.org
CMS,https://www.lynnschools.org
CMS,https://www.lyonsks.org
CMS,https://www.macclennyrehab.com
CMS,https://www.mackinawtrailpediatrics.com
CMS,https://www.maconchd.org
CMS,https://www.macthealth.org
CMS,https://www.madison-grove.com
CMS,https://www.madison-healthcenter.com
CMS,https://www.madisoncountymt.gov
CMS,https://www.madisonhealthcenter.com
CMS,https://www.madisonmedicalresort.com
CMS,https://www.madisonparkhealthcare.com
CMS,https://www.madisonpointecc.com
CMS,https://www.madisonprimarycare.com
CMS,https://www.madronarecovery.com
CMS,https://www.mafomn.com
CMS,https://www.maggievalleyrehab.com
CMS,https://www.magnapt.com
CMS,https://www.magnoliamanor.com
CMS,https://www.magnoliamanorinman.com
CMS,https://www.magnoliamanornursingandrehab.com
CMS,https://www.magnoliaplacejefferson.com
CMS,https://www.magnoliaseniorcare.com
CMS,https://www.mahaskahealth.org
CMS,https://www.mainlinehealth.net
CMS,https://www.mainstreetfamilycare.com
CMS,https://www.mainstreetphysicaltherapyrigby.com
CMS,https://www.mainstreetterracecarecenter.com
CMS,https://www.maisondelafayette.com
CMS,https://www.maisondumondelivingcenter.com
CMS,https://www.maisongracenola.com
CMS,https://www.maisontechenursinghome.com
CMS,https://www.majesticcare.com
CMS,https://www.malheurmemorial.com
CMS,https://www.mallorychc.com
CMS,https://www.mallorychc.org
CMS,https://www.malvernbh.com
CMS,https://www.manahawkin-health.com
CMS,https://www.manchesterrhc.com
CMS,https://www.manetchc.org
CMS,https://www.mangumok.com
CMS,https://www.manhattanmedgroup.com
CMS,https://www.mankatoclinic.com
CMS,https://www.manningchildrens.org
CMS,https://www.manninggardensnr.com
CMS,https://www.manoratbwb.com
CMS,https://www.manorgrove.com
CMS,https://www.mansfield.org
CMS,https://www.mansfieldkidney.com
CMS,https://www.manta.com
CMS,https://www.mantachieclinic.org
CMS,https://www.mantromobileimaging.com
CMS,https://www.mapbt.net
CMS,https://www.maple-lawn.org
CMS,https://www.maplecrestmanor.com
CMS,https://www.maplefarm.org
CMS,https://www.mapleheightsbehavioral.com
CMS,https://www.mapleheightshome.com
CMS,https://www.maplelawnnursinghome.net
CMS,https://www.maplemanorchristianhome.org
CMS,https://www.mapleridgerhc.com
CMS,https://www.maplewoodctr.com
CMS,https://www.maplewoodsaukprairie.com
CMS,https://www.maplewoodsn.org
CMS,https://www.mapquest.com
CMS,https://www.marbridge.org
CMS,https://www.march.afrc.af.mil
CMS,https://www.mardencompanies.com
CMS,https://www.marfinc.org
CMS,https://www.margatehealth.com
CMS,https://www.maria-joseph.net
CMS,https://www.mariajosephccc.org
CMS,https://www.marianmanor.org
CMS,https://www.marianmanorhc.com
CMS,https://www.mariannarehab.com
CMS,https://www.mariaparhamphysicianpractices.com
CMS,https://www.mariareginanursing.com
CMS,https://www.mariettanursing.com
CMS,https://www.marimnhealth.org
CMS,https://www.marinacare.com
CMS,https://www.marinanursing.com
CMS,https://www.marinclinic.org
CMS,https://www.marionboe.com
CMS,https://www.marionunit2.org
CMS,https://www.mariposachc.net
CMS,https://www.maristhill.org
CMS,https://www.marklund.org
CMS,https://www.markmcdonaldphysicaltherapy.com
CMS,https://www.marksvillechamber.org
CMS,https://www.marquetteseniorliving.org
CMS,https://www.marquiscompanies.com
CMS,https://www.marrakechinc.org
CMS,https://www.marramhealth.org
CMS,https://www.marthatberry.org
CMS,https://www.martin.kyschools.us
CMS,https://www.martinchildrensclinic.com
CMS,https://www.martincountyky.com
CMS,https://www.martinmedicalctr.com
CMS,https://www.martinschools.org
CMS,https://www.marvistahcwc.com
CMS,https://www.marylanddiagnostics.com
CMS,https://www.maryleefoundation.org
CMS,https://www.maryscenter.org
CMS,https://www.maryvillelivingcenter.com
CMS,https://www.marywoodnursingcarecenter.org
CMS,https://www.masimaging.com
CMS,https://www.masonhealthandrehab.com
CMS,https://www.masonichomesky.com
CMS,https://www.masonpointeindependentliving.org
CMS,https://www.massgeneralbrigham.org
CMS,https://www.mastersmanna.org
CMS,https://www.matagordamedical.com
CMS,https://www.mathiesenclinic.com
CMS,https://www.mattapanchc.org
CMS,https://www.matthewsmemorialnursing.com
CMS,https://www.max-rehab.com
CMS,https://www.maxumtherapy.com
CMS,https://www.mayfairmanorcares.com
CMS,https://www.maywoodhc.com
CMS,https://www.maywoodrehab.com
CMS,https://www.maywoodtlc.com
CMS,https://www.mbssimagingmasters.com
CMS,https://www.mcauleyhall.com
CMS,https://www.mcbethesda.com
CMS,https://www.mcbriderehab.com
CMS,https://www.mccallschapelschool.org
CMS,https://www.mccameyhospital.org
CMS,https://www.mccormickscreekhc.com
CMS,https://www.mcdonaldcolivingcenter.com
CMS,https://www.mcdowell.k12.nc.us
CMS,https://www.mces.org
CMS,https://www.mcgivneyhealthcare.org
CMS,https://www.mcguffeycares.com
CMS,https://www.mchcc.org
CMS,https://www.mchcky.com
CMS,https://www.mchenrymedicalgroup.com
CMS,https://www.mchp.care
CMS,https://www.mchvt.org
CMS,https://www.mckayhealthcare.org
CMS,https://www.mckinneymedicalcenter.com
CMS,https://www.mcleancountyil.gov
CMS,https://www.mcmahontomlinson.com
CMS,https://www.mcmcf.org
CMS,https://www.mcmcfc.org
CMS,https://www.mcmurrayhills.com
CMS,https://www.mcnaughten-pointe.net
CMS,https://www.mcohio.org
CMS,https://www.mcpotomac.com
CMS,https://www.mcpsmt.org
CMS,https://www.mcs-nola.org
CMS,https://www.mcwheaton.com
CMS,https://www.md.com
CMS,https://www.mdwestmed.com
CMS,https://www.meade.kyschools.us
CMS,https://www.meadow-grove.net
CMS,https://www.meadowbrookacres.net
CMS,https://www.meadowbrookcarectr.com
CMS,https://www.meadowbrookmanor.com
CMS,https://www.meadowbrookrehab.net
CMS,https://www.meadowbrooksnr.com
CMS,https://www.meadowgreenrehabandnursing.com
CMS,https://www.meadowlark.org
CMS,https://www.meadowood.net
CMS,https://www.meadowparkrehab.com
CMS,https://www.meadowridge.com
CMS,https://www.meadows-icfdd.com
CMS,https://www.meadowsofnapavalley.org
CMS,https://www.meadowsonfairview.org
CMS,https://www.meadowsparkhealth.org
CMS,https://www.meadowviewhr.com
CMS,https://www.meadowviewnursing.org
CMS,https://www.meadowviewregionalmedicalgroup.com
CMS,https://www.meadowviewrhc.com
CMS,https://www.meansclinic.com
CMS,https://www.medallionservices.co
CMS,https://www.medamericarehab.com
CMS,https://www.medcarepediatric.com
CMS,https://www.medcentro.org
CMS,https://www.meddiagnosticrehab.co
CMS,https://www.medexdiagnosticservices.com
CMS,https://www.medforddentalwi.com
CMS,https://www.medfordmulticare.org
CMS,https://www.medfordnursingcenter.com
CMS,https://www.medicalcare.com
CMS,https://www.medicaleastofdecatur.com
CMS,https://www.medicalimagingfl.com
CMS,https://www.medicalodgesarkansascity.com
CMS,https://www.medicalodgesatchison.com
CMS,https://www.medicalodgesbutler.com
CMS,https://www.medicalodgescoffeyvillemidland.com
CMS,https://www.medicalodgescolumbus.com
CMS,https://www.medicalodgesdewey.com
CMS,https://www.medicalodgeseudora.com
CMS,https://www.medicalodgesfortscott.com
CMS,https://www.medicalodgesfrontenac.com
CMS,https://www.medicalodgesgoddard.com
CMS,https://www.medicalodgesgreatbend.com
CMS,https://www.medicalodgesindependence.com
CMS,https://www.medicalodgesiola.com
CMS,https://www.medicalodgesjacksoncounty.com
CMS,https://www.medicalodgeskinsley.com
CMS,https://www.medicalodgesleavenworth.com
CMS,https://www.medicalodgesneosho.com
CMS,https://www.medicalodgesnevada.com
CMS,https://www.medicalodgespaola.com
CMS,https://www.medicalodgespittsburg.com
CMS,https://www.medicalodgespostacutecare.com
CMS,https://www.medicalodgeswichita.com
CMS,https://www.medicalrecords.com
CMS,https://www.medicanarehab.com
CMS,https://www.medicare.gov
CMS,https://www.medifind.com
CMS,https://www.medinarehabnursing.com
CMS,https://www.medinavalleyhealth.org
CMS,https://www.medserveprpt.com
CMS,https://www.medstarfamilychoice.com
CMS,https://www.medwaymanor.com
CMS,https://WWW.MELBOURNEKIDNEY.COM
CMS,https://www.melmark.org
CMS,https://www.memorialmedicalhc.com
CMS,https://www.menifeeglobalmedicalcenter.com
CMS,https://www.mentalhealthcenters.net
CMS,https://www.mentor-ridge.net
CMS,https://www.merakey.org
CMS,https://www.mercefamilyhealthcare.com
CMS,https://www.mercyandtruth.com
CMS,https://www.mercyclinic.net
CMS,https://www.mercyhomeny.org
CMS,https://www.mercyoutpatientclinic.com
CMS,https://www.meridian-radiology.com
CMS,https://www.meridiancare-montevista.com
CMS,https://www.meridiancaresa.com
CMS,https://www.meridiancenterforhealth.org
CMS,https://www.merithousetoledo.com
CMS,https://www.merrimackcounty.net
CMS,https://www.mesaglencc.com
CMS,https://www.mesaverdehealthcare.com
CMS,https://www.messiahlifeways.org
CMS,https://www.methodisthome.org
CMS,https://www.methodisthomes.org
CMS,https://www.methodisttransitional.com
CMS,https://www.metroat1515.com
CMS,https://www.metrohealthinc.org
CMS,https://www.metrohomeshealthcare.com
CMS,https://www.metrolinanephrology.com
CMS,https://www.metropolitanfhn.com
CMS,https://www.metropolitankidney.com
CMS,https://www.metrotampabay.org
CMS,https://www.metrotherapyscc.com
CMS,https://www.metrowestrehab.com
CMS,https://www.meusd.org
CMS,https://www.meyercenter.org
CMS,https://www.mfcchealth.com
CMS,https://www.mfhcnj.org
CMS,https://www.mfpc.net
CMS,https://www.mghwv.com
CMS,https://www.mhanation.com
CMS,https://www.mhealthfairviewpeds.org
CMS,https://www.mhhc.org
CMS,https://www.mhihealth.org
CMS,https://www.mhmr.org
CMS,https://www.mhnrc.com
CMS,https://www.miaminursingcenter.com
CMS,https://www.michaeldunncenter.org
CMS,https://www.michiganneurologyassociates.com
CMS,https://www.midamericatransplant.org
CMS,https://www.midcoastseniorhealth.com
CMS,https://www.middelok.com
CMS,https://www.midgeorgiapeds.com
CMS,https://www.midlandml.com
CMS,https://www.midlandslivingcenter.com
CMS,https://www.midstatehealth.org
CMS,https://www.midtownchc.org
CMS,https://www.midtownmanor.net
CMS,https://www.midwayrehab.com
CMS,https://www.midwest-health.com
CMS,https://www.midwestrehab.net
CMS,https://www.midwilshirehealth.com
CMS,https://www.mifanc.com
CMS,https://www.migrantclinician.org
CMS,https://www.mihcs.org
CMS,https://www.milacaelimmeadows.org
CMS,https://www.milestonestx.com
CMS,https://www.millardcare.com
CMS,https://www.millcreek-care.net
CMS,https://www.millcreekbehavioralhealth.com
CMS,https://www.millcreekofmagee.com
CMS,https://www.millcreekofpontotoc.com
CMS,https://www.millenniumtherapy.com
CMS,https://www.millvalleycarecenter.com
CMS,https://www.milpitascare.com
CMS,https://www.mindenfamilycarecenter.com
CMS,https://www.mineralspringshc.com
CMS,https://www.mini-cassiacarecenter.com
CMS,https://www.minnesotahelp.info
CMS,https://www.minocqua.org
CMS,https://www.miok12.net
CMS,https://www.mirabellaasu.org
CMS,https://www.mirabellaportland.org
CMS,https://www.mirabellaseattle.org
CMS,https://www.miraclehillhealthcare.com
CMS,https://www.miravistabhc.care
CMS,https://www.misericordia.com
CMS,https://www.missioncareatholyoke.com
CMS,https://www.missiondelacasa.com
CMS,https://www.missionhealthcommunities.com
CMS,https://www.missionhealthphysicians.org
CMS,https://www.missionnursingandrehabilitation.com
CMS,https://www.missionpalms.net
CMS,https://www.missionparkhc.com
CMS,https://www.missionsinc.org
CMS,https://www.mississippicare.net
CMS,https://www.mississippivalleyhrc.com
CMS,https://www.misxray.com
CMS,https://www.mitchell.k12.or.us
CMS,https://www.mitchellcountyhospital.com
CMS,https://www.miwidocs.com
CMS,https://www.mjhs.org
CMS,https://www.ml-healthcare.net
CMS,https://www.mlchc.org
CMS,https://www.mlih.org
CMS,https://www.mlkhealthcenter.com
CMS,https://www.mlmcphysiciansgroup.com
CMS,https://www.mlpt.com
CMS,https://www.mmanornh.com
CMS,https://www.mmcarecenter.com
CMS,https://www.mmdsmobilexray.com
CMS,https://www.mmnrc.com
CMS,https://www.mmrcsl.org
CMS,https://www.mncare.org
CMS,https://www.mnhc.org
CMS,https://www.moberlyphysicians.com
CMS,https://www.mobileeyecare.com
CMS,https://www.mobilehealth.com
CMS,https://www.mobilehealthmap.org
CMS,https://www.mobilexrayoflouisiana.com
CMS,https://www.mobilexusa.com
CMS,https://www.mobilityplusrehab.com
CMS,https://www.mobilityrehabilitation.com
CMS,https://www.modelresidentialhome.com
CMS,https://www.modestopediatrics.com
CMS,https://www.mohavelocal.com
CMS,https://www.mohawkmeadowsrehab.com
CMS,https://www.mohealthcare.com
CMS,https://www.mohigh.org
CMS,https://www.molinahealthcare.com
CMS,https://www.momencemeadows.com
CMS,https://www.momentumtherapeutics.net
CMS,https://www.monroe-health.com
CMS,https://www.monroecitymanor.com
CMS,https://www.monroehosp.org
CMS,https://www.monroesprings.com
CMS,https://www.monroviahcc.com
CMS,https://www.montbelvieurhc.com
CMS,https://www.montecitohc.com
CMS,https://www.montellocarecenter.org
CMS,https://www.montereau.net
CMS,https://www.montereyhc.com
CMS,https://www.montezumahealth.org
CMS,https://www.montg-pvillepediatric.com
CMS,https://www.montgomery-medical.net
CMS,https://www.montgomerychildrenscare.com
CMS,https://www.montgomerycountync.com
CMS,https://www.montgomerydentalcenter.com
CMS,https://www.montgomeryfamilycare.com
CMS,https://www.montgomeryfamilyclinic.net
CMS,https://www.montgomerypeds.com
CMS,https://www.montgomeryvillenursingandrehab.com
CMS,https://www.monticellocampus.com
CMS,https://www.montrosehealthcenter.com
CMS,https://www.mooretownrancheria-nsn.gov
CMS,https://www.mooringspark.org
CMS,https://www.moosehaven.org
CMS,https://www.mooseheart.org
CMS,https://www.mooselakevillage.org
CMS,https://www.moradaseniorliving.com
CMS,https://www.morannursingandrehab.com
CMS,https://www.moravianmanorcommunities.org
CMS,https://www.moravianvillage.com
CMS,https://www.morgancountymedical.com
CMS,https://www.morganfieldnursing.com
CMS,https://www.morgantowncare.com
CMS,https://www.morningstarcarecenter.com
CMS,https://www.morningstarliving.org
CMS,https://www.morrellnursingcenter.com
CMS,https://www.morriltonmedicalclinic.com
CMS,https://www.morrisdialysis.com
CMS,https://www.morrobay.org
CMS,https://www.morrowfamilyhealth.org
CMS,https://www.mosaicinfo.org
CMS,https://www.mosholucares.com
CMS,https://www.mostellarmedical.org
CMS,https://www.moultonclinicdistrict.org
CMS,https://www.moultriecreekrehab.com
CMS,https://www.moundvillemed.com
CMS,https://www.mountaincitycare.com
CMS,https://www.mountainhealthservices.com
CMS,https://www.mountainlands.org
CMS,https://www.mountainmanorofpaintsville.com
CMS,https://www.mountainsidehc.com
CMS,https://www.mountaintoprhc.com
CMS,https://www.mountainvalleyofcascadia.com
CMS,https://www.mountainvalleys.org
CMS,https://www.mountainviewmanor.biz
CMS,https://www.mountainviewmedical.net
CMS,https://www.mountainviewnh.com
CMS,https://www.mountainviewofcascadia.com
CMS,https://www.mountainviewwomenshealth.org
CMS,https://www.mountcarmelbehavioralhealth.com
CMS,https://www.mountcarmelliving.com
CMS,https://www.mountosb.org
CMS,https://www.mountsterlinghrc.com
CMS,https://www.mountstrita.org
CMS,https://www.mountzionhrc.com
CMS,https://www.movetobetterhealth.com
CMS,https://www.mozaicsl.org
CMS,https://www.mpachealth.com
CMS,https://www.mphci.com
CMS,https://www.mpnnbh.org
CMS,https://www.mpsdk12.net
CMS,https://www.mrccornerstone.org
CMS,https://www.mrccreekside.org
CMS,https://www.mrccrestview.org
CMS,https://www.mrcmirador.org
CMS,https://www.mrcpinecrest.org
CMS,https://www.mrcthecrossings.org
CMS,https://www.mrsphysicaltherapy.com
CMS,https://www.msd3.org
CMS,https://www.mshca.com
CMS,https://www.mshsak.org
CMS,https://www.mss.org
CMS,https://www.mtairyrehab.com
CMS,https://www.mtbakercarecenter.com
CMS,https://www.mtcomp.org
CMS,https://www.mtgrantgenhospital.org
CMS,https://www.mthcs.org
CMS,https://www.mtnlaurel.org
CMS,https://www.mtolivethomes.org
CMS,https://www.mtpca.org
CMS,https://www.mtviewmanor.com
CMS,https://www.mtwcc.com
CMS,https://www.multi-diagnostics.com
CMS,https://www.multicaretherapycenter.com
CMS,https://www.multiculturalcc.com
CMS,https://www.mundaynursing.org
CMS,https://www.murphyrehabandnursing.com
CMS,https://www.murrayridgecenter.org
CMS,https://www.muskego-health.com
CMS,https://www.muskogeenursinghome.com
CMS,https://www.mvcccommunityservices.com
CMS,https://www.mvchs.org
CMS,https://www.mvhccares.org
CMS,https://www.mvlife.org
CMS,https://www.mvmgables.com
CMS,https://www.mvnursing.net
CMS,https://www.myaccesshealth.org
CMS,https://www.myalliancehealth.com
CMS,https://www.myalliancehealth.org
CMS,https://www.myamericannurse.com
CMS,https://www.mybethanyhome.org
CMS,https://www.mybreckhealth.org
CMS,https://www.mycarecampus.com
CMS,https://www.mycarehealthcenter.org
CMS,https://www.mychangepoint.org
CMS,https://www.mycmahealth.com
CMS,https://www.mydrrc.com
CMS,https://www.myfch.org
CMS,https://www.myfchc.org
CMS,https://www.myfhs.org
CMS,https://www.mygcia.com
CMS,https://www.myharmonyhealth.org
CMS,https://www.myhaywoodregional.com
CMS,https://www.myheritagehealth.org
CMS,https://www.myhfhc.org
CMS,https://www.mykidneycenter.com
CMS,https://www.mynhfw.org
CMS,https://www.myomc.org
CMS,https://www.myparkviewmedical.com
CMS,https://www.myphysio.com
CMS,https://www.myprivia.com
CMS,https://www.myrehabetc.com
CMS,https://www.myrhc.org
CMS,https://www.myrtlesnursingcenter.com
CMS,https://www.myrutherfordregional.com
CMS,https://www.myseniorcarefinder.com
CMS,https://www.mystichealthcare.net
CMS,https://www.mytricountypeds.com
CMS,https://www.mytruehealth.org
CMS,https://www.mywheaton.org
CMS,https://www.naamanscreek.org
CMS,https://www.naatp.org
CMS,https://www.nakidneydocs.com
CMS,https://www.nanakuligoldenhawks.org
CMS,https://www.nantucket-ma.gov
CMS,https://www.naomiheightsnursingandrehab.com
CMS,https://www.naplesrenalcarellc.com
CMS,https://www.naranorthwest.org
CMS,https://www.narayanmedical.com
CMS,https://www.nashospital.com
CMS,https://www.natchezadamsschooldistrict.org
CMS,https://www.natchezpediatrics.com
CMS,https://www.nationalchurchresidences.org
CMS,https://www.nativeconnections.org
CMS,https://www.nativehealth.org
CMS,https://www.nativehealthphoenix.org
CMS,https://www.naturecoasthealthcare.com
CMS,https://www.naturecoastpt.com
CMS,https://www.naturetrailhrc.com
CMS,https://www.navarro-docs.com
CMS,https://www.nazarethlcc.com
CMS,https://www.nazhome.org
CMS,https://www.nbmchealth.com
CMS,https://www.ncch.com
CMS,https://www.ncdhp.com
CMS,https://www.nchcfa.org
CMS,https://www.nchcfqhc.org
CMS,https://www.nchcvt.org
CMS,https://www.nchdcc.org
CMS,https://www.nctlc.org
CMS,https://www.ndnursing.com
CMS,https://www.ndvh.nd.gov
CMS,https://www.neccmed.org
CMS,https://www.nehalembayhealth.org
CMS,https://www.neighborhoodhc.org
CMS,https://www.neighborhoodhealthtn.org
CMS,https://www.neighborhoodriorancho.com
CMS,https://www.nemohealthcouncil.com
CMS,https://www.neocrc.org
CMS,https://www.neohealth.org
CMS,https://www.neomedcenter.org
CMS,https://www.neonhealth.org
CMS,https://www.nephroncorporation.com
CMS,https://www.nerad.com
CMS,https://www.neshobacounty.net
CMS,https://www.netcarelifeandhealth.com
CMS,https://www.networkforhope.org
CMS,https://www.neurohopewellness.org
CMS,https://www.neuromusculartherapyofsouthflorida.net
CMS,https://www.nevadahealthcenters.org
CMS,https://www.nevadamedicalclinic.com
CMS,https://www.nevillecenter.org
CMS,https://www.nevinsfamily.org
CMS,https://www.newaldaya.org
CMS,https://www.newarkmanor.net
CMS,https://www.newarknj.gov
CMS,https://www.newavenues.net
CMS,https://www.newaygomcf.org
CMS,https://www.newbridgehealth.org
CMS,https://www.newbrightoncarecenter.com
CMS,https://www.newburghhealthcare.com
CMS,https://www.newcarecrivitz.com
CMS,https://www.newcastleplace.com
CMS,https://www.newcc.health
CMS,https://www.newcourtland.org
CMS,https://www.newdawnrehabcare.com
CMS,https://www.newfamilyhealthhi.com
CMS,https://www.newfanerehab.com
CMS,https://www.newglenoaks.com
CMS,https://www.newhavencarecenter.org
CMS,https://www.newhopecommunity.org
CMS,https://www.newhopefamilypractice.com
CMS,https://www.newhopenursing.com
CMS,https://www.newhopeofindiana.org
CMS,https://www.newhopetreatment.com
CMS,https://www.newhorizonfhs.org
CMS,https://www.newhorizonofnwf.org
CMS,https://www.newhorizonstxk.com
CMS,https://www.newnanhealthrehabilitation.org
CMS,https://www.newportsubacute.com
CMS,https://www.newriver.org
CMS,https://www.newriverhealthwv.com
CMS,https://www.newtonclinic.com
CMS,https://www.newtonvillage.org
CMS,https://www.newvanderbiltrehab.com
CMS,https://www.newvisionshs.org
CMS,https://www.newwayservicesinc.com
CMS,https://www.nexcarehealth.com
CMS,https://www.nexion-health.com
CMS,https://www.nextstephc.com
CMS,https://www.nexusfamilyhealing.org
CMS,https://www.nfbl.sc.gov
CMS,https://www.nfpmedcenter.org
CMS,https://www.ngpg.org
CMS,https://www.nhcare.org
CMS,https://www.nhclv.org
CMS,https://www.nhhca.org
CMS,https://www.nhnrc.com
CMS,https://www.nhps.net
CMS,https://www.nhrny.org
CMS,https://www.nhscnj.org
CMS,https://www.nhsinc.org
CMS,https://www.nicholasvillenr.com
CMS,https://www.nickandmikept.com
CMS,https://www.nicklaushealth.org
CMS,https://www.nicolhome.org
CMS,https://www.nilesnursing.com
CMS,https://www.nixanursingrehab.com
CMS,https://www.njeasternstar.org
CMS,https://www.njmasonic.org
CMS,https://www.njsharingnetwork.org
CMS,https://www.nlrb.gov
CMS,https://www.nmhealth.org
CMS,https://www.nmphc.org
CMS,https://www.nmrc.ms.gov
CMS,https://www.nmsh.state.ms.us
CMS,https://www.nmsportsmed.com
CMS,https://www.nnhopes.org
CMS,https://www.nnlm.gov
CMS,https://www.nnva.gov
CMS,https://www.nocofamilyhealth.org
CMS,https://www.noelachc.org
CMS,https://www.nohn-pa.org
CMS,https://www.noplacelikehomenc.com
CMS,https://www.normandysc.org
CMS,https://www.norridgegardens.com
CMS,https://www.northauburnskillednursing.com
CMS,https://www.northauroralrc.com
CMS,https://www.northbaypostacute.com
CMS,https://www.northbeachrehab.com
CMS,https://www.northbendpostacute.com
CMS,https://www.northbrookcr.com
CMS,https://www.northcrestliving.com
CMS,https://www.northdalerehab.com
CMS,https://www.northeastcenter.com
CMS,https://www.northeastmshc.com
CMS,https://www.northernexpresscare.org
CMS,https://www.northernlakesnursing.org
CMS,https://www.northernpineshealthcenter.com
CMS,https://www.northfloridamedicalcenters.org
CMS,https://www.northfloridarehabhospital.com
CMS,https://www.northhill.org
CMS,https://www.northjerseydiagnostics.com
CMS,https://www.northlakecarecenter.com
CMS,https://www.northlandlutheranwi.com
CMS,https://www.northoaksobgyn.com
CMS,https://www.northparkhealthandrehab.com
CMS,https://www.northparkpa.com
CMS,https://www.northpointhc.com
CMS,https://www.northpointhealth.org
CMS,https://www.northridge-health.com
CMS,https://www.northridgehealthrehabilitation.org
CMS,https://www.northshorehandr.com
CMS,https://www.northstarfqhc.org
CMS,https://www.northstarmanor.org
CMS,https://www.northvillagepharmacy.com
CMS,https://www.northwestchc.org
CMS,https://www.northwestnursingcenter.com
CMS,https://www.northwestphysicaltherapy.com
CMS,https://www.northwoodchildren.org
CMS,https://www.northwoodlrh.org
CMS,https://www.norwalknursingandrehab.com
CMS,https://www.norwalkwc.com
CMS,https://www.norwoodcrossing.org
CMS,https://www.noshc.org
CMS,https://www.notredamehealthcare.org
CMS,https://www.nottinghamhealthandrehab.com
CMS,https://www.nova.edu
CMS,https://www.novacare.com
CMS,https://www.novatc.org
CMS,https://www.novatohc.com
CMS,https://www.novemberandassociatestherapy.com
CMS,https://www.nowcap.com
CMS,https://www.noyes-health.org
CMS,https://www.npino.org
CMS,https://www.nps.gov
CMS,https://www.nrha.us
CMS,https://www.nschc.org
CMS,https://www.nschi.org
CMS,https://www.nshorehc.com
CMS,https://www.nstreetvillage.org
CMS,https://www.ntrehab.org
CMS,https://www.ntsoc.com
CMS,https://www.nuihc.org
CMS,https://www.nulifedialysis.com
CMS,https://www.nuroc-health.com
CMS,https://www.nursingfacility.us
CMS,https://www.nursinghomes.com
CMS,https://www.nvdonor.org
CMS,https://www.nvih.org
CMS,https://www.nwaghc.com
CMS,https://www.nwhealth-services.org
CMS,https://www.nwhealthporter.com
CMS,https://www.nwkidney.org
CMS,https://www.nwospeech.com
CMS,https://www.nwpc.com
CMS,https://www.nyakc.com
CMS,https://www.nycnc.org
CMS,https://www.nyconnects.ny.gov
CMS,https://www.nyfoundling.org
CMS,https://www.nyshfa-nyscal.org
CMS,https://www.oahucarefacility.com
CMS,https://www.oak-pointe.net
CMS,https://www.oakbrookhealthandrehab.com
CMS,https://www.oakcreekrehab.com
CMS,https://www.oakcreeksuites.com
CMS,https://www.oakdalecaringcenter.com
CMS,https://www.oakhammock.org
CMS,https://www.oakhillmanorithaca.com
CMS,https://www.oakhillscarecenter.com
CMS,https://www.oakland-rehab.com
CMS,https://www.oaklandhc.com
CMS,https://www.oaklandhgts.com
CMS,https://www.oaklandparktrf.com
CMS,https://www.oaklandprimaryhealth.org
CMS,https://www.oaklanewellness.com
CMS,https://www.oaklawnrehab.com
CMS,https://www.oakleafsurgical.com
CMS,https://www.oakmontguestcare.com
CMS,https://www.oaknoll.com
CMS,https://www.oakparkhc.com
CMS,https://www.oakparkplace.com
CMS,https://www.oakridgecarecenter.com
CMS,https://www.oakridgehomellc.com
CMS,https://www.oakridgeofplattsburg.org
CMS,https://www.oakridgerhc.com
CMS,https://www.oaksnursingcenter.com
CMS,https://www.oaksofhouma.com
CMS,https://www.oaksofla.com
CMS,https://www.oaktraceseniorliving.com
CMS,https://www.oakviewhealth.org
CMS,https://www.oakviewnursingandrehab.com
CMS,https://www.oakviewwaverlyhall.org
CMS,https://www.oakvillagehealthcare.com
CMS,https://www.oakwoodvillage.net
CMS,https://www.ocalaoaksrehab.com
CMS,https://www.ocalarehab.com
CMS,https://www.occupationaltherapyservices.net
CMS,https://www.oceanamcf.org
CMS,https://www.oceanpointehealth.com
CMS,https://www.oceansidecc.com
CMS,https://www.oceansidernc.com
CMS,https://www.ochbuffalo.org
CMS,https://www.ochc-milw.org
CMS,https://www.ochrc.com
CMS,https://www.ochsner-rehab.com
CMS,https://www.ocnursingrehab.com
CMS,https://www.oconto-health.com
CMS,https://www.ocspecialtyhealth.com
CMS,https://www.odcinc.com
CMS,https://www.odessamedgroup.com
CMS,https://www.odinhrc.com
CMS,https://www.odysseyhouse.org
CMS,https://www.oelwein.com
CMS,https://www.oeshome.org
CMS,https://www.offeringhope.org
CMS,https://www.ofrh.org
CMS,https://www.ohanapacific.com
CMS,https://www.ohca.com
CMS,https://www.ohca.org
CMS,https://www.ohcc.org
CMS,https://www.ohelfamily.org
CMS,https://www.ohio.edu
CMS,https://www.ohiochc.org
CMS,https://www.ohiocountyhomes.org
CMS,https://www.ohiohelps.org
CMS,https://www.ohiohillshealthcenters.com
CMS,https://www.ohiovalleymanor.com
CMS,https://www.ohlinc.org
CMS,https://www.ohmanfamilyliving.com
CMS,https://www.ohow.com
CMS,https://www.oihn.org
CMS,https://www.okdrs.gov
CMS,https://www.oklahomamemory.com
CMS,https://www.okmulgeeterrace.com
CMS,https://www.okolona.k12.ms.us
CMS,https://www.oldmillrehab.com
CMS,https://www.olehealth.org
CMS,https://www.olivebranchhealthrehab.com
CMS,https://www.olvhs.org
CMS,https://www.olympiamc.com
CMS,https://www.omahaseniorcare.org
CMS,https://www.omegahospital.com
CMS,https://www.omnicanhelp.com
CMS,https://www.omniimaging.com
CMS,https://www.omnirehab.net
CMS,https://www.omronursing.com
CMS,https://www.one80place.org
CMS,https://www.onechc.org
CMS,https://www.onecommunityhealth.org
CMS,https://www.onehealthcaresforall.org
CMS,https://www.oneidacountyhospital.com
CMS,https://www.oneidaindiannation.com
CMS,https://www.oneidanursingandrehab.com
CMS,https://www.onelegacy.org
CMS,https://www.onelfs.org
CMS,https://www.oneworldomaha.org
CMS,https://www.onsiteimagingny.com
CMS,https://www.ontariogrove.com
CMS,https://www.onwithlife.org
CMS,https://www.op.nysed.gov
CMS,https://www.opcc.org
CMS,https://www.openarmscare.org
CMS,https://www.opendoorhs.org
CMS,https://www.opengateinc.org
CMS,https://www.openplacement.com
CMS,https://www.oppent.org
CMS,https://www.oppfound.org
CMS,https://www.opportunityhomes.org
CMS,https://www.opportunityliving.org
CMS,https://www.ops.org
CMS,https://www.opsam.org
CMS,https://www.optalishealthcare.com
CMS,https://www.optimacarecastlehill.com
CMS,https://www.optimacarefountains.com
CMS,https://www.optimacareharborview.com
CMS,https://www.optimorthopedics.com
CMS,https://www.orangecityrehab.com
CMS,https://www.orangecountyglobalmedicalcenter.com
CMS,https://www.orangecountygov.com
CMS,https://www.orangegrovecenter.org
CMS,https://www.orangerehabilitation.com
CMS,https://www.orcfulton.com
CMS,https://www.orchardcreektc.com
CMS,https://www.orchardhealth.org
CMS,https://www.orchardmanor.org
CMS,https://www.orchardvalleyhrc.com
CMS,https://www.orchardviewhc.com
CMS,https://www.orchidhealth.org
CMS,https://www.organ.org
CMS,https://www.ori-hawaii.com
CMS,https://www.oriolhealthcare.com
CMS,https://www.orionmhservices.com
CMS,https://www.orlandchildrenscenter.com
CMS,https://www.orlando-rehabhospital.com
CMS,https://www.orlandoseniorhealth.org
CMS,https://www.ormondnursing.com
CMS,https://www.orthotx.com
CMS,https://www.orwpt.com
CMS,https://www.osagenursingcenter.com
CMS,https://www.osceolahealthcare.org
CMS,https://www.osceolarhc.org
CMS,https://www.ossianhealthandrehab.com
CMS,https://www.otmdc.org
CMS,https://www.ottawafamilyphysicians.com
CMS,https://www.ottumwahealthgroup.com
CMS,https://www.ouachitahealthcare.com
CMS,https://www.ouachitanursing.com
CMS,https://www.our-lady-of-peace.com
CMS,https://www.ourclinic.org
CMS,https://www.ourdailybreadhammond.org
CMS,https://www.ourhomeinc.org
CMS,https://www.ourladyofhope.com
CMS,https://www.ourladyofthevalley.com
CMS,https://www.ourlegacyfl.org
CMS,https://www.outercape.org
CMS,https://www.outreachhs.org
CMS,https://www.outreachindiana.org
CMS,https://www.outreachms.com
CMS,https://www.overbrookfriedlanderprograms.org
CMS,https://www.overlandterrace.com
CMS,https://www.overlook-mass.org
CMS,https://www.ovhealth.org
CMS,https://www.owenvalleyhcr.com
CMS,https://www.owsleycountyhealthcarecenter.com
CMS,https://www.oxford-nursinghome.com
CMS,https://www.oxfordkids.com
CMS,https://www.oxfordphysicaltherapy.com
CMS,https://www.oxleyparkhealth.org
CMS,https://www.oxnardhc.com
CMS,https://www.ozanamhall.org
CMS,https://www.ozarkhealth.net
CMS,https://www.ozarknursingandrehab.com
CMS,https://www.ozarkphysicaltherapy.com
CMS,https://www.paacmd.com
CMS,https://www.pacesp.com
CMS,https://www.pachaven.com
CMS,https://www.pacificcarehome.com
CMS,https://www.pacificcarenc.com
CMS,https://www.pacificcoastmed.com
CMS,https://www.pacommunitycare.org
CMS,https://www.pactherapy.com
CMS,https://www.pagosamountainhospital.org
CMS,https://www.palatinenh.com
CMS,https://www.palazzopostacute.com
CMS,https://www.palmcityrehab.com
CMS,https://www.palmettocarecenter.com
CMS,https://www.palmgardenscenter.com
CMS,https://www.palmmedicalcenters.com
CMS,https://www.palmscc.com
CMS,https://www.palmvillage.com
CMS,https://www.pampaphysicaltherapy.com
CMS,https://www.panahrc.com
CMS,https://www.panorama.org
CMS,https://www.paoniacare.com
CMS,https://www.papeterson.com
CMS,https://www.paradigmatfaithmemorial.com
CMS,https://www.paradigmatfirstcolony.com
CMS,https://www.paradigmatkountze.com
CMS,https://www.paradigmatstevens.com
CMS,https://www.paradigmatsweeny.com
CMS,https://www.paradigmatthebrazos.com
CMS,https://www.paradigmatthecreek.com
CMS,https://www.paradigmattheoak.com
CMS,https://www.paradigmattheprairies.com
CMS,https://www.paradigmatwestbury.com
CMS,https://www.paradigmatwoodwindlakes.com
CMS,https://www.paradigmsenior.com
CMS,https://www.paradisecreekofcascadia.com
CMS,https://www.paragonptandrehab.com
CMS,https://www.paramountseniorliving.com
CMS,https://www.parc-fl.org
CMS,https://www.parcplacemedicalresort.com
CMS,https://www.parishealthgroup.com
CMS,https://www.parisregionalhealth.com
CMS,https://www.park-health.net
CMS,https://www.parkavedialysis.com
CMS,https://www.parkaveextendedcare.com
CMS,https://www.parkavehc.org
CMS,https://www.parkcenter.org
CMS,https://www.parkcountyre2.org
CMS,https://www.parkdalemanorhr.com
CMS,https://www.parkerhealthandrehab.com
CMS,https://www.parkerinstitute.org
CMS,https://www.parkerlife.org
CMS,https://www.parkernrc.com
CMS,https://www.parkforestcarecenter.com
CMS,https://www.parklanenursinghome.com
CMS,https://www.parklawn.com
CMS,https://www.parkmanor-conroe.com
CMS,https://www.parkmanor-cyfair.com
CMS,https://www.parkmanor-cypressstation.com
CMS,https://www.parkmanor-humble.com
CMS,https://www.parkmanor-quailvalley.com
CMS,https://www.parkmanor-southbelt.com
CMS,https://www.parkmanor-thewoodlands.com
CMS,https://www.parkmanor-tomball.com
CMS,https://www.parkmanor-westchase.com
CMS,https://www.parkmanorwi.com
CMS,https://www.parkplacemanor.com
CMS,https://www.parkplacenursingandrehab.com
CMS,https://www.parkridgenursingcenter.com
CMS,https://www.parkriverestatescarecenter.com
CMS,https://www.parkrose.k12.or.us
CMS,https://www.parkshoreestates.com
CMS,https://www.parksideellijay.com
CMS,https://www.parksidehc.com
CMS,https://www.parksprings.com
CMS,https://www.parkterracerehab.com
CMS,https://www.parktreechc.org
CMS,https://www.parkviewcarecenteroffremont.com
CMS,https://www.parkviewhaven.com
CMS,https://www.parkviewhavenfacilities.com
CMS,https://www.parkviewnursing.net
CMS,https://www.parkviewnursinghc.com
CMS,https://www.parkviewrehabilitation.com
CMS,https://www.parkviewreinbeck.com
CMS,https://www.parkviewsenior.org
CMS,https://www.parkviewwayland.com
CMS,https://www.parkvillanursinghome.org
CMS,https://www.parkvillecarectr.com
CMS,https://www.parkwayhillsnursing.com
CMS,https://www.parkwaypavilion-health.com
CMS,https://www.parkwestmed.org
CMS,https://www.parmacarecenter.com
CMS,https://www.parsonscenter.org
CMS,https://www.partnershipchc.org
CMS,https://www.pasadenaparkhc.com
CMS,https://www.pascuayaqui-nsn.gov
CMS,https://www.passaiccountynj.org
CMS,https://www.passlifeon.org
CMS,https://www.patapscohcr.com
CMS,https://www.pathfinderinc.org
CMS,https://www.pathsinc.org
CMS,https://www.pathwaysforyou.org
CMS,https://www.patricianealrehab.com
CMS,https://www.patrickcountyfamilypractice.com
CMS,https://www.pattersonca.gov
CMS,https://www.pavilionatglaciervalley.com
CMS,https://www.pavilionnsg.com
CMS,https://www.paviliononpico.com
CMS,https://www.payettehealthcareofcascadia.com
CMS,https://www.pbhospital.com
CMS,https://www.pc3med.com
CMS,https://www.pcatexas.com
CMS,https://www.pccek.com
CMS,https://www.pccsinc.org
CMS,https://www.pccwellness.org
CMS,https://www.pchclinic.com
CMS,https://www.pchcofguymon.org
CMS,https://www.pchdtx.gov
CMS,https://www.pchsak.org
CMS,https://www.pchsmedclinic.org
CMS,https://www.pchsweb.org
CMS,https://www.pclr.org
CMS,https://www.pcmcf.com
CMS,https://www.pcsdms.com
CMS,https://www.pcsvcs.org
CMS,https://www.pcswga.org
CMS,https://www.pdcentersofamerica.com
CMS,https://www.pdicare.com
CMS,https://www.pdnnursing.com
CMS,https://www.pdsdlab.com
CMS,https://www.peacecarenj.org
CMS,https://www.peachtreectr.com
CMS,https://www.peachtreehillsplace.com
CMS,https://www.peachtreemed.com
CMS,https://www.peadd.org
CMS,https://www.peakvista.org
CMS,https://www.pearlcitynursinghome.com
CMS,https://www.pearlelkgrove.com
CMS,https://www.pearlhinsdale.com
CMS,https://www.pearltillers.com
CMS,https://www.pecanbayounursingandrehabilitation.com
CMS,https://www.pecantreerehabandhealth.com
CMS,https://www.pediatricassociates.com
CMS,https://www.pediatricdoctortroyal.com
CMS,https://www.pediatricgroupllc.com
CMS,https://www.pediatricpracticeassociates.com
CMS,https://www.pediatricprimarycareclinic.com
CMS,https://www.pediatricsofwhidbey.com
CMS,https://www.pediatricsplustn.com
CMS,https://www.pediatrictherapyassoc.com
CMS,https://www.pelicanpeds.com
CMS,https://www.pelicanvalleyseniorliving.org
CMS,https://www.penacookplace.org
CMS,https://www.pendletoncountyschools.com
CMS,https://www.pendletonfamilymedicine.com
CMS,https://www.pendletonmanor.org
CMS,https://www.pendletonrhc.com
CMS,https://www.pennsylvaniakidneycare.com
CMS,https://www.pennyroyalcenter.org
CMS,https://www.penobscotnation.org
CMS,https://www.people-inc.org
CMS,https://www.peoples-center.org
CMS,https://www.peoples-clinic.com
CMS,https://www.peopleservingpeople.org
CMS,https://www.performanceplusrehab.com
CMS,https://www.performancetherapyms.com
CMS,https://www.perrycountynursing.com
CMS,https://www.perrycountynursingandrehab.com
CMS,https://www.perryltc.com
CMS,https://www.perseushouse.org
CMS,https://www.personfamilymedical.com
CMS,https://www.pesachtikvah.org
CMS,https://www.petalumapostacute.com
CMS,https://www.peterbeckercommunity.com
CMS,https://www.petersenhealthcare.net
CMS,https://www.petersonparkhealthcarecenter.com
CMS,https://www.petersonrhc.com
CMS,https://www.pgacadiana.com
CMS,https://www.pgseo.org
CMS,https://www.pgtigers.org
CMS,https://www.phcx.org
CMS,https://www.phelpsmedicalgroup.com
CMS,https://www.phghouston.com
CMS,https://www.phhealthsf.com
CMS,https://www.phila.gov
CMS,https://www.phillipscountyks.org
CMS,https://www.phillipscountyretirement.org
CMS,https://www.phmc.org
CMS,https://www.phntx.org
CMS,https://www.phoenixcrp.com
CMS,https://www.phoenixresidence.org
CMS,https://www.phoenixsrliving.com
CMS,https://www.phquitman.org
CMS,https://www.phsccenter.org
CMS,https://www.physicalrehabstl.com
CMS,https://www.physicaltherapyinc.net
CMS,https://www.physicaltherapypurcellville.com
CMS,https://www.physicianscare.org
CMS,https://www.physicianstotalrehab.com
CMS,https://www.physiopt.com
CMS,https://www.picak.org
CMS,https://www.pickettcare.com
CMS,https://www.piedmonthc.com
CMS,https://www.piedmontpeds.com
CMS,https://www.piercecare.org
CMS,https://www.piggotthcc.com
CMS,https://www.pikecreekhc.com
CMS,https://www.piketonnursingcenter.com
CMS,https://www.pilgrimplace.org
CMS,https://www.pillarhealthcare.org
CMS,https://www.pillarseniorcare.com
CMS,https://www.pillowclinicpllc.com
CMS,https://www.pinecrestcares.org
CMS,https://www.pineeagleclinic.org
CMS,https://www.pinegrove-care.net
CMS,https://www.pinegrovehc.com
CMS,https://www.pineknollnursingandrehabilitation.com
CMS,https://www.pinellaspointrehab.com
CMS,https://www.pineridgerhc.com
CMS,https://www.pinersnursinghome.com
CMS,https://www.pinescare.com
CMS,https://www.pineviewcarecenter.com
CMS,https://www.pinevillageks.org
CMS,https://www.pinevillechildrensclinic.com
CMS,https://www.pinevillehospital.net
CMS,https://www.pineyridge.net
CMS,https://www.pinkbudnursingcenter.com
CMS,https://www.pinkribbonmammo.org
CMS,https://www.pinnacleliving.org
CMS,https://www.pinnaclesanford.com
CMS,https://www.pinoakslivingcenter.com
CMS,https://www.pioneercare.org
CMS,https://www.pioneerdr.com
CMS,https://www.pioneerhcc.com
CMS,https://www.pioneertrace.com
CMS,https://www.pipershores.org
CMS,https://www.pipestonehealth.org
CMS,https://www.pitriverhealthservice.org
CMS,https://www.pittsburg-nursing.com
CMS,https://www.pivotphysicaltherapy.com
CMS,https://www.plainviewcare.com
CMS,https://www.plainviewmanor.com
CMS,https://www.plantationmanor.org
CMS,https://www.plantationmanornursingandrehab.com
CMS,https://www.plantationoaksnursingandrehab.com
CMS,https://www.plantationrehab.com
CMS,https://www.plateaupediatrics.com
CMS,https://www.plauchemd.com
CMS,https://www.plazahealthcare.com
CMS,https://www.plazahealthcenter.com
CMS,https://www.pleasantmanornursing.com
CMS,https://www.pleasantonsouthhc.com
CMS,https://www.pleasantridgemanor.com
CMS,https://www.pleasantscountyschools.com
CMS,https://www.pleasantvalleyhealthcare.com
CMS,https://www.pleasantvalleynursing.com
CMS,https://www.pleasantviewcarecenter.com
CMS,https://www.pleasantviewhome.com
CMS,https://www.pleasantvnc.com
CMS,https://www.plthc.org
CMS,https://www.plumcitycare.com
CMS,https://www.plumcreekmedicalgroup.com
CMS,https://www.plusinc.net
CMS,https://www.pmchc.org
CMS,https://www.pmcotc.com
CMS,https://www.pmsnm.org
CMS,https://www.pmxservices.com
CMS,https://www.pnhvale.org
CMS,https://www.pnw.edu
CMS,https://www.pocahontashc.com
CMS,https://www.pointecoupeehealthcare.com
CMS,https://www.pointlookoutnursing.com
CMS,https://www.polktherapy.com
CMS,https://www.pomonahc.com
CMS,https://www.poncacitynursingandrehab.com
CMS,https://www.poncatribe-ne.gov
CMS,https://www.ponderosavilla.com
CMS,https://www.pontiaccare.com
CMS,https://www.poplargrove.care
CMS,https://www.portableservice.com
CMS,https://www.portlandcare.net
CMS,https://www.portlandmaine.gov
CMS,https://www.portlandschools.org
CMS,https://www.portorangerehab.com
CMS,https://www.positivedirectionsinc.org
CMS,https://www.positivegrowthinc.org
CMS,https://www.potawatomi.org
CMS,https://www.potomaccenter.com
CMS,https://www.potosimanor.com
CMS,https://www.pottstownnursingandrehab.com
CMS,https://www.poudrecanyonhrc.com
CMS,https://www.powderspringsnursing.com
CMS,https://www.powerbackrehabtoyou.com
CMS,https://www.pps.net
CMS,https://www.pptsm.com
CMS,https://www.ppxray.com
CMS,https://www.prairiecommunityhospital.com
CMS,https://www.prairiegrovehr.com
CMS,https://www.prairieheightshealthcare.com
CMS,https://www.prairiehouselivingcenter.com
CMS,https://www.prairiemanor.org
CMS,https://www.prairieridgehr.com
CMS,https://www.prairieviewcampus.com
CMS,https://www.prcmn.com
CMS,https://www.precisionhc.org
CMS,https://www.precisionhealthservices.com
CMS,https://www.preferredmedgroup.com
CMS,https://www.premiercentralpediatrics.net
CMS,https://www.premierdiabetescareandmedical.com
CMS,https://www.premierdialysis.com
CMS,https://www.premierofillinois.com
CMS,https://www.premierpediatricsla.net
CMS,https://www.premierprimarycareunioncity.com
CMS,https://www.premierradiology.com
CMS,https://www.premiumhealth.org
CMS,https://www.presbyterianhomes.org
CMS,https://www.presbyterianmanors.org
CMS,https://www.presbyterianseniorliving.org
CMS,https://www.presbyvillage.org
CMS,https://www.prescommunities.org
CMS,https://www.prescotthousehc.com
CMS,https://www.presidentialoaks.org
CMS,https://www.prestonfamilymedical.com
CMS,https://www.prestonsburghealthcare.com
CMS,https://www.prestonwoodrehab.com
CMS,https://www.prfiorg.com
CMS,https://www.prideinc.org
CMS,https://www.primary-health.net
CMS,https://www.primaryhealthcarecenters.org
CMS,https://www.primaryonehealth.org
CMS,https://www.primcaresys.org
CMS,https://www.primecarehealth.org
CMS,https://www.primeptsports.com
CMS,https://www.princetonrehab.com
CMS,https://www.princetontransitionalcare.com
CMS,https://www.priorityhealthcare.org
CMS,https://www.prismhealth.org
CMS,https://www.proactiveptperformance.com
CMS,https://www.proactivetherapy.org
CMS,https://www.procarerehabilitation.com
CMS,https://www.prodigytransitionalrehab.com
CMS,https://www.professionalimagingnetwork.com
CMS,https://www.professionalrehabassociates.com
CMS,https://www.progbeg.com
CMS,https://www.progressive-pt.com
CMS,https://www.progressivecarecenters.com
CMS,https://www.progressivetherapyinc.com
CMS,https://www.projecthome.org
CMS,https://www.projecthopecamden.org
CMS,https://www.projectrenewal.org
CMS,https://www.promenadehealthandrehab.com
CMS,https://www.promenadenh.com
CMS,https://www.promisehealth.org
CMS,https://www.promisingfutures.net
CMS,https://www.promontoryrehab.com
CMS,https://www.prophysicaltherapyonline.com
CMS,https://www.prosserhealth.org
CMS,https://www.protectionvalleymanor.com
CMS,https://www.proteusinc.net
CMS,https://www.providencechc.org
CMS,https://www.providencehealthcare.org
CMS,https://www.providencehospitalsouthfield.com
CMS,https://www.providenceswedishrehabhospital.com
CMS,https://www.prrenalhealth.org
CMS,https://www.pruitthealth.com
CMS,https://www.pshcks.org
CMS,https://www.pskc.net
CMS,https://www.psocinc.com
CMS,https://www.pspendleton.com
CMS,https://www.psychcrime.org
CMS,https://www.ptaclinic.com
CMS,https://www.ptchc.com
CMS,https://www.ptclinicparis.com
CMS,https://www.ptkansas.com
CMS,https://www.ptplusinc.us
CMS,https://www.ptpros.com
CMS,https://www.ptstn.net
CMS,https://www.ptstoccoa.com
CMS,https://www.pueblochc.org
CMS,https://www.pugetsound.care
CMS,https://www.pulaskihealthcarecenter.com
CMS,https://www.pullmanregional.org
CMS,https://www.purcellsunset.com
CMS,https://www.pureviewhealthcenter.org
CMS,https://www.putnamcountytnhealthdept.com
CMS,https://www.puxiconursing.com
CMS,https://www.pvathens.org
CMS,https://www.pvaustell.org
CMS,https://www.pvida.net
CMS,https://www.pvmnh.com
CMS,https://www.pvrsdk12.org
CMS,https://www.pvs.k12.nm.us
CMS,https://www.qbecf.com
CMS,https://www.qchc.org
CMS,https://www.qliri.org
CMS,https://www.qmxmobilehealth.com
CMS,https://www.qsac.com
CMS,https://www.qslmseniorliving.com
CMS,https://www.quailhavenvillage.com
CMS,https://www.quailridgelivingcenter.com
CMS,https://www.quailrunhc.com
CMS,https://www.qualitydialysis.com
CMS,https://www.qualitylifeservices.com
CMS,https://www.qualitytherapyproviders.com
CMS,https://www.qualitytherapyservices.com
CMS,https://www.quapawcr.com
CMS,https://www.queencitynursingcenter.com
CMS,https://www.queenscp.org
CMS,https://www.querenciabartoncreek.com
CMS,https://www.quickvisiturgentcare.com
CMS,https://www.quincymedgroup.com
CMS,https://www.radianceradiology.com
CMS,https://www.radiationphysics.com
CMS,https://www.radiologyimagingcenters.com
CMS,https://www.radnet.com
CMS,https://www.radxmobile.com
CMS,https://www.raeannsuburban.com
CMS,https://www.rainbowpediatricpc.com
CMS,https://www.raleighortho.com
CMS,https://www.raleighrehabhc.com
CMS,https://www.ramseycounty.us
CMS,https://www.ranchocieloyc.org
CMS,https://www.ranchomiragehcc.com
CMS,https://www.randolphhome.com
CMS,https://www.rapid-ray.com
CMS,https://www.rapidespt.com
CMS,https://www.rauschclinics.com
CMS,https://www.rbbhcc.org
CMS,https://www.rbclinic.org
CMS,https://www.rcavonpark.net
CMS,https://www.rcchc.org
CMS,https://www.rcfhc.org
CMS,https://www.rcms-healthcare.org
CMS,https://www.reachak.org
CMS,https://www.reboundsportspt.com
CMS,https://www.recoveryconsultants.org
CMS,https://www.recoveryteam.org
CMS,https://www.red-rock.com
CMS,https://www.redbudvillage.org
CMS,https://www.reddingmedicalimaging.com
CMS,https://www.reddingpostacute.net
CMS,https://www.redeemerhealthcarecenter.org
CMS,https://www.redeemerseniorliving.org
CMS,https://www.redhillsortho.com
CMS,https://www.redlandshcc.com
CMS,https://www.redoakcc.com
CMS,https://www.redoakhealthandrehabilitation.com
CMS,https://www.redwoodpediatrics.com
CMS,https://www.reedcityschools.org
CMS,https://www.regency-pacific.com
CMS,https://www.regencyhealthcare.com
CMS,https://www.regencyheritagenursing.com
CMS,https://www.regencyparknursinghome.com
CMS,https://www.regentcare-thewoodlands.com
CMS,https://www.regentcare.biz
CMS,https://www.reginahealthcenter.org
CMS,https://www.regionalhealthplus.com
CMS,https://www.regionalphysicianservices.com
CMS,https://www.rehab.com
CMS,https://www.rehab1cci.com
CMS,https://www.rehabalabama.com
CMS,https://www.rehabassociates.com
CMS,https://www.rehabatshannondell.com
CMS,https://www.rehabcenteratbristol.com
CMS,https://www.rehabdynamics.com
CMS,https://www.rehabgv.com
CMS,https://www.rehabhospitalofjennings.com
CMS,https://www.rehabonehomecare.com
CMS,https://www.rehabselect.net
CMS,https://www.rehabsouthsanantonio.com
CMS,https://www.reidhospital.org
CMS,https://www.reliant-rehab.com
CMS,https://www.reliantcaremgmt.com
CMS,https://www.rem-oh.com
CMS,https://www.remiowa.com
CMS,https://www.remminnesota.com
CMS,https://www.remnorthdakota.com
CMS,https://www.remwestvirginia.com
CMS,https://www.renaissancehcr.com
CMS,https://www.renaissancerehab.org
CMS,https://www.renalcaregroup.com
CMS,https://www.renalis.com
CMS,https://www.renalspecialists.com
CMS,https://www.rennesgroup.com
CMS,https://www.rensco.com
CMS,https://www.rentonhealthandrehabilitation.com
CMS,https://www.renviva.com
CMS,https://www.republicnursingrehab.com
CMS,https://www.rescare.com
CMS,https://www.reserveatspringhill.org
CMS,https://www.resilireneuro.com
CMS,https://www.resortnh.net
CMS,https://www.resourcecare.org
CMS,https://www.resourcetreatmentcenter.com
CMS,https://www.resthavennursingandrehab.com
CMS,https://www.retirementhomesnearme.net
CMS,https://www.retirementranch.org
CMS,https://www.reunionplazahealthandrehab.com
CMS,https://www.reynos.com
CMS,https://www.rffhc.com
CMS,https://www.rfwic.com
CMS,https://www.rhc-pt.com
CMS,https://www.rhcchealth.org
CMS,https://www.rhcnepa.com
CMS,https://www.rhd.org
CMS,https://www.rhdconsult.com
CMS,https://www.rheum-care.com
CMS,https://www.rhgnc.org
CMS,https://www.rhnmc.org
CMS,https://www.rhrhcenter.com
CMS,https://www.rhsc.org
CMS,https://www.riceestate.org
CMS,https://www.ricelandhealthcare.com
CMS,https://www.richlandplace.com
CMS,https://www.richlandsource.com
CMS,https://www.richmondpostacute.com
CMS,https://www.richsquarerehab.com
CMS,https://www.richwoodsr7.org
CMS,https://www.ridgecresthealthandrehab.com
CMS,https://www.ridgecrestnursing.com
CMS,https://www.ridgecrestvillage.org
CMS,https://www.ridgelandnrc.com
CMS,https://www.ridgeviewhrc.com
CMS,https://www.ridgeviewmonroe.com
CMS,https://www.ridgewayrc.com
CMS,https://www.ridgewood-seward.com
CMS,https://www.ridgewoodmanornursingandrehab.com
CMS,https://www.riggshealth.com
CMS,https://www.rileychildrens.org
CMS,https://www.riogranderhc.com
CMS,https://www.rise4me.com
CMS,https://www.rismobilediagnostic.com
CMS,https://www.ritchieschools.com
CMS,https://www.riverbankpostacute.com
CMS,https://www.riverbendhcc.com
CMS,https://www.riverbendhospital.com
CMS,https://www.riverbendhr.com
CMS,https://www.rivercitylivingcommunity.com
CMS,https://www.rivercityrehab.com
CMS,https://www.riverdalenursing.com
CMS,https://www.riverdellcc.com
CMS,https://www.rivergarden.org
CMS,https://www.riverhavennursing.com
CMS,https://www.riverhillshealth.org
CMS,https://www.riveroakscares.com
CMS,https://www.riveroaksnursingandrehab.com
CMS,https://www.riveroaksok.com
CMS,https://www.riveroflifemission.org
CMS,https://www.riverridgerehab.com
CMS,https://www.riversbendrc.org
CMS,https://www.riversedgehealth.org
CMS,https://www.riverside-health.com
CMS,https://www.riverside-rehabilitation.com
CMS,https://www.riversidecareandrehab.com
CMS,https://www.riversidefamilyclinic.com
CMS,https://www.riversidefoundation.net
CMS,https://www.riversidegeneralhospital.org
CMS,https://www.riversidehealthrehabilitation.org
CMS,https://www.riversidemanor.com
CMS,https://www.riverspringliving.org
CMS,https://www.riverstreethc.com
CMS,https://www.rivervalleyhcw.com
CMS,https://www.rivervalleyok.com
CMS,https://www.rivervalleyrehab.com
CMS,https://www.rivervalleyrhc.com
CMS,https://www.riverview-health.net
CMS,https://www.riverview-pointe.net
CMS,https://www.riverviewatthepark.com
CMS,https://www.riverviewcarecenter.com
CMS,https://www.riverviewhealthcarecenter.com
CMS,https://www.riverviewmanorowego.com
CMS,https://www.riverviewnursing.com
CMS,https://www.riverviewpeds.com
CMS,https://www.riverviewrehabcenter.com
CMS,https://www.riverwaysmanor.com
CMS,https://www.riverwoodhealth.com
CMS,https://www.rivetusrehab.com
CMS,https://www.rivierapalmsrehab.com
CMS,https://www.rkmcare.org
CMS,https://www.rmchealth.org
CMS,https://www.rmcl.org
CMS,https://www.rmdstexas.com
CMS,https://www.rncrhealth.org
CMS,https://www.rns-watch.org
CMS,https://www.rnsb.k12.nm.us
CMS,https://www.roadrunnerradiology.com
CMS,https://www.roadrunnerxray.com
CMS,https://www.robertshealthcentre.com
CMS,https://www.rockahc.org
CMS,https://www.rockawaydialysis.com
CMS,https://www.rockbridge.k12.va.us
CMS,https://www.rockcastlehealth.com
CMS,https://www.rockcountyhospital.com
CMS,https://www.rockcreekrhc.com
CMS,https://www.rockfordcenter.com
CMS,https://www.rockhousetx.org
CMS,https://www.rockland-ridge.net
CMS,https://www.rockvalleypt.com
CMS,https://www.rockwellnursinghome.com
CMS,https://www.rockwoodretirement.org
CMS,https://www.rockymountaintherapy.org
CMS,https://www.rockymountrehab.com
CMS,https://www.rockypointcarecenter.com
CMS,https://www.rockyridgemanor.com
CMS,https://www.rogershc.com
CMS,https://www.roguevalleymanor.org
CMS,https://www.rolandparkhc.com
CMS,https://www.rollingfields.com
CMS,https://www.rollinggreenvillage.com
CMS,https://www.rollinghillshealthcare.com
CMS,https://www.rollingmeadowshealthandrehab.com
CMS,https://www.romaneagle.org
CMS,https://www.roolanhealthrehab.com
CMS,https://www.rosebudhcc.org
CMS,https://www.rosecrance.org
CMS,https://www.rosecranscc.com
CMS,https://www.rosecrest.org
CMS,https://www.rosegardennj.com
CMS,https://www.roselanehome.com
CMS,https://www.roselinncarecenter.com
CMS,https://www.rosemeaddialysis.com
CMS,https://www.roseviewnursingandrehab.com
CMS,https://www.rosevillehc.com
CMS,https://www.rosewood-nursing.com
CMS,https://www.rosewoodhomemarket.com
CMS,https://www.rosewoodrcc.com
CMS,https://www.rosshealthcare.com
CMS,https://www.rossmemorial.com
CMS,https://www.rossvillehc.com
CMS,https://www.roswellnursingandrehabilitation.com
CMS,https://www.rouse.org
CMS,https://www.royalhealthgroup.com
CMS,https://www.royalmanor.net
CMS,https://www.royaloaksnursingandrehab.com
CMS,https://www.royalparkhealthandrehab.com
CMS,https://www.royalpediatrics.net
CMS,https://www.royalspringshcc.com
CMS,https://www.royaltreatmenthealthcare.com
CMS,https://www.royalvistacare.com
CMS,https://www.rphc.org
CMS,https://www.rpsb.us
CMS,https://www.rrhc.org
CMS,https://www.rrhsf.org
CMS,https://www.rrths.org
CMS,https://www.rsbcihi.org
CMS,https://www.rsi-nc.org
CMS,https://www.rsiphysicaltherapy.com
CMS,https://www.rsitherapy.net
CMS,https://www.rsli.org
CMS,https://www.ruralhealthinc.org
CMS,https://www.ruralhealthnetworkinc.com
CMS,https://www.ruralmedicalservices.org
CMS,https://www.ruralrehabservices.com
CMS,https://www.rushpt.com
CMS,https://www.rushspecialtyhospital.com
CMS,https://www.rutgers.edu
CMS,https://www.ruthebcowl.org
CMS,https://www.rutherfordphysicianpractices.com
CMS,https://www.rvpcs.org
CMS,https://www.rvshc.org
CMS,https://www.rydersrehab.com
CMS,https://www.sabancommunityclinic.org
CMS,https://www.saberhealth.com
CMS,https://www.sabineurgentcare.com
CMS,https://www.sachealth.org
CMS,https://www.sacobaypt.com
CMS,https://www.sacredhcc.org
CMS,https://www.sadlerhealth.org
CMS,https://www.safelightfamily.org
CMS,https://www.saintanthonycares.com
CMS,https://www.saintbarbaras.com
CMS,https://www.saintfrancisrehab.com
CMS,https://www.saintjohnxxiiihome.org
CMS,https://www.saintjosephsvilla.org
CMS,https://www.SaintLukesHospital.com
CMS,https://www.sainttherese.org
CMS,https://www.saipanrenalcare.com
CMS,https://www.sakidney.com
CMS,https://www.salem-woods.net
CMS,https://www.salemchristianhomes.org
CMS,https://www.salemhaven.com
CMS,https://www.salemhomeks.org
CMS,https://www.salemlutheranhomes.org
CMS,https://www.salemplacerehab.com
CMS,https://www.salemschools.com
CMS,https://www.salmonriverclinic.org
CMS,https://www.salud.pr.gov
CMS,https://www.saludanursing.org
CMS,https://www.saludclinic.org
CMS,https://www.salude.com
CMS,https://www.saludschools.org
CMS,https://www.salyersvillenursing.com
CMS,https://www.samaritanbethany.com
CMS,https://www.samaritas.org
CMS,https://www.sampsoncountync.gov
CMS,https://www.samsphysicaltherapy.com
CMS,https://www.sanandreasregional.org
CMS,https://www.sanantonionorthhc.com
CMS,https://www.sanantoniowesthc.com
CMS,https://www.sanbenitohealth.org
CMS,https://www.sandrockridge.com
CMS,https://www.sandyparkcare.org
CMS,https://www.sandyridgerehab.com
CMS,https://www.sandyspringsnursing.com
CMS,https://www.sangabrielrehabcenter.com
CMS,https://www.sanilacmedicalcare.com
CMS,https://www.sanjoaquingeneral.org
CMS,https://www.sanjosehc.com
CMS,https://www.sanjuancapestrano.com
CMS,https://www.sanjuanhillshc.com
CMS,https://www.sanlucaspr.org
CMS,https://www.sanpablohc.com
CMS,https://www.sanrafaelhc.com
CMS,https://www.sanrafaelhealth.com
CMS,https://www.sanramonicfddh.com
CMS,https://www.santabarbara.com
CMS,https://www.santacruzhealth.org
CMS,https://www.santafecare.com
CMS,https://www.santamartahospital.org
CMS,https://www.santarosacarecenter.com
CMS,https://www.santarosarc.com
CMS,https://www.santeehealthandwellness.com
CMS,https://www.sanvicente.org
CMS,https://www.sapphirerehab.com
CMS,https://www.sarahareed.org
CMS,https://www.sarahbraytonhc.com
CMS,https://www.sarahreed.org
CMS,https://www.sarahrobertsfrenchhome.org
CMS,https://www.sarasotabayclub.net
CMS,https://www.sarasotapointrehab.com
CMS,https://www.saratogabridges.org
CMS,https://www.saratogaretirement.org
CMS,https://www.sardiscommunitynursing.com
CMS,https://www.sargentcenter.org
CMS,https://www.sarnoclinic.com
CMS,https://www.sasbhealth.org
CMS,https://www.satellitehealthcare.com
CMS,https://www.sauerhealthcare.org
CMS,https://www.saulttribe.com
CMS,https://www.saulttribehealth.com
CMS,https://www.savannahcovemaitland.com
CMS,https://www.savoycarecenter.com
CMS,https://www.saybrook-landing.net
CMS,https://www.sayrechristianvillage.org
CMS,https://www.sayrehealth.org
CMS,https://www.sbcc.edu
CMS,https://www.sbchc.org
CMS,https://www.sbepschools.org
CMS,https://www.sbfhc.org
CMS,https://www.sbhc.us
CMS,https://www.scahealth.org
CMS,https://www.scandinaviancommunities.org
CMS,https://www.scdhhs.gov
CMS,https://www.scenic-pointe.net
CMS,https://www.scenicbluffs.org
CMS,https://www.sceniclivingcommunities.com
CMS,https://www.scenicmountainmedical.com
CMS,https://www.scenicrivershealth.org
CMS,https://www.sch-hollywood.com
CMS,https://www.schca.org
CMS,https://www.schealthcenters.org
CMS,https://www.scheidlerclinic.com
CMS,https://www.schenectadycountyny.gov
CMS,https://www.schervier.com
CMS,https://www.schofieldcare.org
CMS,https://www.schoolcraftcounty.net
CMS,https://www.schoolhealthclinics.org
CMS,https://www.schryvermedical.com
CMS,https://www.schsa.org
CMS,https://www.schulmanandschachne.org
CMS,https://www.schuylkillhc.com
CMS,https://www.scihp.org
CMS,https://www.sckclinic.com
CMS,https://www.sclhealth.org
CMS,https://www.scmedcenter.org
CMS,https://www.scottcollection.org
CMS,https://www.scotthealth.org
CMS,https://www.scottishpinesrehab.com
CMS,https://www.scottishritepark.com
CMS,https://www.scpccga.org
CMS,https://www.screening4life.us
CMS,https://www.scvh.org
CMS,https://www.scvmobilexray.com
CMS,https://www.sdaihc.org
CMS,https://www.sdfhc.org
CMS,https://www.seamar.org
CMS,https://www.seasonshealthgroup.com
CMS,https://www.seattleymca.org
CMS,https://www.seaviewrehabwc.com
CMS,https://www.sec.gov
CMS,https://www.sechc.org
CMS,https://www.secorahealth.com
CMS,https://www.seguinchamber.com
CMS,https://www.sehcommunity.org
CMS,https://www.seibhc.com
CMS,https://www.selectis.com
CMS,https://www.selectphysicaltherapy.com
CMS,https://www.selectrehab.com
CMS,https://www.semhaven.org
CMS,https://www.semohealthnetwork.org
CMS,https://www.semrhi.com
CMS,https://www.senecacountyfcfc.org
CMS,https://www.senecahealth.org
CMS,https://www.senecapl.com
CMS,https://www.senecarh.com
CMS,https://www.seniorcare.com
CMS,https://www.seniorcareauthority.com
CMS,https://www.seniorcarewf.com
CMS,https://www.seniorhomeservice.com
CMS,https://www.seniorhousingnet.com
CMS,https://www.seniorlifecenter.org
CMS,https://www.seniorlifestyle.com
CMS,https://www.seniorlivingguide.com
CMS,https://www.seniorly.com
CMS,https://www.seniorservicedirectory.com
CMS,https://www.seniorsguide.com
CMS,https://www.seniortlc.org
CMS,https://www.seniorvillageok.com
CMS,https://www.seniorvillagerehab.com
CMS,https://www.sequimhealth.care
CMS,https://www.sequoyahok.com
CMS,https://www.serenethoscare.com
CMS,https://www.serenityrhc.com
CMS,https://www.serenityspringsrecovery.com
CMS,https://www.serracenter.org
CMS,https://www.sertomacenter.org
CMS,https://www.sevenacres.org
CMS,https://www.sevenhills.org
CMS,https://www.seviervillehealthandrehab.com
CMS,https://www.sewardhealthcenter.org
CMS,https://www.sfchealthcenter.org
CMS,https://www.sfcommunityhealth.org
CMS,https://www.sfserviceguide.org
CMS,https://www.sfsh.com
CMS,https://www.sggfc.com
CMS,https://www.sgmays.org
CMS,https://www.shadyacrescares.com
CMS,https://www.shadylawnnursingandrehab.com
CMS,https://www.shadyoakshc.com
CMS,https://www.shafterurgentcare.com
CMS,https://www.shairecenter.com
CMS,https://www.shakerplace.org
CMS,https://www.shalomhealthcenter.org
CMS,https://www.shannondaleknoxville.org
CMS,https://www.shanoanspringsresidence.com
CMS,https://www.sharecare.com
CMS,https://www.sharonlane.com
CMS,https://www.sharpviewrrc.net
CMS,https://www.shastacascadehealth.org
CMS,https://www.shastahealth.org
CMS,https://www.shawmountainofcascadia.com
CMS,https://www.shawneecare.com
CMS,https://www.shawneechristianhealthcare.org
CMS,https://www.shawneecolonialestates.com
CMS,https://www.shawneefamilyhealthcenter.com
CMS,https://www.shawneehealth.com
CMS,https://www.shcatcolonial.com
CMS,https://www.shcatheritagehall.com
CMS,https://www.shcathillcrest.com
CMS,https://www.shcatjacksonmanor.com
CMS,https://www.shcatjeffersonmanor.com
CMS,https://www.shcatjeffersonplace.com
CMS,https://www.shcatnorthhardin.com
CMS,https://www.shcatparkwood.com
CMS,https://www.shcatrockford.com
CMS,https://www.shcatsummerfield.com
CMS,https://www.shcatsummitmanor.com
CMS,https://www.shcatsunrisemanor.com
CMS,https://www.shchc.org
CMS,https://www.shcofbowlinggreen.com
CMS,https://www.shcofbremen.com
CMS,https://www.shcofcarrollton.com
CMS,https://www.shcofchapelhill.com
CMS,https://www.shcofclarksville.com
CMS,https://www.shcofcleveland.com
CMS,https://www.shcofeastlouisville.com
CMS,https://www.shcofelizabethton.com
CMS,https://www.shcofelizabethtown.com
CMS,https://www.shcoferin.com
CMS,https://www.shcoffentresscounty.com
CMS,https://www.shcofgeorgetown.com
CMS,https://www.shcofglasgow.com
CMS,https://www.shcofgreeneville.com
CMS,https://www.shcofhartcounty.com
CMS,https://www.shcofhartford.com
CMS,https://www.shcofkinston.com
CMS,https://www.shcofmccrearycounty.com
CMS,https://www.shcofmemphis.com
CMS,https://www.shcofmonroecounty.com
CMS,https://www.shcofmonteagle.com
CMS,https://www.shcofmuncie.com
CMS,https://www.shcofnorfolk.com
CMS,https://www.shcofportland.com
CMS,https://www.shcofprimacy.com
CMS,https://www.shcofputnamcounty.com
CMS,https://www.shcofridgely.com
CMS,https://www.shcofroanokerapids.com
CMS,https://www.shcofrockwood.com
CMS,https://www.shcofrogersville.com
CMS,https://www.shcofsouthlouisville.com
CMS,https://www.shcofsouthpittsburg.com
CMS,https://www.shcofspencercounty.com
CMS,https://www.shcofterrehaute.com
CMS,https://www.shdistrict.com
CMS,https://www.sheffieldcc.com
CMS,https://www.shelbysnf.com
CMS,https://www.shelleyfamilymedicalcenter.com
CMS,https://www.shellpoint.org
CMS,https://www.shelteredvillageil.com
CMS,https://www.shencommhealth.com
CMS,https://www.shepherdofthehillsliving.com
CMS,https://www.shepherdofthevalley.com
CMS,https://www.sheridan-health.com
CMS,https://www.sheridancountyks.gov
CMS,https://www.sheridanml.com
CMS,https://www.sheridanrehabcenter.com
CMS,https://www.shermancountymedicalclinic.net
CMS,https://www.sherrillhouse.org
CMS,https://www.sherwood-oaks.com
CMS,https://www.sherwoodnr.com
CMS,https://www.sherwoodurgentcare.com
CMS,https://www.shieldsnursingcenters.com
CMS,https://www.shilohhr.com
CMS,https://www.shilohtreatmentcenter.com
CMS,https://www.shingletownmedcenter.org
CMS,https://www.shippensburghc.com
CMS,https://www.shmrehab.com
CMS,https://www.shnrc.com
CMS,https://www.shoalwaterbay-nsn.gov
CMS,https://www.sholom.com
CMS,https://www.shoreacrescc.com
CMS,https://www.shorepointmedicalgroup.com
CMS,https://www.showmelocal.com
CMS,https://www.shrewsburyhc.com
CMS,https://www.shsdc.org
CMS,https://www.shsrhc.com
CMS,https://www.siena-gardens.net
CMS,https://www.siennacare.net
CMS,https://www.sierraclinic.org
CMS,https://www.sierralakesrehab.com
CMS,https://www.sierrasalemchristianhomes.org
CMS,https://www.sierravistahealth.com
CMS,https://www.signaturehealthinc.org
CMS,https://www.sigourneyschools.com
CMS,https://www.sihb.org
CMS,https://www.sihf.org
CMS,https://www.sikestonconval.com
CMS,https://www.silexcommunitycare.com
CMS,https://www.siloamhc.com
CMS,https://www.siloamschools.com
CMS,https://www.silverheightscare.org
CMS,https://www.silverspringnursing.com
CMS,https://www.silverspringscare.com
CMS,https://www.silverstatepediatricsnf.com
CMS,https://www.silvertonofcascadia.com
CMS,https://www.simedical.org
CMS,https://www.simplymdimaging.com
CMS,https://www.simpsonsenior.org
CMS,https://www.sinairesidences.com
CMS,https://www.singletonhealthcenter.com
CMS,https://www.sinkingspringnursingandrehab.com
CMS,https://www.siouxfalls.gov
CMS,https://www.sir-nsn.gov
CMS,https://www.sisd.net
CMS,https://www.siskiyoupediatricclinic.com
CMS,https://www.sitrin.com
CMS,https://www.siumed.edu
CMS,https://www.siumed.org
CMS,https://www.sjcphs.org
CMS,https://www.sjeswp.org
CMS,https://www.sjfmc.org
CMS,https://www.sjhealth.org
CMS,https://www.sjhsys.org
CMS,https://www.sjlhome.com
CMS,https://www.sjlivingcenter.org
CMS,https://www.sjmbrockton.com
CMS,https://www.skiatooknursinghome.com
CMS,https://www.skldcare.com
CMS,https://www.skylinehc.com
CMS,https://www.skylinenursingcenter.com
CMS,https://www.slandchc.com
CMS,https://www.sligocreekhcr.com
CMS,https://www.slps.org
CMS,https://www.smartstartpediatrics.com
CMS,https://www.smcclinic.org
CMS,https://www.smchc.org
CMS,https://www.smhcsf.org
CMS,https://www.smhmo.org
CMS,https://www.sminursingandrehab.com
CMS,https://www.smithlifecommunities.org
CMS,https://www.smnci.org
CMS,https://www.smokyhillhealthandrehabilitation.com
CMS,https://www.smokymountainurgentcare.com
CMS,https://www.smrc.ms.gov
CMS,https://www.snakeriverpediatrics.com
CMS,https://www.sndohio.org
CMS,https://www.snfmanagementservices.com
CMS,https://www.snydervillage.com
CMS,https://www.soboba-nsn.gov
CMS,https://www.socialcirclenursingandrehabilitation.com
CMS,https://www.socorroschools.org
CMS,https://www.sogamds.com
CMS,https://www.sojournseneca.com
CMS,https://www.solanocounty.com
CMS,https://www.solarahospitals.com
CMS,https://www.soledadmedicalclinic.com
CMS,https://www.solonretirementvillage.com
CMS,https://www.solvhealth.com
CMS,https://www.somersetpediatrics.com
CMS,https://www.somersetridgehc.com
CMS,https://www.somervillefamilymedicine.com
CMS,https://www.sonarx.com
CMS,https://www.sonomaoptometrycenter.com
CMS,https://www.sonorabehavioral.com
CMS,https://www.soonermobilexray.net
CMS,https://www.sotstherapy.com
CMS,https://www.sound.health
CMS,https://www.southalabamamedicalclinic.com
CMS,https://www.southbeltkc.com
CMS,https://www.southcentralfoundation.com
CMS,https://www.southcoastglobalmedicalcenter.com
CMS,https://www.southcovemanor.org
CMS,https://www.southeasthealth.org
CMS,https://www.southeastpediatrics.com
CMS,https://www.southernfamilyhealthcare.com
CMS,https://www.southernhillshealthcare.com
CMS,https://www.southernkidney.org
CMS,https://www.southernoaksnursingandrehab.com
CMS,https://www.southernoakspawnee.com
CMS,https://www.southernpeaksrtc.org
CMS,https://www.southernpointeliving.com
CMS,https://www.southernseniorliving.org
CMS,https://www.southernspringsrehab.com
CMS,https://www.southerntennessee.com
CMS,https://www.southerntennesseemedicalgroup.com
CMS,https://www.southerntherapyservices.com
CMS,https://www.southerntracerehab.com
CMS,https://www.southernute-nsn.gov
CMS,https://www.southfultondialysis.com
CMS,https://www.southgateliving.net
CMS,https://www.southhaven-wahoo.com
CMS,https://www.southlakevillagerehab.com
CMS,https://www.southlandhealthrehabilitation.org
CMS,https://www.southlandintegrated.org
CMS,https://www.southmarinhealth.com
CMS,https://www.southparkinn.org
CMS,https://www.southpointnursing.com
CMS,https://www.southriverdevelopment.org
CMS,https://www.southshorenr.com
CMS,https://www.southshorerehab.net
CMS,https://www.southsidechs.org
CMS,https://www.southsidekidneyclinics.com
CMS,https://www.southsoundbehavioralhospital.com
CMS,https://www.southtexashealthsystem.com
CMS,https://www.southtexashealthsystemmcallen.com
CMS,https://www.southvalleycare.com
CMS,https://www.southviewacres.com
CMS,https://www.southwestmobileimaginginc.com
CMS,https://www.southwestmobileimaginginccom.websitecreatorpropreview2459.com
CMS,https://www.southwestphysicaltherapy.com
CMS,https://www.southwindatspearville.com
CMS,https://www.southwoodatnorwell.com
CMS,https://www.southwoodmiddleschool.org
CMS,https://www.spacecoasthealthcenters.org
CMS,https://www.spanish-meadows-brownsville.com
CMS,https://www.spartahealthrehabilitation.org
CMS,https://www.spartansburgmedical.com
CMS,https://www.spearfishcanyonhc.com
CMS,https://www.specialhealth.org
CMS,https://www.specialkidstn.com
CMS,https://www.specialtree.com
CMS,https://www.specialtymonroe.com
CMS,https://www.specialtyrehabhospital.com
CMS,https://www.spectracareincpt.com
CMS,https://www.spectrumcareacademy.com
CMS,https://www.spectrumdialysis.com
CMS,https://www.speechandlanguagecenter.com
CMS,https://www.speechtherapycincinnati.com
CMS,https://www.speightfamilymedical.net
CMS,https://www.spencelegacyfamilyclinic.com
CMS,https://www.spheremobilexray.com
CMS,https://www.sphs.org
CMS,https://www.spiritrustlutheran.org
CMS,https://www.spjstseniorliving.com
CMS,https://www.spokanefalls.care
CMS,https://www.spokesman.com
CMS,https://www.sprengerhealthcare.com
CMS,https://www.sprhs.org
CMS,https://www.springcitycare.com
CMS,https://www.springcreekrehab.com
CMS,https://www.springcreekterrace.net
CMS,https://www.springfieldclinic.com
CMS,https://www.springfieldrehab.com
CMS,https://www.springfieldvilla.com
CMS,https://www.springharborseniorliving.org
CMS,https://www.springhills.com
CMS,https://www.springsok.com
CMS,https://www.springsrescuemission.org
CMS,https://www.springtreerehab.com
CMS,https://www.springvalleyliving.org
CMS,https://www.springvalleypostacute.com
CMS,https://www.springviewmedicalgroup.com
CMS,https://www.springvillepediatric.com
CMS,https://www.sproutalaska.org
CMS,https://www.spsd.net
CMS,https://www.spvclc.org
CMS,https://www.srmt-nsn.gov
CMS,https://www.srs.ks.gov
CMS,https://www.ssd2.org
CMS,https://www.ssha.us.com
CMS,https://www.ssm-rehab.com
CMS,https://www.ssmphysicaltherapy.com
CMS,https://www.sstar.org
CMS,https://www.st-aug.edu
CMS,https://www.st-lukesnursingcenter.com
CMS,https://www.stacyvillecnh.com
CMS,https://www.stadiumhc.com
CMS,https://www.stagnescares.com
CMS,https://www.stallanthealth.com
CMS,https://www.stallingscourtnursingandrehabilitation.com
CMS,https://www.stamfordhosp.com
CMS,https://www.standingstonecare.com
CMS,https://www.standre.org
CMS,https://www.standrewsplace.org
CMS,https://www.standrewsvillage.com
CMS,https://www.stann-health.com
CMS,https://www.stannehome.org
CMS,https://www.stanthonyparkhome.com
CMS,https://www.stanthonysf.org
CMS,https://www.stantonnursingandrehabilitation.com
CMS,https://www.star-center.org
CMS,https://www.starcityschools.com
CMS,https://www.starrregionalmedicalgroup.com
CMS,https://www.startcorp.org
CMS,https://www.startzmanclinic.org
CMS,https://www.statpxray.com
CMS,https://www.stauntonhrc.com
CMS,https://www.stbh.org
CMS,https://www.stcam.com
CMS,https://www.stcamillusmedicalcenter.com
CMS,https://www.stchristophersimaging.com
CMS,https://www.stclarelivingcommunity.org
CMS,https://www.stclaremanor.com
CMS,https://www.stdavidscenter.org
CMS,https://www.stdominicvillage.org
CMS,https://www.steelvalleyportablexray.com
CMS,https://www.stelizabethphysicians.com
CMS,https://www.stepbystepusa.com
CMS,https://www.stephenvilletexas.org
CMS,https://www.steppingstonearkansas.com
CMS,https://www.stepworks.com
CMS,https://www.sterling-village.com
CMS,https://www.sterlingmanornursing.com
CMS,https://www.sterlingoaksrehab.com
CMS,https://www.sterlingplacebr.com
CMS,https://www.sterlingsurgical.net
CMS,https://www.sterlingvillage.org
CMS,https://www.stevehuttonmd.com
CMS,https://www.stevensparkhealth.org
CMS,https://www.stewartcogov.com
CMS,https://www.stewartmedicalcare.com
CMS,https://www.stewartvillecarecenter.com
CMS,https://www.stf.ms.gov
CMS,https://www.stfrancismanor.com
CMS,https://www.stfrancisnursinghome.org
CMS,https://www.stfrancoismanor.com
CMS,https://www.stgeorgeclinic.org
CMS,https://www.sthcs.org
CMS,https://www.stillhopes.org
CMS,https://www.stillwatersnf.com
CMS,https://www.stjameshouse.org
CMS,https://www.stjameslivingcenter.com
CMS,https://www.stjamesrehab.com
CMS,https://www.stjamessanteefhc.com
CMS,https://www.stjh.org
CMS,https://www.stjoemanor.net
CMS,https://www.stjohnkronstadt.com
CMS,https://www.stjohnsliving.org
CMS,https://www.stjohnsofalbertlea.org
CMS,https://www.stjohnsplaceofarkansas.com
CMS,https://www.stjohnsunited.org
CMS,https://www.stjosephchateau.com
CMS,https://www.stjosephhome.org
CMS,https://www.stjosephmanorhr.com
CMS,https://www.stjosephmedicalclinic.com
CMS,https://www.stjosephofharahan.com
CMS,https://www.stjosephrehab.com
CMS,https://www.stjosephseniorhome.org
CMS,https://www.stjosephvillaomaha.com
CMS,https://www.stllc.org
CMS,https://www.stlouiskidneycare.com
CMS,https://www.stlouismi.com
CMS,https://www.stlucieco.gov
CMS,https://www.stlukehs.com
CMS,https://www.stlukelh.com
CMS,https://www.stlukessurreyplace.com
CMS,https://www.stmargarethall.com
CMS,https://www.stmarkvillage.org
CMS,https://www.stmaryhc.com
CMS,https://www.stmaryofthewoods.com
CMS,https://www.stmaryrehabilitationhospital.com
CMS,https://www.stmarysalexandria.org
CMS,https://www.stmarysdyouville.org
CMS,https://www.stmaryshome.org
CMS,https://www.stmaryskids.org
CMS,https://www.stmarysvilla.com
CMS,https://www.stmmercy.org
CMS,https://www.stocktonks.com
CMS,https://www.stocktonnursing.com
CMS,https://www.stoddardbaptistglobal.org
CMS,https://www.stoddardbaptisthome.org
CMS,https://www.stonebelt.org
CMS,https://www.stonebridgebehavioral.com
CMS,https://www.stonebrookrehab.com
CMS,https://www.stonegatenursingandrehabilitation.com
CMS,https://www.stonegates.com
CMS,https://www.stonehengeutah.com
CMS,https://www.stonehilldbq.com
CMS,https://www.stonemountainhealthservices.org
CMS,https://www.stonemtn.org
CMS,https://www.stonerehabandseniorliving.com
CMS,https://www.stoneridgelcs.com
CMS,https://www.stoneridgeretirement.com
CMS,https://www.stonewallhospital.org
CMS,https://www.storox.org
CMS,https://www.storypoint.com
CMS,https://www.stpatrickshome.org
CMS,https://www.stpatricksmanor.org
CMS,https://www.stpatricksresidence.org
CMS,https://www.stpaulchildren.org
CMS,https://www.stpauls1867.org
CMS,https://www.stpaulseniors.org
CMS,https://www.stpetenursingrehab.com
CMS,https://www.straffordcarecenter.com
CMS,https://www.strasburgcarecenter.org
CMS,https://www.stratfordvillapostacute.com
CMS,https://www.stresscareclinic.com
CMS,https://www.stridechc.org
CMS,https://www.stsmpt.com
CMS,https://www.ststephensmpls.org
CMS,https://www.stthomaschc.org
CMS,https://www.stuartcommunitycare.com
CMS,https://www.studenthealth.ucla.edu
CMS,https://www.stvincentmedgroup.com
CMS,https://www.styoustina.org
CMS,https://www.sublettehospitaldistrict.org
CMS,https://www.successrehab.com
CMS,https://www.suclinica.org
CMS,https://www.sudburypines.com
CMS,https://www.suffieldrhc.com
CMS,https://www.suffolkrha.org
CMS,https://www.sullivancountynh.gov
CMS,https://www.summermeadows.care
CMS,https://www.summitclinic.org
CMS,https://www.summithealthandrehab.com
CMS,https://www.summitnursingcenter.com
CMS,https://www.sumnerplacecare.com
CMS,https://www.sumterpediatrics.com
CMS,https://www.sunburynursingandrehab.com
CMS,https://www.suncresthcc.com
CMS,https://www.suncresthealthcareinc.com
CMS,https://www.sundancedialysis.com
CMS,https://www.sundancenursing.com
CMS,https://www.sundialmanor.com
CMS,https://www.sunharbormanor.com
CMS,https://www.sunlakespt.com
CMS,https://www.sunlifehealth.org
CMS,https://www.sunnlakemedicalgroup.com
CMS,https://www.sunnyacres.org
CMS,https://www.sunnyacreshome.org
CMS,https://www.sunnybrookrehab.com
CMS,https://www.sunnygrovega.com
CMS,https://www.sunnyridgenursingrehab.com
CMS,https://www.sunnyside.cc
CMS,https://www.sunnysidemanornj.com
CMS,https://www.sunnysidenursing.com
CMS,https://www.sunnysidevillage.org
CMS,https://www.sunnyviewnursinghome.com
CMS,https://www.sunporchdodge.org
CMS,https://www.sunporchsmith.org
CMS,https://www.sunrise-snr.com
CMS,https://www.sunrise.org
CMS,https://www.sunrisecommunityhealth.org
CMS,https://www.sunrisecountrymanor.com
CMS,https://www.sunrisehealthinfo.com
CMS,https://www.sunrisemanorrehab.com
CMS,https://www.sunrisepediatricstn.com
CMS,https://www.sunriserehabpt.com
CMS,https://www.sunriseseniorliving.com
CMS,https://www.sunrisevistahealth.com
CMS,https://www.sunriver.org
CMS,https://www.sunsethavenoc.com
CMS,https://www.sunsethomeinc.com
CMS,https://www.sunsetlakehrc.com
CMS,https://www.sunsetseniorliving.org
CMS,https://www.sunshine.org
CMS,https://www.sunshineacadiana.com
CMS,https://www.sunshineclinic.org
CMS,https://www.sunshinemeadows.org
CMS,https://www.sunshinepedsofocala.com
CMS,https://www.sunshineptc.org
CMS,https://www.sunterrasprings.com
CMS,https://www.superiorbh.com
CMS,https://www.suring-health.com
CMS,https://www.surprisebehavioralhealth.com
CMS,https://www.susquehannafamilyhealth.com
CMS,https://www.susquehannahc.com
CMS,https://www.sutherlandltc.com
CMS,https://www.suttoncommunityhome.com
CMS,https://www.svchs.com
CMS,https://www.svhc.org
CMS,https://www.svmc.net
CMS,https://www.svwc.org
CMS,https://www.swanncare.org
CMS,https://www.swarmc.org
CMS,https://www.swbfhc.org
CMS,https://www.swchc.org
CMS,https://www.sweethomechinook.com
CMS,https://www.swflinc.com
CMS,https://www.swhranchosprings.com
CMS,https://www.swhs-nc.org
CMS,https://www.swissvillage.org
CMS,https://www.switzerland-county.com
CMS,https://www.swlahealth.org
CMS,https://www.swmvh.com
CMS,https://www.swoffordandhalma.com
CMS,https://www.sycamore-run.net
CMS,https://www.syhealth.org
CMS,https://www.sylacaugapediatrics.com
CMS,https://www.sylvanshoreshc.net
CMS,https://www.symbral.org
CMS,https://www.synergyxray.com
CMS,https://www.tabitha.org
CMS,https://www.taborhills.org
CMS,https://www.tachc.org
CMS,https://www.tacomanursingrehab.com
CMS,https://www.talberthouse.org
CMS,https://www.talihinamanor.com
CMS,https://www.tampachc.com
CMS,https://www.tampageneralrehabhospital.com
CMS,https://www.tandemhealthsc.org
CMS,https://www.tanglewoodhealthandrehabilitation.com
CMS,https://www.tanhealthcare.org
CMS,https://www.taravista.care
CMS,https://www.tarzanatc.org
CMS,https://www.taylor-residences.org
CMS,https://www.taylor.kyschools.us
CMS,https://www.taylorcommunity.org
CMS,https://www.taylorcountyhealth.org
CMS,https://www.taylorglencommunity.org
CMS,https://www.taylorhcg.org
CMS,https://www.taylors-pointe.net
CMS,https://www.taylortherapy.com
CMS,https://www.taylorville-snr.com
CMS,https://www.tbchs.org
CMS,https://www.tbrphysicaltherapy.com
CMS,https://www.tcchealth.org
CMS,https://www.tcchinc.org
CMS,https://www.tcdiagnostics.com
CMS,https://www.tcfmedicine.org
CMS,https://www.tchcc.com
CMS,https://www.tchdnow.org
CMS,https://www.tcmanor.com
CMS,https://www.tcmcf.org
CMS,https://www.team-iha.org
CMS,https://www.teamability.org
CMS,https://www.teamrms.com
CMS,https://www.tebra.com
CMS,https://www.techcarexray.com
CMS,https://www.tehamacohealthservices.net
CMS,https://www.telhai.org
CMS,https://www.temeculaprimarycare.com
CMS,https://www.templecityhealthcare.com
CMS,https://www.templehealth.org
CMS,https://www.templemanornursinghome.com
CMS,https://www.templerehabhospital.com
CMS,https://www.tenbroeckrehab.com
CMS,https://www.tendercarega.org
CMS,https://www.tennesseefamilyclinic.com
CMS,https://www.tenninruralhealthclinic.com
CMS,https://www.tennovaclarksville.com
CMS,https://www.tennovagreaterknoxvilledocs.com
CMS,https://www.tennovajefferson.com
CMS,https://www.tennovalafollette.com
CMS,https://www.tennovanewport.com
CMS,https://www.tensashealth.com
CMS,https://www.tenvitalservicesnm.org
CMS,https://www.tepeyachealth.org
CMS,https://www.terracehrc.com
CMS,https://www.terraceofjacksonville.com
CMS,https://www.terraceofkissimmee.com
CMS,https://www.terraceofstcloud.com
CMS,https://www.terracescc.com
CMS,https://www.terraceviewcare.com
CMS,https://www.terrell.k12.ga.us
CMS,https://www.terroshealth.org
CMS,https://www.texanacenter.com
CMS,https://www.texascaredialysis.com
CMS,https://www.texascitytx.gov
CMS,https://www.texashealthmansfield.org
CMS,https://www.texasmobileradiology.com
CMS,https://www.texastech.edu
CMS,https://www.tfc-crowley.com
CMS,https://www.tfhc.org
CMS,https://www.thayercountyhealth.com
CMS,https://www.thca.org
CMS,https://www.theadmiral.org
CMS,https://www.theagapeclinic.org
CMS,https://www.theamsterdamatharborside.com
CMS,https://www.theanderson.com
CMS,https://www.theatlantes.com
CMS,https://www.theavenuecarecenter.com
CMS,https://www.thebostonhome.org
CMS,https://www.thebradleyhome.org
CMS,https://www.thebridgeny.org
CMS,https://www.thebridgesankeny.com
CMS,https://www.thecarolton.com
CMS,https://www.thecarterclinic.com
CMS,https://www.thecedarsportland.org
CMS,https://www.thecedarsrc.com
CMS,https://www.thecentersar.com
CMS,https://www.thechildrensclinic.org
CMS,https://www.thechildrenscliniccg.com
CMS,https://www.thechildrenshomecinti.org
CMS,https://www.theclarkclinic.com
CMS,https://www.theclinicinc.org
CMS,https://www.theclubhrc.com
CMS,https://www.theclublakegibson.com
CMS,https://www.thecommonsinlincoln.com
CMS,https://www.thecourvilles.com
CMS,https://www.thecovenantofgreentownship.com
CMS,https://www.thecoveofcascadia.com
CMS,https://www.thecresthealthcare.com
CMS,https://www.thecrystalheights.com
CMS,https://www.thecurtishome.org
CMS,https://www.thecypressofraleigh.com
CMS,https://www.thedraliclinic.com
CMS,https://www.theellingtonofrayne.com
CMS,https://www.theellis.com
CMS,https://www.theelmshc.com
CMS,https://www.theelmsmacomb.com
CMS,https://www.theestateshc.com
CMS,https://www.thefamilypartnership.org
CMS,https://www.thefamilyphysiciansiola.com
CMS,https://www.thefcpt.com
CMS,https://www.thefloatinghospital.org
CMS,https://www.thegablesonpelham.com
CMS,https://www.thegardensatdepugh.org
CMS,https://www.thegardensatmonroe.com
CMS,https://www.thegardenscr.com
CMS,https://www.thegardenshealthcare.com
CMS,https://www.thegarlands.com
CMS,https://www.thegraybrier.org
CMS,https://www.thegroveatthelake.com
CMS,https://www.thegrovehc.com
CMS,https://www.thegroveofevanston.com
CMS,https://www.thegroveofskokie.com
CMS,https://www.thegrovepostacute.com
CMS,https://www.thegrovewoodland.com
CMS,https://www.theguardianhc.com
CMS,https://www.theguesthousebr.com
CMS,https://www.theguilfordhouse.com
CMS,https://www.theharriscenter.org
CMS,https://www.thehealingplace.org
CMS,https://www.theheritageatlowman.org
CMS,https://www.theheritagecenter.com
CMS,https://www.thehighlands.org
CMS,https://www.theivyatdeerlodge.com
CMS,https://www.thejordancentercare.com
CMS,https://www.thekennedycollective.org
CMS,https://www.thelakewoodvilla.com
CMS,https://www.theleaves.org
CMS,https://www.thellf.org
CMS,https://www.thelodgeatlane.com
CMS,https://www.thelodgeattangipines.com
CMS,https://www.thelodgeofwr.com
CMS,https://www.thelutheranhome.org
CMS,https://www.themanorhealth-rehab.com
CMS,https://www.themanorpb.com
CMS,https://www.themanorvt.org
CMS,https://www.thematherevanston.com
CMS,https://www.themayflower.com
CMS,https://www.themchd.com
CMS,https://www.themckendree.com
CMS,https://www.themeadowshc.com
CMS,https://www.themeadowsnursing.com
CMS,https://www.themha.org
CMS,https://www.thenathanielwitherell.org
CMS,https://www.thenewhomestead.org
CMS,https://www.theoakscarecenter.com
CMS,https://www.theoaksmonroe.com
CMS,https://www.theoppt.com
CMS,https://www.theorchardsofcascadia.com
CMS,https://www.theosborn.org
CMS,https://www.thepalace.org
CMS,https://www.thepalmsatflorence.com
CMS,https://www.thepatientchoice.com
CMS,https://www.thepavilionop.com
CMS,https://www.thepinesnursing.com
CMS,https://www.theplaceinfo.com
CMS,https://www.theponcecc.com
CMS,https://www.theramedicrehab.com
CMS,https://www.therapeutic-innovations.com
CMS,https://www.therapro.org
CMS,https://www.therapycentralrehab.com
CMS,https://www.therapyinstitute.net
CMS,https://www.therapyjackson.com
CMS,https://www.theredwoods.org
CMS,https://www.theregencyok.com
CMS,https://www.theridgepostacute.com
CMS,https://www.theriversgrossepointe.com
CMS,https://www.theseabrook.com
CMS,https://www.theshannongray.org
CMS,https://www.theshepherdscenter.org
CMS,https://www.thestewpot.org
CMS,https://www.thestrategies.net
CMS,https://www.thesuiteshc.com
CMS,https://www.thetempletonofcary.com
CMS,https://www.theterraceatdenisonsnf.com
CMS,https://www.theterracesatbonitasprings.com
CMS,https://www.thetherapygroup.com
CMS,https://www.thetherapyvillage.com
CMS,https://www.thevalleyrhc.com
CMS,https://www.thevillageatnorthrise.com
CMS,https://www.thevillageatorchardridge.org
CMS,https://www.thevillageatrockville.org
CMS,https://www.thevillageiw.org
CMS,https://www.thevillagesrehab.com
CMS,https://www.thewaterford.com
CMS,https://www.thewesleycommunity.org
CMS,https://www.thewilliamsporthome.com
CMS,https://www.thibodeaupt.com
CMS,https://www.thomasvillept.com
CMS,https://www.thompsoncff.org
CMS,https://www.thompsonfallschamber.org
CMS,https://www.thompsonmedicalclinic.com
CMS,https://www.thomsonmcduffiechamber.com
CMS,https://www.thornapplemanor.com
CMS,https://www.thpmedicare.org
CMS,https://www.threecrossesregional.com
CMS,https://www.threecrownspark.org
CMS,https://www.threepillars.org
CMS,https://www.threepointsclinic.com
CMS,https://www.threerivershealthcare.com
CMS,https://www.threeriversmedicalclinic.net
CMS,https://www.thresholds.org
CMS,https://www.thundermisthealth.org
CMS,https://www.thurstonwoods.org
CMS,https://www.ticenter.org
CMS,https://www.tierrarose.com
CMS,https://www.tieszenhome.com
CMS,https://www.tiffanyhallrehab.com
CMS,https://www.tiffanysquare.com
CMS,https://www.timberland-ridge.net
CMS,https://www.timberridgerehab.com
CMS,https://www.timelymission.com
CMS,https://www.tiospayetopa.org
CMS,https://www.tiptonoakmanor.com
CMS,https://www.tishomingomanor.com
CMS,https://www.titonkacarecenter.com
CMS,https://www.tjregionalhealth.org
CMS,https://www.tlc-columbus.com
CMS,https://www.tlc-palestine.com
CMS,https://www.tlc-selma.com
CMS,https://www.tlcathome.org
CMS,https://www.tlcchatsworth.com
CMS,https://www.tlcnea.com
CMS,https://www.tlcnursingcenter.com
CMS,https://www.tlha.org
CMS,https://www.tls-nm.org
CMS,https://www.tmce.net
CMS,https://www.tmcone.com
CMS,https://www.tnpathfinder.org
CMS,https://www.todosclinic.org
CMS,https://www.tohelpeveryone.org
CMS,https://www.toiyabe.us
CMS,https://www.toledo.com
CMS,https://www.tomagwa.org
CMS,https://www.tongieterrace.com
CMS,https://www.tonhc.org
CMS,https://www.toomeyresidential.org
CMS,https://www.topangaterrace.com
CMS,https://www.topsidemanor.org
CMS,https://www.torreypinescare.com
CMS,https://www.tosa1.org
CMS,https://www.totaltherapeutics.com
CMS,https://www.touchmark.com
CMS,https://www.touchpointsatbloomfield.com
CMS,https://www.touchpointsatchestnut.com
CMS,https://www.touchpointsatmanchester.com
CMS,https://www.touchstone-communities.com
CMS,https://www.tougaloo.edu
CMS,https://www.towerbehavioralhealth.com
CMS,https://www.townandcountryhealthandrehab.com
CMS,https://www.townehouse.org
CMS,https://www.townofhoosick.org
CMS,https://www.townofvici.com
CMS,https://www.townofwellington.com
CMS,https://www.townsendparkhealth.org
CMS,https://www.townsenmemorial.com
CMS,https://www.tpfcinc.com
CMS,https://www.tracyhealthcare.com
CMS,https://www.tradewindsnwi.org
CMS,https://www.traditionshealthrehabilitation.org
CMS,https://www.traditionsmemory.care
CMS,https://www.tranow.com
CMS,https://www.transitionshealthcarellc.com
CMS,https://www.transraynm.com
CMS,https://www.traversehealthclinic.org
CMS,https://www.travis.af.mil
CMS,https://www.traylorhealth.com
CMS,https://www.traylorporterhealthcare.com
CMS,https://www.traymore.com
CMS,https://www.trcsherman.org
CMS,https://www.trentonhealthandrehab.com
CMS,https://www.treutlencountyhealth.org
CMS,https://www.treyburnrehabilitation.com
CMS,https://www.trhs.org
CMS,https://www.tri-cityhealth.org
CMS,https://www.triareahealth.org
CMS,https://www.tricitiesdialysis.com
CMS,https://www.tricountynh.org
CMS,https://www.tricountyri.org
CMS,https://www.tridenthealthsystem.com
CMS,https://www.trihci.org
CMS,https://www.trilliumfamily.org
CMS,https://www.trilliumhealth.org
CMS,https://www.trilliumwoodslcs.com
CMS,https://www.trinidadrhc.com
CMS,https://www.trinity-hill.com
CMS,https://www.trinityfamilyhealth.net
CMS,https://www.trinityhealthandwellness.net
CMS,https://www.trinityhealthseniorcommunities.org
CMS,https://www.trinityregionalrehab.com
CMS,https://www.trinityrehab.net
CMS,https://www.trinityrehabilitationandsportsmedicine.com
CMS,https://www.trinityrhc.com
CMS,https://www.trinityterrace.org
CMS,https://www.trinityvillageretirement.com
CMS,https://www.tripolinursingandrehab.com
CMS,https://www.tririvershc.com
CMS,https://www.tristatechc.com
CMS,https://www.tristatedialysis.com
CMS,https://www.tristatemobilexray.net
CMS,https://www.trivistarehab.com
CMS,https://www.trmccnursinghome.com
CMS,https://www.trueman-pointe.net
CMS,https://www.trumanhc.com
CMS,https://www.trumanlakemanor.com
CMS,https://www.tschc.com
CMS,https://www.tsh.org
CMS,https://www.ttuhsc.edu
CMS,https://www.tubman.org
CMS,https://www.tuckerrehab.com
CMS,https://www.tugrivermedical.com
CMS,https://www.tulaliphealthsystem.com
CMS,https://www.tularechamber.org
CMS,https://www.tullahomapediatrics.com
CMS,https://www.tunicahealth.com
CMS,https://www.turkeypeakreservoir.com
CMS,https://www.tuscany-gardens.net
CMS,https://www.tuscanyvillagecare.net
CMS,https://www.tuskawillarehab.com
CMS,https://www.tuttlecarecenter.com
CMS,https://www.tutwilerclinic.org
CMS,https://www.tvfammed.com
CMS,https://www.twc.texas.gov
CMS,https://www.twincountyphysicianpractices.com
CMS,https://www.twinfallstransitionalofcascadia.com
CMS,https://www.twinlakeshc.com
CMS,https://www.twinlakestherapyandliving.com
CMS,https://www.twinriversnursing.com
CMS,https://www.twinriversrehab.com
CMS,https://www.tworiversmedicalclinic.com
CMS,https://www.txindependencehealthplan.com
CMS,https://www.tylercircleofcare.org
CMS,https://www.uams.edu
CMS,https://www.uaurgentcare.com
CMS,https://www.ucc-homes.org
CMS,https://www.ucdavisrehabhospital.com
CMS,https://www.ucfs.org
CMS,https://www.ucmresidentialservices.com
CMS,https://www.ucpcleveland.org
CMS,https://www.ucrhealth.org
CMS,https://www.ucsf.edu
CMS,https://www.ugmtc.org
CMS,https://www.uhc.com
CMS,https://www.uhrehabhospital.com
CMS,https://www.uihi.org
CMS,https://www.uintahhealthcaressd.org
CMS,https://www.ultramobileimaging.com
CMS,https://www.umfs.org
CMS,https://www.umih.com
CMS,https://www.umpquahealth.com
CMS,https://www.unioncityurgentcare.com
CMS,https://www.uniongen.org
CMS,https://www.unionparishchamber.org
CMS,https://www.unionplazacarecenter.com
CMS,https://www.unionpsd.org
CMS,https://www.unisonhealth.org
CMS,https://www.unitedchurchhomes.org
CMS,https://www.uniteddoctorsfmc.com
CMS,https://www.unitedhealthcenters.org
CMS,https://www.unitedhelpers.org
CMS,https://www.unitedmethodisthomes.org
CMS,https://www.unitedmobilexray.com
CMS,https://www.unitedpioneerhome.org
CMS,https://www.unitedprimarycaretn.com
CMS,https://www.unitedrehabservicespc.com
CMS,https://www.unitedrenalservices.com
CMS,https://www.unityhealthbolivar.com
CMS,https://www.unityhealthcare.org
CMS,https://www.unityhrc.com
CMS,https://www.unitypsych.com
CMS,https://www.universitynursingandrehabilitationathens.com
CMS,https://www.universityparkhc.com
CMS,https://www.universityparknursing.com
CMS,https://www.universityparkok.com
CMS,https://www.universityretirement.org
CMS,https://www.uofmhealth.org
CMS,https://www.upfh.org
CMS,https://www.upmedicalgroup.com
CMS,https://www.upstatecp.org
CMS,https://www.upstatefamilyhealthcenter.org
CMS,https://www.uptacare.org
CMS,https://www.uptowncarecenter.com
CMS,https://www.urbanhealthplan.org
CMS,https://www.urbanpeak.org
CMS,https://www.urgentcare.com
CMS,https://www.urgentcaresouthinc.com
CMS,https://www.urgentteam.com
CMS,https://www.us-diagnostics.com
CMS,https://www.usc.edu
CMS,https://www.uscpds.com
CMS,https://www.usdentalservice.com
CMS,https://www.usnews.com
CMS,https://www.usphs.gov
CMS,https://www.usrenalcare.com
CMS,https://www.uthsc.edu
CMS,https://www.utrgv.edu
CMS,https://www.uttyler.edu
CMS,https://www.uvaldehealthcarerehab.com
CMS,https://www.uwfmrpcasper.com
CMS,https://www.uwhealthrehabhospital.com
CMS,https://www.uwyo.edu
CMS,https://www.uzrc.org
CMS,https://www.valenciagardenshealth.com
CMS,https://www.valledelsol.com
CMS,https://www.valleyhealthcolumbus.com
CMS,https://www.valleyhealthpartners.org
CMS,https://www.valleymanor.net
CMS,https://www.valleyrenal.org
CMS,https://www.valleyspringshc.com
CMS,https://www.valleyview.org
CMS,https://www.valleyviewgreeneia.com
CMS,https://www.valleyviewhealth.org
CMS,https://www.valleyviewhealthcarefacility.com
CMS,https://www.valleyviewhr.com
CMS,https://www.valleyviewmanorrehab.com
CMS,https://www.valleyviewskillednursingandrehab.com
CMS,https://www.valleyviewsnf.com
CMS,https://www.valleyviewvillage.org
CMS,https://www.valleyvillage.org
CMS,https://www.valleyvista.org
CMS,https://www.valorhealth.org
CMS,https://www.vanburenhr.com
CMS,https://www.vancefamilymedicine.com
CMS,https://www.vancesc.com
CMS,https://www.vancrest.com
CMS,https://www.vanguardmedcorp.com
CMS,https://www.vantagepointresidences.org
CMS,https://www.vantagerehabshen.com
CMS,https://www.vaughanmedicalgroup.com
CMS,https://www.vdh.virginia.gov
CMS,https://www.venetian-gardens.net
CMS,https://www.ventanabybuckner.com
CMS,https://www.verandagardens.net
CMS,https://www.vermilionhealthcarecenter.com
CMS,https://www.vermonthc.com
CMS,https://www.vernonclinic.com
CMS,https://www.vernoncountywi.gov
CMS,https://www.vernonhc.com
CMS,https://www.vernonhomes.org
CMS,https://www.vernonrhc.com
CMS,https://www.verrazanonursinghome.com
CMS,https://www.vfhc.org
CMS,https://www.vhca.org
CMS,https://www.vhcwv.org
CMS,https://www.vhi.org
CMS,https://www.vhnursing.com
CMS,https://www.viacarela.org
CMS,https://www.victoriakidney.com
CMS,https://www.VictorianVillage.com
CMS,https://www.vidanthealth.com
CMS,https://www.vidaysalud.org
CMS,https://www.vidrineclinic.com
CMS,https://www.viennanursingrehab.com
CMS,https://www.viewridgecare.com
CMS,https://www.viewsofburlington.com
CMS,https://www.viewsofmarion.com
CMS,https://www.viewwoodhealth.com
CMS,https://www.vikingmanor.com
CMS,https://www.viliving.com
CMS,https://www.villa-siena.org
CMS,https://www.villaatblueridge.com
CMS,https://www.villachildrenstherapy.com
CMS,https://www.village-germantown.com
CMS,https://www.villageatheritageoaks.com
CMS,https://www.villagebh.com
CMS,https://www.villagemanorofcascadia.com
CMS,https://www.villagemedical.com
CMS,https://www.villageofeastharbor.org
CMS,https://www.villageoflebanon.com
CMS,https://www.villageplacehrc.com
CMS,https://www.villageshalom.org
CMS,https://www.villahealthcare.com
CMS,https://www.villamarianursing.com
CMS,https://www.villarosanursingandrehab.com
CMS,https://www.villaserenahealthcare.com
CMS,https://www.villavalenciarehab.com
CMS,https://www.villeplattepediatrics.com
CMS,https://www.vineyardsatconcord.com
CMS,https://www.vinsonhall.org
CMS,https://www.vipservices.org
CMS,https://www.viptherapyfl.com
CMS,https://www.virginia.edu
CMS,https://www.visionprofessionals.com
CMS,https://www.visionsfamilyservices.org
CMS,https://www.visitcarrollhouse.com
CMS,https://www.visitcountrymeadows.com
CMS,https://www.visitcrestviewhome.com
CMS,https://www.visitindianacountypa.org
CMS,https://www.visitlch.org
CMS,https://www.visitmariesmanor.com
CMS,https://www.visitmonticellohouse.com
CMS,https://www.visitparksidemanor.com
CMS,https://www.visitsouthhamptonplace.com
CMS,https://www.visitsunsethome.com
CMS,https://www.visittroymanor.com
CMS,https://www.vistacommunityclinic.org
CMS,https://www.vistagranderhc.com
CMS,https://www.vistaparkhealth.org
CMS,https://www.vistasnf.com
CMS,https://www.vistawoodscarecenter.com
CMS,https://www.vitadox.com
CMS,https://www.vitalcarerehab.com
CMS,https://www.vitals.com
CMS,https://www.vladpediatrics.com
CMS,https://www.vmmcinc.org
CMS,https://www.vmpcares.com
CMS,https://www.vmrc.org
CMS,https://www.voa-gny.org
CMS,https://www.voa.org
CMS,https://www.voachesapeake.org
CMS,https://www.voascla.org
CMS,https://www.volarehcm.com
CMS,https://www.vonderliethlivingcenter.com
CMS,https://www.votgseniorliving.com
CMS,https://www.vshwc.org
CMS,https://www.vuepointdx.com
CMS,https://www.vumc.org
CMS,https://www.vvmnursing.com
CMS,https://www.wabashvalleyhealthcenter.org
CMS,https://www.wabassorehab.com
CMS,https://www.wachusettrnc.com
CMS,https://www.wadleyregionalmedicalcenter.com
CMS,https://www.wadsworth.org
CMS,https://www.wakerobin.com
CMS,https://www.wakitachc.com
CMS,https://www.wakullaurgentcare.com
CMS,https://www.waldronhc.com
CMS,https://www.walkermethodist.org
CMS,https://www.walkerrehab.com
CMS,https://www.wallawallaclinic.com
CMS,https://www.wallerisd.net
CMS,https://www.wallingfordnursingandrehab.com
CMS,https://www.walnutcreekcampus.com
CMS,https://www.walnutcreeknc.com
CMS,https://www.walnutridgenursing.com
CMS,https://www.walnutstreethealth.com
CMS,https://www.walshhealthcarecenter.com
CMS,https://www.walterborofamilypractice.com
CMS,https://www.warracresnursingcenter.com
CMS,https://www.warrenbarrbuffalogrove.com
CMS,https://www.warrenbarrgoldcoast.com
CMS,https://www.warrenbarrlieberman.com
CMS,https://www.warrenbarrlincolnpark.com
CMS,https://www.warrenbarrnorthshore.com
CMS,https://www.warrenbarroaklawn.com
CMS,https://www.warrenbarrorlandpark.com
CMS,https://www.warrenbarrsouthloop.com
CMS,https://www.warrencountytn.gov
CMS,https://www.warrenhavenhc.com
CMS,https://www.warrentn.com
CMS,https://www.warrentonmanor.com
CMS,https://www.warrenvancechc.org
CMS,https://www.washcohospital.com
CMS,https://www.washcowisco.gov
CMS,https://www.washington-care.com
CMS,https://www.washington.kyschools.us
CMS,https://www.washingtonhealth.com
CMS,https://www.washingtonoddfellowshome.com
CMS,https://www.washingtonregionalmedical.org
CMS,https://www.washingtonrehab.care
CMS,https://www.washingtonsquarehealthcare.com
CMS,https://www.washoetribalhealth.com
CMS,https://www.washtownshiphc.com
CMS,https://www.waterfordcountryschool.org
CMS,https://www.watermanvillage.com
CMS,https://www.watermarkcommunities.com
CMS,https://www.watersedge-health.com
CMS,https://www.watersofbatesville.com
CMS,https://www.watersofbristol.com
CMS,https://www.watersofcheatham.com
CMS,https://www.watersofchesterfield.com
CMS,https://www.watersofcliftyfalls.com
CMS,https://www.watersofcolumbiacity.com
CMS,https://www.watersofcovington.com
CMS,https://www.watersofdillsboro.com
CMS,https://www.watersofdunkirk.com
CMS,https://www.watersoffortwayne.com
CMS,https://www.watersofgainesboro.com
CMS,https://www.watersofgallatin.com
CMS,https://www.watersofgeorgetown.com
CMS,https://www.watersofgreencastle.com
CMS,https://www.watersofhartfordcity.com
CMS,https://www.watersofindianapolis.com
CMS,https://www.watersofjohnsoncity.com
CMS,https://www.watersoflagrange.com
CMS,https://www.watersoflebanon.com
CMS,https://www.watersofmartinsville.com
CMS,https://www.watersofmckenzie.com
CMS,https://www.watersofmiddletown.com
CMS,https://www.watersofmuncie.com
CMS,https://www.watersofnewcastle.com
CMS,https://www.watersofperu.com
CMS,https://www.watersofprinceton.com
CMS,https://www.watersofrisingsun.com
CMS,https://www.watersofscottsburg.com
CMS,https://www.watersofsmyrna.com
CMS,https://www.watersofspringfield.com
CMS,https://www.watersofsullivan.com
CMS,https://www.watersofsweetwater.com
CMS,https://www.watersoftipton.com
CMS,https://www.watersofunioncity.com
CMS,https://www.watersofwabashwest.com
CMS,https://www.watersofwinchester.com
CMS,https://www.watertonplaza.com
CMS,https://www.watertownrnc.com
CMS,https://www.waterview-pointe.net
CMS,https://www.waterviewlodgellc.com
CMS,https://www.waterviewnursingandrehab.com
CMS,https://www.wattshealth.org
CMS,https://www.waunetacarecenter.com
CMS,https://www.waveny.org
CMS,https://www.waverlyheights.org
CMS,https://www.wavi.org
CMS,https://www.waycrosshealth.org
CMS,https://www.waynechc.org
CMS,https://www.waynecountycarecenter.com
CMS,https://www.waynecountyhealthy.com
CMS,https://www.waynehealthcares.org
CMS,https://www.wbhrc.com
CMS,https://www.wcbay.com
CMS,https://www.wcchc.com
CMS,https://www.wchealth.org
CMS,https://www.wclynchburg.org
CMS,https://www.wcmh.net
CMS,https://www.wcotb.com
CMS,https://www.wcsnrc.com
CMS,https://www.wdhospital.org
CMS,https://www.weakleycountynursinghome.com
CMS,https://www.wearecp.org
CMS,https://www.weavermedicalcenter.com
CMS,https://www.weavermedicine.com
CMS,https://www.webbermedical.com
CMS,https://www.wecare-inc.org
CMS,https://www.weingart.org
CMS,https://www.weisercareofcascadia.com
CMS,https://www.wel.org
CMS,https://www.welcomehouseinc.org
CMS,https://www.welcometomonarchlanding.com
CMS,https://www.welcometosedgebrook.com
CMS,https://www.wellbrookeofcrawfordsville.com
CMS,https://www.wellcarecommunityhealth.org
CMS,https://www.wellchild.org
CMS,https://www.wellfullypacc.org
CMS,https://www.wellingtonplacedecorah.com
CMS,https://www.welllifenetwork.org
CMS,https://www.wellnessandmaternity.net
CMS,https://www.wellnesscarecenterstx.com
CMS,https://www.wellnessptcare.com
CMS,https://www.wellsentialhealth.org
CMS,https://www.wellspacehealth.org
CMS,https://www.wellspringofcascadia.com
CMS,https://www.wentworthrehab.com
CMS,https://www.wesleyanhealthandrehab.com
CMS,https://www.wesleylife.org
CMS,https://www.wesleypines.org
CMS,https://www.wesleyvillagemacomb.com
CMS,https://www.wesleywillows.org
CMS,https://www.wesleywoods.net
CMS,https://www.westbrookacres.com
CMS,https://www.westbrookhealth.org
CMS,https://www.westbrookschools.org
CMS,https://www.westburyofconyers.com
CMS,https://www.westburyofjackson.com
CMS,https://www.westburyofmcdonough.com
CMS,https://www.westburyschools.org
CMS,https://www.westcecilhealth.org
CMS,https://www.westernpasportsmed.com
CMS,https://www.westernsnt.com
CMS,https://www.westfordhousehc.com
CMS,https://www.westgatenursing.net
CMS,https://www.westhamlinroughriders.com
CMS,https://www.westhavenstillwater.com
CMS,https://www.westhollywoodhc.com
CMS,https://www.westjanischhcc.com
CMS,https://www.westlibertynr.com
CMS,https://www.westmeadeplace.com
CMS,https://www.westminsterbaldwinpark.com
CMS,https://www.westminsterlakelandfl.org
CMS,https://www.westminsteroaksfl.org
CMS,https://www.westminstershoresfl.org
CMS,https://www.westminsterstaugustinefl.org
CMS,https://www.westminstersuncoastfl.org
CMS,https://www.westminstertowersfl.org
CMS,https://www.westminstervillage.com
CMS,https://www.westminstervillageinc.com
CMS,https://www.westminsterwinterparkfl.org
CMS,https://www.westminsterwoodsfl.org
CMS,https://www.westmorelandcare.com
CMS,https://www.westmorelandcountypa.gov
CMS,https://www.westmorelandplace.com
CMS,https://www.westneph.com
CMS,https://www.westongroupinc.com
CMS,https://www.westorangenursing.com
CMS,https://www.westover.afrc.af.mil
CMS,https://www.westparkawc.com
CMS,https://www.westparkhc.com
CMS,https://www.westpicoterrace.com
CMS,https://www.westreadingnursingandrehab.com
CMS,https://www.westresthaven.com
CMS,https://www.westsidecarectr.com
CMS,https://www.westsidecares.com
CMS,https://www.westsidechs.org
CMS,https://www.westsidehealth.org
CMS,https://www.westvalleyhc.com
CMS,https://www.westviewcottages.com
CMS,https://www.westvueinc.org
CMS,https://www.westward-heights.com
CMS,https://www.westwoodnursingrehab.com
CMS,https://www.wfall.org
CMS,https://www.wfhcenter.org
CMS,https://www.whca.org
CMS,https://www.wheatmanor.com
CMS,https://www.wheatstatemanor.org
CMS,https://www.wheelerclinic.org
CMS,https://www.wheelinghealthright.com
CMS,https://www.whereyoulivematters.org
CMS,https://www.whitefoord.org
CMS,https://www.whitehallofdeerfield.com
CMS,https://www.whitehorsevillage.org
CMS,https://www.whitemountainhealth.org
CMS,https://www.whiteoakcenterhc.com
CMS,https://www.whiteplainscare.com
CMS,https://www.whiteriverlodgecare.com
CMS,https://www.whitescreekctr.com
CMS,https://www.whitesidehealth.org
CMS,https://www.whitman-walker.org
CMS,https://www.whitneycenter.com
CMS,https://www.whitneymedicine.com
CMS,https://www.whitneynursing.com
CMS,https://www.whittencenterfriends.org
CMS,https://www.whmcfamily.com
CMS,https://www.wholisticservicesinc.com
CMS,https://www.whrcare.com
CMS,https://www.whv.org
CMS,https://www.wichita-primarycare.com
CMS,https://www.wigglesrehab.com
CMS,https://www.wilbercarecenter.com
CMS,https://www.wilkensmedicalgroup.com
CMS,https://www.willametteview.org
CMS,https://www.willardcarecenter.com
CMS,https://www.williamsburghrc.com
CMS,https://www.williamscountyoh.gov
CMS,https://www.willistonhealth.com
CMS,https://www.willowbendatmarion.com
CMS,https://www.willowbrooknursingcenter.com
CMS,https://www.willowcreeknursingandrehab.com
CMS,https://www.willowhealthcare.com
CMS,https://www.willowparkhealthcare.com
CMS,https://www.willowridgecare.com
CMS,https://www.willowshealthcare.com
CMS,https://www.willowvalleycommunities.org
CMS,https://www.wilmamed.com
CMS,https://www.wilmermedical.com
CMS,https://www.wilmingtoncc.org
CMS,https://www.wilmingtonhc.com
CMS,https://www.wilmingtontreatment.com
CMS,https://www.wilmotcarecenter.com
CMS,https://www.wilshireokc.com
CMS,https://www.wilshirept.com
CMS,https://www.wilsonmedical.com
CMS,https://www.wilsonnursing.com
CMS,https://www.wilsonphysicianservices.com
CMS,https://www.wilsonscreeknursingrehab.com
CMS,https://www.wilsonseniorcare.com
CMS,https://www.wiltonhrc.com
CMS,https://www.windcresthc.com
CMS,https://www.windemerepark.com
CMS,https://www.windhamhousems.com
CMS,https://www.windridgenursingandrehabilitation.com
CMS,https://www.windrosehealth.net
CMS,https://www.windsoranaheimhc.com
CMS,https://www.windsorhealthcare.org
CMS,https://www.windsorhealthcarecenter.com
CMS,https://www.windsorhillsnursingcenter.com
CMS,https://www.windsorhouseinc.com
CMS,https://www.windsormeade.org
CMS,https://www.windsorparknh.com
CMS,https://www.winfieldresthaven.com
CMS,https://www.wingfieldnursingandrehab.com
CMS,https://www.winnchc.org
CMS,https://www.winnfieldpt.com
CMS,https://www.winningwheels.com
CMS,https://www.winslowcampusofcare.com
CMS,https://www.winslowhousecarecenter.com
CMS,https://www.winterpediatrictherapy.com
CMS,https://www.wintershealth.org
CMS,https://www.winthrophealth.org
CMS,https://www.wisconsinillinoisseniorhousing.org
CMS,https://www.wisheklivingcenter.com
CMS,https://www.wjcs.com
CMS,https://www.wkprogressivecare.com
CMS,https://www.wlch.org
CMS,https://www.wmyhealth.org
CMS,https://www.wncchs.org
CMS,https://www.wolfeborobayhc.com
CMS,https://www.wolfecountyhrc.com
CMS,https://www.wolfelivingcenter.com
CMS,https://www.wolfespeechtherapy.com
CMS,https://www.wolverinehs.org
CMS,https://www.womenscarelakecumberland.com
CMS,https://www.womenscareobgyn.com
CMS,https://www.womenschoiceaward.com
CMS,https://www.womenshealthclinics.net
CMS,https://www.woodbriarseniorliving.com
CMS,https://www.woodbridgecarecenter.com
CMS,https://www.woodburnpediatric.com
CMS,https://www.woodburyhealthandrehab.com
CMS,https://www.woodcrestpostacuterehab.com
CMS,https://www.woodcrestrehabilitation.com
CMS,https://www.woodhavenhealthcare.com
CMS,https://www.woodlandcountrymanor.net
CMS,https://www.woodlandhills.info
CMS,https://www.woodlandshealth.net
CMS,https://www.woodlandsllc.com
CMS,https://www.woodlandsok.com
CMS,https://www.woodlawncarecenter.com
CMS,https://www.woodlawnhospital.us
CMS,https://www.woods-medical.com
CMS,https://www.woods.org
CMS,https://www.woodstocknursingandrehabilitation.com
CMS,https://www.woodwardsnt.com
CMS,https://www.wpinesnursing.com
CMS,https://www.wpnursing.com
CMS,https://www.wrpt.org
CMS,https://www.wsfpa.com
CMS,https://www.wshc.org
CMS,https://www.wshcd.org
CMS,https://www.wtfs.org
CMS,https://www.wurtlandnr.com
CMS,https://www.wvc.edu
CMS,https://www.wvmuncie.com
CMS,https://www.wvwc.edu
CMS,https://www.wwmanor.org
CMS,https://www.wycohealth.com
CMS,https://www.wyndridgehealthandrehab.com
CMS,https://www.wynfieldparkhealth.org
CMS,https://www.wythephysicianpractices.com
CMS,https://www.x-rayonwheels.com
CMS,https://www.xpressmobilexrayofohio.com
CMS,https://www.xpressray.com
CMS,https://www.xrayathome.com
CMS,https://www.xrays247.com
CMS,https://www.yakimachildrensvillage.org
CMS,https://www.yakutathealth.org
CMS,https://www.yavapaihealth.com
CMS,https://www.yazook12.org
CMS,https://www.ybgr.org
CMS,https://www.yborcityrehab.com
CMS,https://www.ycimaine.org
CMS,https://www.yeledshalompediatrics.com
CMS,https://www.yellowstoneriverhc.com
CMS,https://www.yelp.com
CMS,https://www.yorkhcwc.com
CMS,https://www.yorknorthnursingandrehab.com
CMS,https://www.yorksouthnursingandrehab.com
CMS,https://www.yourfhc.org
CMS,https://www.yourptc.com
CMS,https://www.yourtownhealth.com
CMS,https://www.youthfortomorrow.org
CMS,https://www.youthhome.org
CMS,https://www.youthlinkmn.org
CMS,https://www.youthranch.org
CMS,https://www.ypsirehab.com
CMS,https://www.yucaipahillspostacute.com
CMS,https://www.yukiookutsustateveteranshome.org
CMS,https://www.yukonok.gov
CMS,https://www.yumanursingcenter.com
CMS,https://www.yvfwc.com
CMS,https://www.ywcahartford.org
CMS,https://www.ywcastl.org
CMS,https://www.zacharymanornursingandrehab.com
CMS,https://www.zebulonparkhealth.org
CMS,https://www.zebulonrehab.com
CMS,https://www.zepfcenter.org
CMS,https://www.zerbesisters.com
CMS,https://www.zoominfo.com
CMS,https://www.zufallhealth.org
CMS,https://www2.osfhealthcare.org
CMS,https://wwwClintonTLC.com
CMS,https://wyhs.wcsrams.org
CMS,https://wylieer.com
CMS,https://wyndemerelcs.com
CMS,https://wyndmoorhillshc.com
CMS,https://wynwoodrehab.com
CMS,https://wyomingbh.com
CMS,https://wyomingps.org
CMS,https://wyomissing-health.com
CMS,https://wytheville.carringtonplaces.com
CMS,https://xeniarehab.com
CMS,https://xpresswellnessurgentcare.com
CMS,https://xraysondemand.com
CMS,https://yahwehmedical.com
CMS,https://yajf.org
CMS,https://yakimahousing.org
CMS,https://yanceyvillerehab.com
CMS,https://yardleyrehab.com
CMS,https://yccac.org
CMS,https://yellow-pages.us.com
CMS,https://yellowstonesurgerycenter.com
CMS,https://ynhs.org
CMS,https://yohsc.com
CMS,https://yonkersrehab.com
CMS,https://yorbalindabayshire.com
CMS,https://yorkhealthpa.com
CMS,https://yorkmanor.heartway.org
CMS,https://yorktownmanorhealthcare.com
CMS,https://yorktownrnc.com
CMS,https://yorkviewrehab.com
CMS,https://yorkvilledialysis.com
CMS,https://yourfamilymedicalclinic.com
CMS,https://yourpeaktherapy.com
CMS,https://youthopportunity.com
CMS,https://youthvillages.org
CMS,https://yubacitypostacute.com
CMS,https://yuccafamilymedicalcare.com
CMS,https://yumakidney.com
CMS,https://yumamobilexray.com
CMS,https://zahavhc.com
CMS,https://zarrowpointe.org
CMS,https://zearinghealthcarecenter.com
CMS,https://zhs.sfhs.org
CMS,https://zoomphysicaltherapy.com